[
  {
    "Date": "21-May-15",
    "Open": 130.07,
    "High": 131.63,
    "Low": 129.83,
    "Close": 131.39,
    "Volume": 39304636
  },
  {
    "Date": "20-May-15",
    "Open": 130,
    "High": 130.98,
    "Low": 129.34,
    "Close": 130.06,
    "Volume": 36454932
  },
  {
    "Date": "19-May-15",
    "Open": 130.69,
    "High": 130.88,
    "Low": 129.64,
    "Close": 130.07,
    "Volume": 44633240
  },
  {
    "Date": "18-May-15",
    "Open": 128.38,
    "High": 130.72,
    "Low": 128.36,
    "Close": 130.19,
    "Volume": 50882918
  },
  {
    "Date": "15-May-15",
    "Open": 129.07,
    "High": 129.49,
    "Low": 128.21,
    "Close": 128.77,
    "Volume": 38208034
  },
  {
    "Date": "14-May-15",
    "Open": 127.41,
    "High": 128.95,
    "Low": 127.16,
    "Close": 128.95,
    "Volume": 45203456
  },
  {
    "Date": "13-May-15",
    "Open": 126.15,
    "High": 127.19,
    "Low": 125.87,
    "Close": 126.01,
    "Volume": 34694235
  },
  {
    "Date": "12-May-15",
    "Open": 125.6,
    "High": 126.88,
    "Low": 124.82,
    "Close": 125.86,
    "Volume": 48160032
  },
  {
    "Date": "11-May-15",
    "Open": 127.39,
    "High": 127.56,
    "Low": 125.62,
    "Close": 126.32,
    "Volume": 42035757
  },
  {
    "Date": "8-May-15",
    "Open": 126.68,
    "High": 127.62,
    "Low": 126.11,
    "Close": 127.62,
    "Volume": 55550382
  },
  {
    "Date": "7-May-15",
    "Open": 124.77,
    "High": 126.08,
    "Low": 124.02,
    "Close": 125.26,
    "Volume": 43940895
  },
  {
    "Date": "6-May-15",
    "Open": 126.56,
    "High": 126.75,
    "Low": 123.36,
    "Close": 125.01,
    "Volume": 72141010
  },
  {
    "Date": "5-May-15",
    "Open": 128.15,
    "High": 128.45,
    "Low": 125.78,
    "Close": 125.8,
    "Volume": 49271416
  },
  {
    "Date": "4-May-15",
    "Open": 129.5,
    "High": 130.57,
    "Low": 128.26,
    "Close": 128.7,
    "Volume": 50988278
  },
  {
    "Date": "1-May-15",
    "Open": 126.1,
    "High": 130.13,
    "Low": 125.3,
    "Close": 128.95,
    "Volume": 58512638
  },
  {
    "Date": "30-Apr-15",
    "Open": 128.64,
    "High": 127.88,
    "Low": 124.58,
    "Close": 125.15,
    "Volume": 83195423
  },
  {
    "Date": "29-Apr-15",
    "Open": 130.16,
    "High": 131.59,
    "Low": 128.3,
    "Close": 128.64,
    "Volume": 63386083
  },
  {
    "Date": "28-Apr-15",
    "Open": 134.46,
    "High": 134.54,
    "Low": 129.57,
    "Close": 130.56,
    "Volume": 118923970
  },
  {
    "Date": "27-Apr-15",
    "Open": 132.31,
    "High": 133.13,
    "Low": 131.15,
    "Close": 132.65,
    "Volume": 96954207
  },
  {
    "Date": "24-Apr-15",
    "Open": 130.49,
    "High": 130.63,
    "Low": 129.23,
    "Close": 130.28,
    "Volume": 44525905
  },
  {
    "Date": "23-Apr-15",
    "Open": 128.3,
    "High": 130.42,
    "Low": 128.14,
    "Close": 129.67,
    "Volume": 45770902
  },
  {
    "Date": "22-Apr-15",
    "Open": 126.99,
    "High": 128.87,
    "Low": 126.32,
    "Close": 128.62,
    "Volume": 37654505
  },
  {
    "Date": "21-Apr-15",
    "Open": 128.1,
    "High": 128.2,
    "Low": 126.67,
    "Close": 126.91,
    "Volume": 32435057
  },
  {
    "Date": "20-Apr-15",
    "Open": 125.57,
    "High": 128.12,
    "Low": 125.17,
    "Close": 127.6,
    "Volume": 47054310
  },
  {
    "Date": "17-Apr-15",
    "Open": 125.55,
    "High": 126.14,
    "Low": 124.46,
    "Close": 124.75,
    "Volume": 51957046
  },
  {
    "Date": "16-Apr-15",
    "Open": 126.28,
    "High": 127.1,
    "Low": 126.11,
    "Close": 126.17,
    "Volume": 28368987
  },
  {
    "Date": "15-Apr-15",
    "Open": 126.41,
    "High": 127.13,
    "Low": 126.01,
    "Close": 126.78,
    "Volume": 28970419
  },
  {
    "Date": "14-Apr-15",
    "Open": 127,
    "High": 127.29,
    "Low": 125.91,
    "Close": 126.3,
    "Volume": 25524593
  },
  {
    "Date": "13-Apr-15",
    "Open": 128.37,
    "High": 128.57,
    "Low": 126.61,
    "Close": 126.85,
    "Volume": 36365123
  },
  {
    "Date": "10-Apr-15",
    "Open": 125.95,
    "High": 127.21,
    "Low": 125.26,
    "Close": 127.1,
    "Volume": 40187953
  },
  {
    "Date": "9-Apr-15",
    "Open": 125.85,
    "High": 126.58,
    "Low": 124.66,
    "Close": 126.56,
    "Volume": 32483974
  },
  {
    "Date": "8-Apr-15",
    "Open": 125.85,
    "High": 126.4,
    "Low": 124.97,
    "Close": 125.6,
    "Volume": 37329243
  },
  {
    "Date": "7-Apr-15",
    "Open": 127.64,
    "High": 128.12,
    "Low": 125.98,
    "Close": 126.01,
    "Volume": 35012268
  },
  {
    "Date": "6-Apr-15",
    "Open": 124.47,
    "High": 127.51,
    "Low": 124.33,
    "Close": 127.35,
    "Volume": 37193975
  },
  {
    "Date": "2-Apr-15",
    "Open": 125.03,
    "High": 125.56,
    "Low": 124.19,
    "Close": 125.32,
    "Volume": 32220131
  },
  {
    "Date": "1-Apr-15",
    "Open": 124.82,
    "High": 125.12,
    "Low": 123.1,
    "Close": 124.25,
    "Volume": 40621437
  },
  {
    "Date": "31-Mar-15",
    "Open": 126.09,
    "High": 126.49,
    "Low": 124.36,
    "Close": 124.43,
    "Volume": 42090553
  },
  {
    "Date": "30-Mar-15",
    "Open": 124.05,
    "High": 126.4,
    "Low": 124,
    "Close": 126.37,
    "Volume": 47099670
  },
  {
    "Date": "27-Mar-15",
    "Open": 124.57,
    "High": 124.7,
    "Low": 122.91,
    "Close": 123.25,
    "Volume": 39546151
  },
  {
    "Date": "26-Mar-15",
    "Open": 122.76,
    "High": 124.88,
    "Low": 122.6,
    "Close": 124.24,
    "Volume": 47572869
  },
  {
    "Date": "25-Mar-15",
    "Open": 126.54,
    "High": 126.82,
    "Low": 123.38,
    "Close": 123.38,
    "Volume": 51655177
  },
  {
    "Date": "24-Mar-15",
    "Open": 127.23,
    "High": 128.04,
    "Low": 126.56,
    "Close": 126.69,
    "Volume": 32842304
  },
  {
    "Date": "23-Mar-15",
    "Open": 127.12,
    "High": 127.85,
    "Low": 126.52,
    "Close": 127.21,
    "Volume": 37709674
  },
  {
    "Date": "20-Mar-15",
    "Open": 128.25,
    "High": 128.4,
    "Low": 125.16,
    "Close": 125.9,
    "Volume": 68695136
  },
  {
    "Date": "19-Mar-15",
    "Open": 128.75,
    "High": 129.25,
    "Low": 127.4,
    "Close": 127.5,
    "Volume": 45809490
  },
  {
    "Date": "18-Mar-15",
    "Open": 127,
    "High": 129.16,
    "Low": 126.37,
    "Close": 128.47,
    "Volume": 65270945
  },
  {
    "Date": "17-Mar-15",
    "Open": 125.9,
    "High": 127.32,
    "Low": 125.65,
    "Close": 127.04,
    "Volume": 51023104
  },
  {
    "Date": "16-Mar-15",
    "Open": 123.88,
    "High": 124.95,
    "Low": 122.87,
    "Close": 124.95,
    "Volume": 35874300
  },
  {
    "Date": "13-Mar-15",
    "Open": 124.4,
    "High": 125.4,
    "Low": 122.58,
    "Close": 123.59,
    "Volume": 51827283
  },
  {
    "Date": "12-Mar-15",
    "Open": 122.31,
    "High": 124.9,
    "Low": 121.63,
    "Close": 124.45,
    "Volume": 48362719
  },
  {
    "Date": "11-Mar-15",
    "Open": 124.75,
    "High": 124.77,
    "Low": 122.11,
    "Close": 122.24,
    "Volume": 68938974
  },
  {
    "Date": "10-Mar-15",
    "Open": 126.41,
    "High": 127.22,
    "Low": 123.8,
    "Close": 124.51,
    "Volume": 68856582
  },
  {
    "Date": "9-Mar-15",
    "Open": 127.96,
    "High": 129.57,
    "Low": 125.06,
    "Close": 127.14,
    "Volume": 88528487
  },
  {
    "Date": "6-Mar-15",
    "Open": 128.4,
    "High": 129.37,
    "Low": 126.26,
    "Close": 126.6,
    "Volume": 72842060
  },
  {
    "Date": "5-Mar-15",
    "Open": 128.58,
    "High": 128.75,
    "Low": 125.76,
    "Close": 126.41,
    "Volume": 56517146
  },
  {
    "Date": "4-Mar-15",
    "Open": 129.1,
    "High": 129.56,
    "Low": 128.32,
    "Close": 128.54,
    "Volume": 31666340
  },
  {
    "Date": "3-Mar-15",
    "Open": 128.96,
    "High": 129.52,
    "Low": 128.09,
    "Close": 129.36,
    "Volume": 37816283
  },
  {
    "Date": "2-Mar-15",
    "Open": 129.25,
    "High": 130.28,
    "Low": 128.3,
    "Close": 129.09,
    "Volume": 48096663
  },
  {
    "Date": "27-Feb-15",
    "Open": 130,
    "High": 130.57,
    "Low": 128.24,
    "Close": 128.46,
    "Volume": 62014847
  },
  {
    "Date": "26-Feb-15",
    "Open": 128.78,
    "High": 130.87,
    "Low": 126.61,
    "Close": 130.42,
    "Volume": 91287529
  },
  {
    "Date": "25-Feb-15",
    "Open": 131.56,
    "High": 131.6,
    "Low": 128.15,
    "Close": 128.79,
    "Volume": 74711746
  },
  {
    "Date": "24-Feb-15",
    "Open": 132.94,
    "High": 133.6,
    "Low": 131.17,
    "Close": 132.17,
    "Volume": 69228130
  },
  {
    "Date": "23-Feb-15",
    "Open": 130.02,
    "High": 133,
    "Low": 129.66,
    "Close": 133,
    "Volume": 70974110
  },
  {
    "Date": "20-Feb-15",
    "Open": 128.62,
    "High": 129.5,
    "Low": 128.05,
    "Close": 129.5,
    "Volume": 48948419
  },
  {
    "Date": "19-Feb-15",
    "Open": 128.48,
    "High": 129.03,
    "Low": 128.33,
    "Close": 128.45,
    "Volume": 37362381
  },
  {
    "Date": "18-Feb-15",
    "Open": 127.62,
    "High": 128.78,
    "Low": 127.45,
    "Close": 128.72,
    "Volume": 44891737
  },
  {
    "Date": "17-Feb-15",
    "Open": 127.49,
    "High": 128.88,
    "Low": 126.92,
    "Close": 127.83,
    "Volume": 63152405
  },
  {
    "Date": "13-Feb-15",
    "Open": 127.28,
    "High": 127.28,
    "Low": 125.65,
    "Close": 127.08,
    "Volume": 54272219
  },
  {
    "Date": "12-Feb-15",
    "Open": 126.06,
    "High": 127.48,
    "Low": 125.57,
    "Close": 126.46,
    "Volume": 74474466
  },
  {
    "Date": "11-Feb-15",
    "Open": 122.77,
    "High": 124.92,
    "Low": 122.5,
    "Close": 124.88,
    "Volume": 73561797
  },
  {
    "Date": "10-Feb-15",
    "Open": 120.17,
    "High": 122.15,
    "Low": 120.16,
    "Close": 122.02,
    "Volume": 62008506
  },
  {
    "Date": "9-Feb-15",
    "Open": 118.55,
    "High": 119.84,
    "Low": 118.43,
    "Close": 119.72,
    "Volume": 38889797
  },
  {
    "Date": "6-Feb-15",
    "Open": 120.02,
    "High": 120.25,
    "Low": 118.45,
    "Close": 118.93,
    "Volume": 43706567
  },
  {
    "Date": "5-Feb-15",
    "Open": 120.02,
    "High": 120.23,
    "Low": 119.25,
    "Close": 119.94,
    "Volume": 42246245
  },
  {
    "Date": "4-Feb-15",
    "Open": 118.5,
    "High": 120.51,
    "Low": 118.31,
    "Close": 119.56,
    "Volume": 70149743
  },
  {
    "Date": "3-Feb-15",
    "Open": 118.5,
    "High": 119.09,
    "Low": 117.61,
    "Close": 118.65,
    "Volume": 51915749
  },
  {
    "Date": "2-Feb-15",
    "Open": 118.05,
    "High": 119.17,
    "Low": 116.08,
    "Close": 118.63,
    "Volume": 62739100
  },
  {
    "Date": "30-Jan-15",
    "Open": 118.4,
    "High": 120,
    "Low": 116.85,
    "Close": 117.16,
    "Volume": 83745461
  },
  {
    "Date": "29-Jan-15",
    "Open": 116.32,
    "High": 119.19,
    "Low": 115.56,
    "Close": 118.9,
    "Volume": 84436432
  },
  {
    "Date": "28-Jan-15",
    "Open": 117.62,
    "High": 118.12,
    "Low": 115.31,
    "Close": 115.31,
    "Volume": 146477063
  },
  {
    "Date": "27-Jan-15",
    "Open": 112.42,
    "High": 112.48,
    "Low": 109.03,
    "Close": 109.14,
    "Volume": 95568749
  },
  {
    "Date": "26-Jan-15",
    "Open": 113.74,
    "High": 114.36,
    "Low": 112.8,
    "Close": 113.1,
    "Volume": 55614979
  },
  {
    "Date": "23-Jan-15",
    "Open": 112.3,
    "High": 113.75,
    "Low": 111.53,
    "Close": 112.98,
    "Volume": 46464828
  },
  {
    "Date": "22-Jan-15",
    "Open": 110.26,
    "High": 112.47,
    "Low": 109.72,
    "Close": 112.4,
    "Volume": 53796409
  },
  {
    "Date": "21-Jan-15",
    "Open": 108.95,
    "High": 111.06,
    "Low": 108.27,
    "Close": 109.55,
    "Volume": 48575897
  },
  {
    "Date": "20-Jan-15",
    "Open": 107.84,
    "High": 108.97,
    "Low": 106.5,
    "Close": 108.72,
    "Volume": 49899907
  },
  {
    "Date": "16-Jan-15",
    "Open": 107.03,
    "High": 107.58,
    "Low": 105.2,
    "Close": 105.99,
    "Volume": 78513
  }
]