[
  {
    "Date": "22-May-15",
    "Open": 131.6,
    "High": 132.97,
    "Low": 131.4,
    "Close": 132.54,
    "Volume": 45595972
  },
  {
    "Date": "21-May-15",
    "Open": 130.07,
    "High": 131.63,
    "Low": 129.83,
    "Close": 131.39,
    "Volume": 39730364
  },
  {
    "Date": "20-May-15",
    "Open": 130,
    "High": 130.98,
    "Low": 129.34,
    "Close": 130.06,
    "Volume": 36454932
  },
  {
    "Date": "19-May-15",
    "Open": 130.69,
    "High": 130.88,
    "Low": 129.64,
    "Close": 130.07,
    "Volume": 44633240
  },
  {
    "Date": "18-May-15",
    "Open": 128.38,
    "High": 130.72,
    "Low": 128.36,
    "Close": 130.19,
    "Volume": 50882918
  },
  {
    "Date": "15-May-15",
    "Open": 129.07,
    "High": 129.49,
    "Low": 128.21,
    "Close": 128.77,
    "Volume": 38208034
  },
  {
    "Date": "14-May-15",
    "Open": 127.41,
    "High": 128.95,
    "Low": 127.16,
    "Close": 128.95,
    "Volume": 45203456
  },
  {
    "Date": "13-May-15",
    "Open": 126.15,
    "High": 127.19,
    "Low": 125.87,
    "Close": 126.01,
    "Volume": 34694235
  },
  {
    "Date": "12-May-15",
    "Open": 125.6,
    "High": 126.88,
    "Low": 124.82,
    "Close": 125.86,
    "Volume": 48160032
  },
  {
    "Date": "11-May-15",
    "Open": 127.39,
    "High": 127.56,
    "Low": 125.62,
    "Close": 126.32,
    "Volume": 42035757
  },
  {
    "Date": "8-May-15",
    "Open": 126.68,
    "High": 127.62,
    "Low": 126.11,
    "Close": 127.62,
    "Volume": 55550382
  },
  {
    "Date": "7-May-15",
    "Open": 124.77,
    "High": 126.08,
    "Low": 124.02,
    "Close": 125.26,
    "Volume": 43940895
  },
  {
    "Date": "6-May-15",
    "Open": 126.56,
    "High": 126.75,
    "Low": 123.36,
    "Close": 125.01,
    "Volume": 72141010
  },
  {
    "Date": "5-May-15",
    "Open": 128.15,
    "High": 128.45,
    "Low": 125.78,
    "Close": 125.8,
    "Volume": 49271416
  },
  {
    "Date": "4-May-15",
    "Open": 129.5,
    "High": 130.57,
    "Low": 128.26,
    "Close": 128.7,
    "Volume": 50988278
  },
  {
    "Date": "1-May-15",
    "Open": 126.1,
    "High": 130.13,
    "Low": 125.3,
    "Close": 128.95,
    "Volume": 58512638
  },
  {
    "Date": "30-Apr-15",
    "Open": 128.64,
    "High": 127.88,
    "Low": 124.58,
    "Close": 125.15,
    "Volume": 83195423
  },
  {
    "Date": "29-Apr-15",
    "Open": 130.16,
    "High": 131.59,
    "Low": 128.3,
    "Close": 128.64,
    "Volume": 63386083
  },
  {
    "Date": "28-Apr-15",
    "Open": 134.46,
    "High": 134.54,
    "Low": 129.57,
    "Close": 130.56,
    "Volume": 118923970
  },
  {
    "Date": "27-Apr-15",
    "Open": 132.31,
    "High": 133.13,
    "Low": 131.15,
    "Close": 132.65,
    "Volume": 96954207
  },
  {
    "Date": "24-Apr-15",
    "Open": 130.49,
    "High": 130.63,
    "Low": 129.23,
    "Close": 130.28,
    "Volume": 44525905
  },
  {
    "Date": "23-Apr-15",
    "Open": 128.3,
    "High": 130.42,
    "Low": 128.14,
    "Close": 129.67,
    "Volume": 45770902
  },
  {
    "Date": "22-Apr-15",
    "Open": 126.99,
    "High": 128.87,
    "Low": 126.32,
    "Close": 128.62,
    "Volume": 37654505
  },
  {
    "Date": "21-Apr-15",
    "Open": 128.1,
    "High": 128.2,
    "Low": 126.67,
    "Close": 126.91,
    "Volume": 32435057
  },
  {
    "Date": "20-Apr-15",
    "Open": 125.57,
    "High": 128.12,
    "Low": 125.17,
    "Close": 127.6,
    "Volume": 47054310
  },
  {
    "Date": "17-Apr-15",
    "Open": 125.55,
    "High": 126.14,
    "Low": 124.46,
    "Close": 124.75,
    "Volume": 51957046
  },
  {
    "Date": "16-Apr-15",
    "Open": 126.28,
    "High": 127.1,
    "Low": 126.11,
    "Close": 126.17,
    "Volume": 28368987
  },
  {
    "Date": "15-Apr-15",
    "Open": 126.41,
    "High": 127.13,
    "Low": 126.01,
    "Close": 126.78,
    "Volume": 28970419
  },
  {
    "Date": "14-Apr-15",
    "Open": 127,
    "High": 127.29,
    "Low": 125.91,
    "Close": 126.3,
    "Volume": 25524593
  },
  {
    "Date": "13-Apr-15",
    "Open": 128.37,
    "High": 128.57,
    "Low": 126.61,
    "Close": 126.85,
    "Volume": 36365123
  },
  {
    "Date": "10-Apr-15",
    "Open": 125.95,
    "High": 127.21,
    "Low": 125.26,
    "Close": 127.1,
    "Volume": 40187953
  },
  {
    "Date": "9-Apr-15",
    "Open": 125.85,
    "High": 126.58,
    "Low": 124.66,
    "Close": 126.56,
    "Volume": 32483974
  },
  {
    "Date": "8-Apr-15",
    "Open": 125.85,
    "High": 126.4,
    "Low": 124.97,
    "Close": 125.6,
    "Volume": 37329243
  },
  {
    "Date": "7-Apr-15",
    "Open": 127.64,
    "High": 128.12,
    "Low": 125.98,
    "Close": 126.01,
    "Volume": 35012268
  },
  {
    "Date": "6-Apr-15",
    "Open": 124.47,
    "High": 127.51,
    "Low": 124.33,
    "Close": 127.35,
    "Volume": 37193975
  },
  {
    "Date": "2-Apr-15",
    "Open": 125.03,
    "High": 125.56,
    "Low": 124.19,
    "Close": 125.32,
    "Volume": 32220131
  },
  {
    "Date": "1-Apr-15",
    "Open": 124.82,
    "High": 125.12,
    "Low": 123.1,
    "Close": 124.25,
    "Volume": 40621437
  },
  {
    "Date": "31-Mar-15",
    "Open": 126.09,
    "High": 126.49,
    "Low": 124.36,
    "Close": 124.43,
    "Volume": 42090553
  },
  {
    "Date": "30-Mar-15",
    "Open": 124.05,
    "High": 126.4,
    "Low": 124,
    "Close": 126.37,
    "Volume": 47099670
  },
  {
    "Date": "27-Mar-15",
    "Open": 124.57,
    "High": 124.7,
    "Low": 122.91,
    "Close": 123.25,
    "Volume": 39546151
  },
  {
    "Date": "26-Mar-15",
    "Open": 122.76,
    "High": 124.88,
    "Low": 122.6,
    "Close": 124.24,
    "Volume": 47572869
  },
  {
    "Date": "25-Mar-15",
    "Open": 126.54,
    "High": 126.82,
    "Low": 123.38,
    "Close": 123.38,
    "Volume": 51655177
  },
  {
    "Date": "24-Mar-15",
    "Open": 127.23,
    "High": 128.04,
    "Low": 126.56,
    "Close": 126.69,
    "Volume": 32842304
  },
  {
    "Date": "23-Mar-15",
    "Open": 127.12,
    "High": 127.85,
    "Low": 126.52,
    "Close": 127.21,
    "Volume": 37709674
  },
  {
    "Date": "20-Mar-15",
    "Open": 128.25,
    "High": 128.4,
    "Low": 125.16,
    "Close": 125.9,
    "Volume": 68695136
  },
  {
    "Date": "19-Mar-15",
    "Open": 128.75,
    "High": 129.25,
    "Low": 127.4,
    "Close": 127.5,
    "Volume": 45809490
  },
  {
    "Date": "18-Mar-15",
    "Open": 127,
    "High": 129.16,
    "Low": 126.37,
    "Close": 128.47,
    "Volume": 65270945
  },
  {
    "Date": "17-Mar-15",
    "Open": 125.9,
    "High": 127.32,
    "Low": 125.65,
    "Close": 127.04,
    "Volume": 51023104
  },
  {
    "Date": "16-Mar-15",
    "Open": 123.88,
    "High": 124.95,
    "Low": 122.87,
    "Close": 124.95,
    "Volume": 35874300
  },
  {
    "Date": "13-Mar-15",
    "Open": 124.4,
    "High": 125.4,
    "Low": 122.58,
    "Close": 123.59,
    "Volume": 51827283
  },
  {
    "Date": "12-Mar-15",
    "Open": 122.31,
    "High": 124.9,
    "Low": 121.63,
    "Close": 124.45,
    "Volume": 48362719
  },
  {
    "Date": "11-Mar-15",
    "Open": 124.75,
    "High": 124.77,
    "Low": 122.11,
    "Close": 122.24,
    "Volume": 68938974
  },
  {
    "Date": "10-Mar-15",
    "Open": 126.41,
    "High": 127.22,
    "Low": 123.8,
    "Close": 124.51,
    "Volume": 68856582
  },
  {
    "Date": "9-Mar-15",
    "Open": 127.96,
    "High": 129.57,
    "Low": 125.06,
    "Close": 127.14,
    "Volume": 88528487
  },
  {
    "Date": "6-Mar-15",
    "Open": 128.4,
    "High": 129.37,
    "Low": 126.26,
    "Close": 126.6,
    "Volume": 72842060
  },
  {
    "Date": "5-Mar-15",
    "Open": 128.58,
    "High": 128.75,
    "Low": 125.76,
    "Close": 126.41,
    "Volume": 56517146
  },
  {
    "Date": "4-Mar-15",
    "Open": 129.1,
    "High": 129.56,
    "Low": 128.32,
    "Close": 128.54,
    "Volume": 31666340
  },
  {
    "Date": "3-Mar-15",
    "Open": 128.96,
    "High": 129.52,
    "Low": 128.09,
    "Close": 129.36,
    "Volume": 37816283
  },
  {
    "Date": "2-Mar-15",
    "Open": 129.25,
    "High": 130.28,
    "Low": 128.3,
    "Close": 129.09,
    "Volume": 48096663
  },
  {
    "Date": "27-Feb-15",
    "Open": 130,
    "High": 130.57,
    "Low": 128.24,
    "Close": 128.46,
    "Volume": 62014847
  },
  {
    "Date": "26-Feb-15",
    "Open": 128.78,
    "High": 130.87,
    "Low": 126.61,
    "Close": 130.42,
    "Volume": 91287529
  },
  {
    "Date": "25-Feb-15",
    "Open": 131.56,
    "High": 131.6,
    "Low": 128.15,
    "Close": 128.79,
    "Volume": 74711746
  },
  {
    "Date": "24-Feb-15",
    "Open": 132.94,
    "High": 133.6,
    "Low": 131.17,
    "Close": 132.17,
    "Volume": 69228130
  },
  {
    "Date": "23-Feb-15",
    "Open": 130.02,
    "High": 133,
    "Low": 129.66,
    "Close": 133,
    "Volume": 70974110
  },
  {
    "Date": "20-Feb-15",
    "Open": 128.62,
    "High": 129.5,
    "Low": 128.05,
    "Close": 129.5,
    "Volume": 48948419
  },
  {
    "Date": "19-Feb-15",
    "Open": 128.48,
    "High": 129.03,
    "Low": 128.33,
    "Close": 128.45,
    "Volume": 37362381
  },
  {
    "Date": "18-Feb-15",
    "Open": 127.62,
    "High": 128.78,
    "Low": 127.45,
    "Close": 128.72,
    "Volume": 44891737
  },
  {
    "Date": "17-Feb-15",
    "Open": 127.49,
    "High": 128.88,
    "Low": 126.92,
    "Close": 127.83,
    "Volume": 63152405
  },
  {
    "Date": "13-Feb-15",
    "Open": 127.28,
    "High": 127.28,
    "Low": 125.65,
    "Close": 127.08,
    "Volume": 54272219
  },
  {
    "Date": "12-Feb-15",
    "Open": 126.06,
    "High": 127.48,
    "Low": 125.57,
    "Close": 126.46,
    "Volume": 74474466
  },
  {
    "Date": "11-Feb-15",
    "Open": 122.77,
    "High": 124.92,
    "Low": 122.5,
    "Close": 124.88,
    "Volume": 73561797
  },
  {
    "Date": "10-Feb-15",
    "Open": 120.17,
    "High": 122.15,
    "Low": 120.16,
    "Close": 122.02,
    "Volume": 62008506
  },
  {
    "Date": "9-Feb-15",
    "Open": 118.55,
    "High": 119.84,
    "Low": 118.43,
    "Close": 119.72,
    "Volume": 38889797
  },
  {
    "Date": "6-Feb-15",
    "Open": 120.02,
    "High": 120.25,
    "Low": 118.45,
    "Close": 118.93,
    "Volume": 43706567
  },
  {
    "Date": "5-Feb-15",
    "Open": 120.02,
    "High": 120.23,
    "Low": 119.25,
    "Close": 119.94,
    "Volume": 42246245
  },
  {
    "Date": "4-Feb-15",
    "Open": 118.5,
    "High": 120.51,
    "Low": 118.31,
    "Close": 119.56,
    "Volume": 70149743
  },
  {
    "Date": "3-Feb-15",
    "Open": 118.5,
    "High": 119.09,
    "Low": 117.61,
    "Close": 118.65,
    "Volume": 51915749
  },
  {
    "Date": "2-Feb-15",
    "Open": 118.05,
    "High": 119.17,
    "Low": 116.08,
    "Close": 118.63,
    "Volume": 62739100
  },
  {
    "Date": "30-Jan-15",
    "Open": 118.4,
    "High": 120,
    "Low": 116.85,
    "Close": 117.16,
    "Volume": 83745461
  },
  {
    "Date": "29-Jan-15",
    "Open": 116.32,
    "High": 119.19,
    "Low": 115.56,
    "Close": 118.9,
    "Volume": 84436432
  },
  {
    "Date": "28-Jan-15",
    "Open": 117.62,
    "High": 118.12,
    "Low": 115.31,
    "Close": 115.31,
    "Volume": 146477063
  },
  {
    "Date": "27-Jan-15",
    "Open": 112.42,
    "High": 112.48,
    "Low": 109.03,
    "Close": 109.14,
    "Volume": 95568749
  },
  {
    "Date": "26-Jan-15",
    "Open": 113.74,
    "High": 114.36,
    "Low": 112.8,
    "Close": 113.1,
    "Volume": 55614979
  },
  {
    "Date": "23-Jan-15",
    "Open": 112.3,
    "High": 113.75,
    "Low": 111.53,
    "Close": 112.98,
    "Volume": 46464828
  },
  {
    "Date": "22-Jan-15",
    "Open": 110.26,
    "High": 112.47,
    "Low": 109.72,
    "Close": 112.4,
    "Volume": 53796409
  },
  {
    "Date": "21-Jan-15",
    "Open": 108.95,
    "High": 111.06,
    "Low": 108.27,
    "Close": 109.55,
    "Volume": 48575897
  },
  {
    "Date": "20-Jan-15",
    "Open": 107.84,
    "High": 108.97,
    "Low": 106.5,
    "Close": 108.72,
    "Volume": 49899907
  },
  {
    "Date": "16-Jan-15",
    "Open": 107.03,
    "High": 107.58,
    "Low": 105.2,
    "Close": 105.99,
    "Volume": 78513345
  },
  {
    "Date": "15-Jan-15",
    "Open": 110,
    "High": 110.06,
    "Low": 106.66,
    "Close": 106.82,
    "Volume": 60013996
  },
  {
    "Date": "14-Jan-15",
    "Open": 109.04,
    "High": 110.49,
    "Low": 108.5,
    "Close": 109.8,
    "Volume": 48956588
  },
  {
    "Date": "13-Jan-15",
    "Open": 111.43,
    "High": 112.8,
    "Low": 108.91,
    "Close": 110.22,
    "Volume": 67091928
  },
  {
    "Date": "12-Jan-15",
    "Open": 112.6,
    "High": 112.63,
    "Low": 108.8,
    "Close": 109.25,
    "Volume": 49650790
  },
  {
    "Date": "9-Jan-15",
    "Open": 112.67,
    "High": 113.25,
    "Low": 110.21,
    "Close": 112.01,
    "Volume": 53699527
  },
  {
    "Date": "8-Jan-15",
    "Open": 109.23,
    "High": 112.15,
    "Low": 108.7,
    "Close": 111.89,
    "Volume": 59364547
  },
  {
    "Date": "7-Jan-15",
    "Open": 107.2,
    "High": 108.2,
    "Low": 106.7,
    "Close": 107.75,
    "Volume": 40105934
  },
  {
    "Date": "6-Jan-15",
    "Open": 106.54,
    "High": 107.43,
    "Low": 104.63,
    "Close": 106.26,
    "Volume": 65797116
  },
  {
    "Date": "5-Jan-15",
    "Open": 108.29,
    "High": 108.65,
    "Low": 105.41,
    "Close": 106.25,
    "Volume": 64285491
  },
  {
    "Date": "2-Jan-15",
    "Open": 111.39,
    "High": 111.44,
    "Low": 107.35,
    "Close": 109.33,
    "Volume": 53204626
  },
  {
    "Date": "31-Dec-14",
    "Open": 112.82,
    "High": 113.13,
    "Low": 110.21,
    "Close": 110.38,
    "Volume": 41403351
  },
  {
    "Date": "30-Dec-14",
    "Open": 113.64,
    "High": 113.92,
    "Low": 112.11,
    "Close": 112.52,
    "Volume": 29881477
  },
  {
    "Date": "29-Dec-14",
    "Open": 113.79,
    "High": 114.77,
    "Low": 113.7,
    "Close": 113.91,
    "Volume": 27598920
  },
  {
    "Date": "26-Dec-14",
    "Open": 112.1,
    "High": 114.52,
    "Low": 112.01,
    "Close": 113.99,
    "Volume": 33720951
  },
  {
    "Date": "24-Dec-14",
    "Open": 112.58,
    "High": 112.71,
    "Low": 112.01,
    "Close": 112.01,
    "Volume": 14479611
  },
  {
    "Date": "23-Dec-14",
    "Open": 113.23,
    "High": 113.33,
    "Low": 112.46,
    "Close": 112.54,
    "Volume": 26028419
  },
  {
    "Date": "22-Dec-14",
    "Open": 112.16,
    "High": 113.49,
    "Low": 111.97,
    "Close": 112.94,
    "Volume": 45167549
  },
  {
    "Date": "19-Dec-14",
    "Open": 112.26,
    "High": 113.24,
    "Low": 111.66,
    "Close": 111.78,
    "Volume": 88429770
  },
  {
    "Date": "18-Dec-14",
    "Open": 111.87,
    "High": 112.65,
    "Low": 110.66,
    "Close": 112.65,
    "Volume": 59006218
  },
  {
    "Date": "17-Dec-14",
    "Open": 107.12,
    "High": 109.84,
    "Low": 106.82,
    "Close": 109.41,
    "Volume": 53411773
  },
  {
    "Date": "16-Dec-14",
    "Open": 106.37,
    "High": 110.16,
    "Low": 106.26,
    "Close": 106.74,
    "Volume": 60790733
  },
  {
    "Date": "15-Dec-14",
    "Open": 110.7,
    "High": 111.6,
    "Low": 106.35,
    "Close": 108.22,
    "Volume": 67218082
  },
  {
    "Date": "12-Dec-14",
    "Open": 110.46,
    "High": 111.87,
    "Low": 109.58,
    "Close": 109.73,
    "Volume": 56028138
  },
  {
    "Date": "11-Dec-14",
    "Open": 112.26,
    "High": 113.8,
    "Low": 111.34,
    "Close": 111.62,
    "Volume": 41471578
  },
  {
    "Date": "10-Dec-14",
    "Open": 114.41,
    "High": 114.85,
    "Low": 111.54,
    "Close": 111.95,
    "Volume": 44565318
  },
  {
    "Date": "9-Dec-14",
    "Open": 110.19,
    "High": 114.3,
    "Low": 109.35,
    "Close": 114.12,
    "Volume": 60208036
  },
  {
    "Date": "8-Dec-14",
    "Open": 114.1,
    "High": 114.65,
    "Low": 111.62,
    "Close": 112.4,
    "Volume": 57664850
  },
  {
    "Date": "5-Dec-14",
    "Open": 115.99,
    "High": 116.08,
    "Low": 114.64,
    "Close": 115,
    "Volume": 38318895
  },
  {
    "Date": "4-Dec-14",
    "Open": 115.77,
    "High": 117.2,
    "Low": 115.29,
    "Close": 115.49,
    "Volume": 42155776
  },
  {
    "Date": "3-Dec-14",
    "Open": 115.75,
    "High": 116.35,
    "Low": 115.11,
    "Close": 115.93,
    "Volume": 43063440
  },
  {
    "Date": "2-Dec-14",
    "Open": 113.5,
    "High": 115.75,
    "Low": 112.75,
    "Close": 114.63,
    "Volume": 59348940
  },
  {
    "Date": "1-Dec-14",
    "Open": 118.81,
    "High": 119.25,
    "Low": 111.27,
    "Close": 115.07,
    "Volume": 83814037
  },
  {
    "Date": "28-Nov-14",
    "Open": 119.27,
    "High": 119.4,
    "Low": 118.05,
    "Close": 118.93,
    "Volume": 24814402
  },
  {
    "Date": "26-Nov-14",
    "Open": 117.94,
    "High": 119.1,
    "Low": 117.83,
    "Close": 119,
    "Volume": 40831886
  },
  {
    "Date": "25-Nov-14",
    "Open": 119.07,
    "High": 119.75,
    "Low": 117.45,
    "Close": 117.6,
    "Volume": 68840440
  },
  {
    "Date": "24-Nov-14",
    "Open": 116.85,
    "High": 118.77,
    "Low": 116.62,
    "Close": 118.62,
    "Volume": 47450824
  },
  {
    "Date": "21-Nov-14",
    "Open": 117.51,
    "High": 117.57,
    "Low": 116.03,
    "Close": 116.47,
    "Volume": 57179298
  },
  {
    "Date": "20-Nov-14",
    "Open": 114.91,
    "High": 116.86,
    "Low": 114.85,
    "Close": 116.31,
    "Volume": 43395537
  },
  {
    "Date": "19-Nov-14",
    "Open": 115.44,
    "High": 115.74,
    "Low": 113.8,
    "Close": 114.67,
    "Volume": 41869160
  },
  {
    "Date": "18-Nov-14",
    "Open": 113.94,
    "High": 115.69,
    "Low": 113.89,
    "Close": 115.47,
    "Volume": 44223978
  },
  {
    "Date": "17-Nov-14",
    "Open": 114.27,
    "High": 117.28,
    "Low": 113.3,
    "Close": 113.99,
    "Volume": 46746712
  },
  {
    "Date": "14-Nov-14",
    "Open": 113.15,
    "High": 114.19,
    "Low": 113.05,
    "Close": 114.18,
    "Volume": 44063595
  },
  {
    "Date": "13-Nov-14",
    "Open": 111.8,
    "High": 113.45,
    "Low": 111.6,
    "Close": 112.82,
    "Volume": 59522855
  },
  {
    "Date": "12-Nov-14",
    "Open": 109.38,
    "High": 111.43,
    "Low": 109.37,
    "Close": 111.25,
    "Volume": 46942431
  },
  {
    "Date": "11-Nov-14",
    "Open": 108.7,
    "High": 109.75,
    "Low": 108.4,
    "Close": 109.7,
    "Volume": 27442252
  },
  {
    "Date": "10-Nov-14",
    "Open": 109.02,
    "High": 109.33,
    "Low": 108.67,
    "Close": 108.83,
    "Volume": 27195547
  },
  {
    "Date": "7-Nov-14",
    "Open": 108.75,
    "High": 109.32,
    "Low": 108.55,
    "Close": 109.01,
    "Volume": 33691535
  },
  {
    "Date": "6-Nov-14",
    "Open": 108.6,
    "High": 108.79,
    "Low": 107.8,
    "Close": 108.7,
    "Volume": 34968457
  },
  {
    "Date": "5-Nov-14",
    "Open": 109.1,
    "High": 109.3,
    "Low": 108.12,
    "Close": 108.86,
    "Volume": 37435905
  },
  {
    "Date": "4-Nov-14",
    "Open": 109.36,
    "High": 109.49,
    "Low": 107.72,
    "Close": 108.6,
    "Volume": 41574365
  },
  {
    "Date": "3-Nov-14",
    "Open": 108.22,
    "High": 110.3,
    "Low": 108.01,
    "Close": 109.4,
    "Volume": 52282550
  },
  {
    "Date": "31-Oct-14",
    "Open": 108.01,
    "High": 108.04,
    "Low": 107.21,
    "Close": 108,
    "Volume": 44639285
  },
  {
    "Date": "30-Oct-14",
    "Open": 106.96,
    "High": 107.35,
    "Low": 105.9,
    "Close": 106.98,
    "Volume": 40654793
  },
  {
    "Date": "29-Oct-14",
    "Open": 106.65,
    "High": 107.37,
    "Low": 106.36,
    "Close": 107.34,
    "Volume": 52687879
  },
  {
    "Date": "28-Oct-14",
    "Open": 105.4,
    "High": 106.74,
    "Low": 105.35,
    "Close": 106.74,
    "Volume": 48060949
  },
  {
    "Date": "27-Oct-14",
    "Open": 104.85,
    "High": 105.48,
    "Low": 104.7,
    "Close": 105.11,
    "Volume": 34187701
  },
  {
    "Date": "24-Oct-14",
    "Open": 105.18,
    "High": 105.49,
    "Low": 104.53,
    "Close": 105.22,
    "Volume": 47053916
  },
  {
    "Date": "23-Oct-14",
    "Open": 104.08,
    "High": 105.05,
    "Low": 103.63,
    "Close": 104.83,
    "Volume": 71074674
  },
  {
    "Date": "22-Oct-14",
    "Open": 102.84,
    "High": 104.11,
    "Low": 102.6,
    "Close": 102.99,
    "Volume": 68263146
  },
  {
    "Date": "21-Oct-14",
    "Open": 103.02,
    "High": 103.02,
    "Low": 101.27,
    "Close": 102.47,
    "Volume": 94623904
  },
  {
    "Date": "20-Oct-14",
    "Open": 98.32,
    "High": 99.96,
    "Low": 98.22,
    "Close": 99.76,
    "Volume": 77517279
  },
  {
    "Date": "17-Oct-14",
    "Open": 97.5,
    "High": 99,
    "Low": 96.81,
    "Close": 97.67,
    "Volume": 68179688
  },
  {
    "Date": "16-Oct-14",
    "Open": 95.55,
    "High": 97.72,
    "Low": 95.41,
    "Close": 96.26,
    "Volume": 72154523
  },
  {
    "Date": "15-Oct-14",
    "Open": 97.97,
    "High": 99.15,
    "Low": 95.18,
    "Close": 97.54,
    "Volume": 100933600
  },
  {
    "Date": "14-Oct-14",
    "Open": 100.39,
    "High": 100.52,
    "Low": 98.57,
    "Close": 98.75,
    "Volume": 63688562
  },
  {
    "Date": "13-Oct-14",
    "Open": 101.33,
    "High": 101.78,
    "Low": 99.81,
    "Close": 99.81,
    "Volume": 53583368
  },
  {
    "Date": "10-Oct-14",
    "Open": 100.69,
    "High": 102.03,
    "Low": 100.3,
    "Close": 100.73,
    "Volume": 66331592
  },
  {
    "Date": "9-Oct-14",
    "Open": 101.54,
    "High": 102.38,
    "Low": 100.61,
    "Close": 101.02,
    "Volume": 77376525
  },
  {
    "Date": "8-Oct-14",
    "Open": 98.76,
    "High": 101.11,
    "Low": 98.31,
    "Close": 100.8,
    "Volume": 57404674
  },
  {
    "Date": "7-Oct-14",
    "Open": 99.43,
    "High": 100.12,
    "Low": 98.73,
    "Close": 98.75,
    "Volume": 42094183
  },
  {
    "Date": "6-Oct-14",
    "Open": 99.95,
    "High": 100.65,
    "Low": 99.42,
    "Close": 99.62,
    "Volume": 37051182
  },
  {
    "Date": "3-Oct-14",
    "Open": 99.44,
    "High": 100.21,
    "Low": 99.04,
    "Close": 99.62,
    "Volume": 43469585
  },
  {
    "Date": "2-Oct-14",
    "Open": 99.27,
    "High": 100.22,
    "Low": 98.04,
    "Close": 99.9,
    "Volume": 47757828
  },
  {
    "Date": "1-Oct-14",
    "Open": 100.59,
    "High": 100.69,
    "Low": 98.7,
    "Close": 99.18,
    "Volume": 51491286
  },
  {
    "Date": "30-Sep-14",
    "Open": 100.81,
    "High": 101.54,
    "Low": 100.53,
    "Close": 100.75,
    "Volume": 55264139
  },
  {
    "Date": "29-Sep-14",
    "Open": 98.65,
    "High": 100.44,
    "Low": 98.63,
    "Close": 100.11,
    "Volume": 49766312
  },
  {
    "Date": "26-Sep-14",
    "Open": 98.53,
    "High": 100.75,
    "Low": 98.4,
    "Close": 100.75,
    "Volume": 62370501
  },
  {
    "Date": "25-Sep-14",
    "Open": 100.51,
    "High": 100.71,
    "Low": 97.72,
    "Close": 97.87,
    "Volume": 100091990
  },
  {
    "Date": "24-Sep-14",
    "Open": 102.16,
    "High": 102.85,
    "Low": 101.2,
    "Close": 101.75,
    "Volume": 60171828
  },
  {
    "Date": "23-Sep-14",
    "Open": 100.6,
    "High": 102.94,
    "Low": 100.54,
    "Close": 102.64,
    "Volume": 63402196
  },
  {
    "Date": "22-Sep-14",
    "Open": 101.8,
    "High": 102.14,
    "Low": 100.58,
    "Close": 101.06,
    "Volume": 52788426
  },
  {
    "Date": "19-Sep-14",
    "Open": 102.29,
    "High": 102.35,
    "Low": 100.88,
    "Close": 100.96,
    "Volume": 70902406
  },
  {
    "Date": "18-Sep-14",
    "Open": 101.93,
    "High": 102.35,
    "Low": 101.56,
    "Close": 101.79,
    "Volume": 37299435
  },
  {
    "Date": "17-Sep-14",
    "Open": 101.27,
    "High": 101.8,
    "Low": 100.59,
    "Close": 101.58,
    "Volume": 60926498
  },
  {
    "Date": "16-Sep-14",
    "Open": 99.8,
    "High": 101.26,
    "Low": 98.89,
    "Close": 100.86,
    "Volume": 66908133
  },
  {
    "Date": "15-Sep-14",
    "Open": 102.81,
    "High": 103.05,
    "Low": 101.44,
    "Close": 101.63,
    "Volume": 61316516
  },
  {
    "Date": "12-Sep-14",
    "Open": 101.21,
    "High": 102.19,
    "Low": 101.08,
    "Close": 101.66,
    "Volume": 64096903
  },
  {
    "Date": "11-Sep-14",
    "Open": 100.41,
    "High": 101.44,
    "Low": 99.62,
    "Close": 101.43,
    "Volume": 62399743
  },
  {
    "Date": "10-Sep-14",
    "Open": 98.01,
    "High": 101.11,
    "Low": 97.76,
    "Close": 101,
    "Volume": 100869587
  },
  {
    "Date": "9-Sep-14",
    "Open": 99.08,
    "High": 103.08,
    "Low": 96.14,
    "Close": 97.99,
    "Volume": 189846255
  },
  {
    "Date": "8-Sep-14",
    "Open": 99.3,
    "High": 99.31,
    "Low": 98.05,
    "Close": 98.36,
    "Volume": 46356742
  },
  {
    "Date": "5-Sep-14",
    "Open": 98.8,
    "High": 99.39,
    "Low": 98.31,
    "Close": 98.97,
    "Volume": 58457035
  },
  {
    "Date": "4-Sep-14",
    "Open": 98.85,
    "High": 100.09,
    "Low": 97.79,
    "Close": 98.12,
    "Volume": 85718221
  },
  {
    "Date": "3-Sep-14",
    "Open": 103.1,
    "High": 103.2,
    "Low": 98.58,
    "Close": 98.94,
    "Volume": 125420521
  },
  {
    "Date": "2-Sep-14",
    "Open": 103.06,
    "High": 103.74,
    "Low": 102.72,
    "Close": 103.3,
    "Volume": 53564262
  },
  {
    "Date": "29-Aug-14",
    "Open": 102.86,
    "High": 102.9,
    "Low": 102.2,
    "Close": 102.5,
    "Volume": 44595247
  },
  {
    "Date": "28-Aug-14",
    "Open": 102.13,
    "High": 102.78,
    "Low": 101.56,
    "Close": 102.25,
    "Volume": 68459801
  },
  {
    "Date": "27-Aug-14",
    "Open": 101.02,
    "High": 102.57,
    "Low": 100.7,
    "Close": 102.13,
    "Volume": 52369011
  },
  {
    "Date": "26-Aug-14",
    "Open": 101.42,
    "High": 101.5,
    "Low": 100.86,
    "Close": 100.89,
    "Volume": 33151984
  },
  {
    "Date": "25-Aug-14",
    "Open": 101.79,
    "High": 102.17,
    "Low": 101.28,
    "Close": 101.54,
    "Volume": 40270173
  },
  {
    "Date": "22-Aug-14",
    "Open": 100.29,
    "High": 101.47,
    "Low": 100.19,
    "Close": 101.32,
    "Volume": 44183834
  },
  {
    "Date": "21-Aug-14",
    "Open": 100.57,
    "High": 100.94,
    "Low": 100.11,
    "Close": 100.58,
    "Volume": 33478198
  },
  {
    "Date": "20-Aug-14",
    "Open": 100.44,
    "High": 101.09,
    "Low": 99.95,
    "Close": 100.57,
    "Volume": 52699192
  },
  {
    "Date": "19-Aug-14",
    "Open": 99.41,
    "High": 100.68,
    "Low": 99.32,
    "Close": 100.53,
    "Volume": 69399270
  },
  {
    "Date": "18-Aug-14",
    "Open": 98.49,
    "High": 99.37,
    "Low": 97.98,
    "Close": 99.16,
    "Volume": 47572413
  },
  {
    "Date": "15-Aug-14",
    "Open": 97.9,
    "High": 98.19,
    "Low": 96.86,
    "Close": 97.98,
    "Volume": 48951331
  },
  {
    "Date": "14-Aug-14",
    "Open": 97.33,
    "High": 97.57,
    "Low": 96.8,
    "Close": 97.5,
    "Volume": 28115566
  },
  {
    "Date": "13-Aug-14",
    "Open": 96.15,
    "High": 97.24,
    "Low": 96.04,
    "Close": 97.24,
    "Volume": 31916439
  },
  {
    "Date": "12-Aug-14",
    "Open": 96.04,
    "High": 96.88,
    "Low": 95.61,
    "Close": 95.97,
    "Volume": 33795352
  },
  {
    "Date": "11-Aug-14",
    "Open": 95.27,
    "High": 96.08,
    "Low": 94.84,
    "Close": 95.99,
    "Volume": 36584844
  },
  {
    "Date": "8-Aug-14",
    "Open": 94.26,
    "High": 94.82,
    "Low": 93.28,
    "Close": 94.74,
    "Volume": 41865193
  },
  {
    "Date": "7-Aug-14",
    "Open": 94.93,
    "High": 95.95,
    "Low": 94.1,
    "Close": 94.48,
    "Volume": 46711179
  },
  {
    "Date": "6-Aug-14",
    "Open": 94.75,
    "High": 95.48,
    "Low": 94.71,
    "Close": 94.96,
    "Volume": 38558342
  },
  {
    "Date": "5-Aug-14",
    "Open": 95.36,
    "High": 95.68,
    "Low": 94.36,
    "Close": 95.12,
    "Volume": 55932663
  },
  {
    "Date": "4-Aug-14",
    "Open": 96.37,
    "High": 96.58,
    "Low": 95.17,
    "Close": 95.59,
    "Volume": 39958144
  },
  {
    "Date": "1-Aug-14",
    "Open": 94.9,
    "High": 96.62,
    "Low": 94.81,
    "Close": 96.13,
    "Volume": 48511286
  },
  {
    "Date": "31-Jul-14",
    "Open": 97.16,
    "High": 97.45,
    "Low": 95.33,
    "Close": 95.6,
    "Volume": 56842647
  },
  {
    "Date": "30-Jul-14",
    "Open": 98.44,
    "High": 98.7,
    "Low": 97.67,
    "Close": 98.15,
    "Volume": 33010001
  },
  {
    "Date": "29-Jul-14",
    "Open": 99.33,
    "High": 99.44,
    "Low": 98.25,
    "Close": 98.38,
    "Volume": 43143095
  },
  {
    "Date": "28-Jul-14",
    "Open": 97.82,
    "High": 99.24,
    "Low": 97.55,
    "Close": 99.02,
    "Volume": 55317689
  },
  {
    "Date": "25-Jul-14",
    "Open": 96.85,
    "High": 97.84,
    "Low": 96.64,
    "Close": 97.67,
    "Volume": 43469117
  },
  {
    "Date": "24-Jul-14",
    "Open": 97.04,
    "High": 97.32,
    "Low": 96.42,
    "Close": 97.03,
    "Volume": 45728843
  },
  {
    "Date": "23-Jul-14",
    "Open": 95.42,
    "High": 97.88,
    "Low": 95.17,
    "Close": 97.19,
    "Volume": 92917719
  },
  {
    "Date": "22-Jul-14",
    "Open": 94.68,
    "High": 94.89,
    "Low": 94.12,
    "Close": 94.72,
    "Volume": 55196597
  },
  {
    "Date": "21-Jul-14",
    "Open": 94.99,
    "High": 95,
    "Low": 93.72,
    "Close": 93.94,
    "Volume": 39079002
  },
  {
    "Date": "18-Jul-14",
    "Open": 93.62,
    "High": 94.74,
    "Low": 93.02,
    "Close": 94.43,
    "Volume": 49987593
  },
  {
    "Date": "17-Jul-14",
    "Open": 95.03,
    "High": 95.28,
    "Low": 92.57,
    "Close": 93.09,
    "Volume": 57298243
  },
  {
    "Date": "16-Jul-14",
    "Open": 96.97,
    "High": 97.1,
    "Low": 94.74,
    "Close": 94.78,
    "Volume": 53502415
  },
  {
    "Date": "15-Jul-14",
    "Open": 96.8,
    "High": 96.85,
    "Low": 95.03,
    "Close": 95.32,
    "Volume": 45696176
  },
  {
    "Date": "14-Jul-14",
    "Open": 95.86,
    "High": 96.89,
    "Low": 95.65,
    "Close": 96.45,
    "Volume": 42810155
  },
  {
    "Date": "11-Jul-14",
    "Open": 95.36,
    "High": 95.89,
    "Low": 94.86,
    "Close": 95.22,
    "Volume": 34018228
  },
  {
    "Date": "10-Jul-14",
    "Open": 93.76,
    "High": 95.55,
    "Low": 93.52,
    "Close": 95.04,
    "Volume": 39685552
  },
  {
    "Date": "9-Jul-14",
    "Open": 95.44,
    "High": 95.95,
    "Low": 94.76,
    "Close": 95.39,
    "Volume": 36436440
  },
  {
    "Date": "8-Jul-14",
    "Open": 96.27,
    "High": 96.8,
    "Low": 93.92,
    "Close": 95.35,
    "Volume": 65221678
  },
  {
    "Date": "7-Jul-14",
    "Open": 94.14,
    "High": 95.99,
    "Low": 94.1,
    "Close": 95.97,
    "Volume": 56467939
  },
  {
    "Date": "3-Jul-14",
    "Open": 93.67,
    "High": 94.1,
    "Low": 93.2,
    "Close": 94.03,
    "Volume": 22891753
  },
  {
    "Date": "2-Jul-14",
    "Open": 93.86,
    "High": 94.06,
    "Low": 93.09,
    "Close": 93.48,
    "Volume": 28465073
  },
  {
    "Date": "1-Jul-14",
    "Open": 93.52,
    "High": 94.07,
    "Low": 93.13,
    "Close": 93.52,
    "Volume": 38223477
  },
  {
    "Date": "30-Jun-14",
    "Open": 92.1,
    "High": 93.72,
    "Low": 92.09,
    "Close": 92.93,
    "Volume": 49589028
  },
  {
    "Date": "27-Jun-14",
    "Open": 90.82,
    "High": 92,
    "Low": 90.77,
    "Close": 91.98,
    "Volume": 64028803
  },
  {
    "Date": "26-Jun-14",
    "Open": 90.37,
    "High": 91.05,
    "Low": 89.8,
    "Close": 90.9,
    "Volume": 32629359
  },
  {
    "Date": "25-Jun-14",
    "Open": 90.21,
    "High": 90.7,
    "Low": 89.65,
    "Close": 90.36,
    "Volume": 36868541
  },
  {
    "Date": "24-Jun-14",
    "Open": 90.75,
    "High": 91.74,
    "Low": 90.19,
    "Close": 90.28,
    "Volume": 39036087
  },
  {
    "Date": "23-Jun-14",
    "Open": 91.32,
    "High": 91.62,
    "Low": 90.6,
    "Close": 90.83,
    "Volume": 43694391
  },
  {
    "Date": "20-Jun-14",
    "Open": 91.85,
    "High": 92.55,
    "Low": 90.9,
    "Close": 90.91,
    "Volume": 100898066
  },
  {
    "Date": "19-Jun-14",
    "Open": 92.29,
    "High": 92.3,
    "Low": 91.34,
    "Close": 91.86,
    "Volume": 35527686
  },
  {
    "Date": "18-Jun-14",
    "Open": 92.27,
    "High": 92.29,
    "Low": 91.35,
    "Close": 92.18,
    "Volume": 33514108
  },
  {
    "Date": "17-Jun-14",
    "Open": 92.31,
    "High": 92.7,
    "Low": 91.8,
    "Close": 92.08,
    "Volume": 29726347
  },
  {
    "Date": "16-Jun-14",
    "Open": 91.51,
    "High": 92.75,
    "Low": 91.45,
    "Close": 92.2,
    "Volume": 35561270
  },
  {
    "Date": "13-Jun-14",
    "Open": 92.2,
    "High": 92.44,
    "Low": 90.88,
    "Close": 91.28,
    "Volume": 54525280
  },
  {
    "Date": "12-Jun-14",
    "Open": 94.04,
    "High": 94.12,
    "Low": 91.9,
    "Close": 92.29,
    "Volume": 54748791
  },
  {
    "Date": "11-Jun-14",
    "Open": 94.13,
    "High": 94.76,
    "Low": 93.47,
    "Close": 93.86,
    "Volume": 45681114
  },
  {
    "Date": "10-Jun-14",
    "Open": 94.73,
    "High": 95.05,
    "Low": 93.57,
    "Close": 94.25,
    "Volume": 62777042
  },
  {
    "Date": "9-Jun-14",
    "Open": 92.7,
    "High": 93.88,
    "Low": 91.75,
    "Close": 93.7,
    "Volume": 75414804
  },
  {
    "Date": "6-Jun-14",
    "Open": 92.84,
    "High": 93.04,
    "Low": 92.07,
    "Close": 92.22,
    "Volume": 87620911
  },
  {
    "Date": "5-Jun-14",
    "Open": 92.31,
    "High": 92.77,
    "Low": 91.8,
    "Close": 92.48,
    "Volume": 75951141
  },
  {
    "Date": "4-Jun-14",
    "Open": 91.06,
    "High": 92.56,
    "Low": 90.87,
    "Close": 92.12,
    "Volume": 83870521
  },
  {
    "Date": "3-Jun-14",
    "Open": 89.78,
    "High": 91.25,
    "Low": 89.75,
    "Close": 91.08,
    "Volume": 73231620
  },
  {
    "Date": "2-Jun-14",
    "Open": 90.57,
    "High": 90.69,
    "Low": 88.93,
    "Close": 89.81,
    "Volume": 92337903
  },
  {
    "Date": "30-May-14",
    "Open": 91.14,
    "High": 92.02,
    "Low": 89.84,
    "Close": 90.43,
    "Volume": 141005137
  },
  {
    "Date": "29-May-14",
    "Open": 89.69,
    "High": 90.98,
    "Low": 89.68,
    "Close": 90.77,
    "Volume": 94118633
  },
  {
    "Date": "28-May-14",
    "Open": 89.43,
    "High": 89.98,
    "Low": 89.11,
    "Close": 89.14,
    "Volume": 78921885
  }
]