[
  {
    "Date": "22-May-15",
    "Open": 131.75,
    "High": 133.4,
    "Low": 131.69,
    "Close": 133.03,
    "Volume": 678156
  },
  {
    "Date": "21-May-15",
    "Open": 131.04,
    "High": 131.77,
    "Low": 130.71,
    "Close": 131.53,
    "Volume": 879713
  },
  {
    "Date": "20-May-15",
    "Open": 131.04,
    "High": 132.36,
    "Low": 130.82,
    "Close": 131.39,
    "Volume": 1055661
  },
  {
    "Date": "19-May-15",
    "Open": 132.37,
    "High": 132.76,
    "Low": 130.35,
    "Close": 130.7,
    "Volume": 894537
  },
  {
    "Date": "18-May-15",
    "Open": 133.37,
    "High": 134.31,
    "Low": 132.32,
    "Close": 132.53,
    "Volume": 753755
  },
  {
    "Date": "15-May-15",
    "Open": 131.77,
    "High": 134.1,
    "Low": 131.48,
    "Close": 133.11,
    "Volume": 919891
  },
  {
    "Date": "14-May-15",
    "Open": 130.26,
    "High": 132.75,
    "Low": 127.77,
    "Close": 131.69,
    "Volume": 1625787
  },
  {
    "Date": "13-May-15",
    "Open": 129.5,
    "High": 134.78,
    "Low": 128.28,
    "Close": 129.18,
    "Volume": 3250781
  },
  {
    "Date": "12-May-15",
    "Open": 133.65,
    "High": 134.73,
    "Low": 132.38,
    "Close": 133.2,
    "Volume": 1824490
  },
  {
    "Date": "11-May-15",
    "Open": 134.25,
    "High": 135.58,
    "Low": 133.96,
    "Close": 134.64,
    "Volume": 1062682
  },
  {
    "Date": "8-May-15",
    "Open": 135,
    "High": 135.88,
    "Low": 134.24,
    "Close": 134.39,
    "Volume": 746743
  },
  {
    "Date": "7-May-15",
    "Open": 134.23,
    "High": 134.7,
    "Low": 133.18,
    "Close": 134.08,
    "Volume": 621788
  },
  {
    "Date": "6-May-15",
    "Open": 135.31,
    "High": 135.49,
    "Low": 133.7,
    "Close": 133.94,
    "Volume": 602698
  },
  {
    "Date": "5-May-15",
    "Open": 135.27,
    "High": 136.17,
    "Low": 134.39,
    "Close": 135.4,
    "Volume": 621959
  },
  {
    "Date": "4-May-15",
    "Open": 136.11,
    "High": 136.86,
    "Low": 135.37,
    "Close": 135.95,
    "Volume": 685993
  },
  {
    "Date": "1-May-15",
    "Open": 134.11,
    "High": 136.65,
    "Low": 133.94,
    "Close": 136.12,
    "Volume": 738257
  },
  {
    "Date": "30-Apr-15",
    "Open": 134.01,
    "High": 134.54,
    "Low": 132.28,
    "Close": 133.41,
    "Volume": 834370
  },
  {
    "Date": "29-Apr-15",
    "Open": 134.45,
    "High": 134.7,
    "Low": 132.91,
    "Close": 134.07,
    "Volume": 855429
  },
  {
    "Date": "28-Apr-15",
    "Open": 134.74,
    "High": 136.16,
    "Low": 133.6,
    "Close": 134.86,
    "Volume": 523618
  },
  {
    "Date": "27-Apr-15",
    "Open": 136.2,
    "High": 136.94,
    "Low": 135.31,
    "Close": 135.7,
    "Volume": 453987
  },
  {
    "Date": "24-Apr-15",
    "Open": 137.3,
    "High": 138.32,
    "Low": 136.03,
    "Close": 136.47,
    "Volume": 475152
  },
  {
    "Date": "23-Apr-15",
    "Open": 136.91,
    "High": 138.68,
    "Low": 136.34,
    "Close": 137.37,
    "Volume": 585191
  },
  {
    "Date": "22-Apr-15",
    "Open": 136.63,
    "High": 136.63,
    "Low": 135.33,
    "Close": 136.39,
    "Volume": 615702
  },
  {
    "Date": "21-Apr-15",
    "Open": 137.14,
    "High": 137.84,
    "Low": 134.55,
    "Close": 135.95,
    "Volume": 759782
  },
  {
    "Date": "20-Apr-15",
    "Open": 135.09,
    "High": 137.61,
    "Low": 134.83,
    "Close": 136.95,
    "Volume": 710834
  },
  {
    "Date": "17-Apr-15",
    "Open": 136.16,
    "High": 136.75,
    "Low": 133.46,
    "Close": 133.78,
    "Volume": 782219
  },
  {
    "Date": "16-Apr-15",
    "Open": 137.78,
    "High": 138.17,
    "Low": 136.62,
    "Close": 137.32,
    "Volume": 686857
  },
  {
    "Date": "15-Apr-15",
    "Open": 138,
    "High": 138.37,
    "Low": 137.48,
    "Close": 137.57,
    "Volume": 629025
  },
  {
    "Date": "14-Apr-15",
    "Open": 137.34,
    "High": 137.99,
    "Low": 136.73,
    "Close": 137.09,
    "Volume": 506059
  },
  {
    "Date": "13-Apr-15",
    "Open": 137.68,
    "High": 138,
    "Low": 136.8,
    "Close": 137.53,
    "Volume": 662521
  },
  {
    "Date": "10-Apr-15",
    "Open": 139.92,
    "High": 140.14,
    "Low": 137.14,
    "Close": 138.12,
    "Volume": 917649
  },
  {
    "Date": "9-Apr-15",
    "Open": 139.33,
    "High": 141.08,
    "Low": 139.21,
    "Close": 140.26,
    "Volume": 880823
  },
  {
    "Date": "8-Apr-15",
    "Open": 139.89,
    "High": 140.66,
    "Low": 138.6,
    "Close": 139.44,
    "Volume": 919783
  },
  {
    "Date": "7-Apr-15",
    "Open": 139.06,
    "High": 140.49,
    "Low": 139,
    "Close": 139.19,
    "Volume": 1541969
  },
  {
    "Date": "6-Apr-15",
    "Open": 133.76,
    "High": 138.02,
    "Low": 133.76,
    "Close": 137.82,
    "Volume": 1807792
  },
  {
    "Date": "2-Apr-15",
    "Open": 132.91,
    "High": 134.81,
    "Low": 132.47,
    "Close": 134.67,
    "Volume": 1398034
  },
  {
    "Date": "1-Apr-15",
    "Open": 131.57,
    "High": 132.76,
    "Low": 130.03,
    "Close": 132.7,
    "Volume": 1026852
  },
  {
    "Date": "31-Mar-15",
    "Open": 131.45,
    "High": 132.89,
    "Low": 131.13,
    "Close": 131.5,
    "Volume": 623291
  },
  {
    "Date": "30-Mar-15",
    "Open": 132.76,
    "High": 133.12,
    "Low": 131.92,
    "Close": 132.27,
    "Volume": 457292
  },
  {
    "Date": "27-Mar-15",
    "Open": 131.71,
    "High": 132.99,
    "Low": 130.29,
    "Close": 131.22,
    "Volume": 561984
  },
  {
    "Date": "26-Mar-15",
    "Open": 131.87,
    "High": 132.7,
    "Low": 131.25,
    "Close": 131.97,
    "Volume": 567090
  },
  {
    "Date": "25-Mar-15",
    "Open": 133.44,
    "High": 134.4,
    "Low": 132.86,
    "Close": 132.86,
    "Volume": 982567
  },
  {
    "Date": "24-Mar-15",
    "Open": 133.55,
    "High": 134.12,
    "Low": 133.2,
    "Close": 133.73,
    "Volume": 647882
  },
  {
    "Date": "23-Mar-15",
    "Open": 133.16,
    "High": 134.36,
    "Low": 133.12,
    "Close": 133.87,
    "Volume": 538735
  },
  {
    "Date": "20-Mar-15",
    "Open": 132.94,
    "High": 133.88,
    "Low": 132.5,
    "Close": 133.18,
    "Volume": 1187555
  },
  {
    "Date": "19-Mar-15",
    "Open": 132.1,
    "High": 133.44,
    "Low": 131.59,
    "Close": 132.64,
    "Volume": 890751
  },
  {
    "Date": "18-Mar-15",
    "Open": 128.95,
    "High": 132.66,
    "Low": 128.82,
    "Close": 132.3,
    "Volume": 1020466
  },
  {
    "Date": "17-Mar-15",
    "Open": 129.02,
    "High": 130.23,
    "Low": 128.71,
    "Close": 129.1,
    "Volume": 779791
  },
  {
    "Date": "16-Mar-15",
    "Open": 130.11,
    "High": 130.6,
    "Low": 129,
    "Close": 129.7,
    "Volume": 864419
  },
  {
    "Date": "13-Mar-15",
    "Open": 129.73,
    "High": 130.53,
    "Low": 128.93,
    "Close": 130.01,
    "Volume": 752530
  },
  {
    "Date": "12-Mar-15",
    "Open": 128.13,
    "High": 130.65,
    "Low": 127.6,
    "Close": 130.48,
    "Volume": 1049534
  },
  {
    "Date": "11-Mar-15",
    "Open": 130.5,
    "High": 131.32,
    "Low": 127.29,
    "Close": 127.66,
    "Volume": 1248371
  },
  {
    "Date": "10-Mar-15",
    "Open": 132.01,
    "High": 132.01,
    "Low": 129.5,
    "Close": 130.46,
    "Volume": 1165002
  },
  {
    "Date": "9-Mar-15",
    "Open": 131.79,
    "High": 133.01,
    "Low": 131.18,
    "Close": 132.86,
    "Volume": 975500
  },
  {
    "Date": "6-Mar-15",
    "Open": 134.15,
    "High": 134.8,
    "Low": 131.5,
    "Close": 131.93,
    "Volume": 1125378
  },
  {
    "Date": "5-Mar-15",
    "Open": 134.99,
    "High": 135.66,
    "Low": 134.14,
    "Close": 134.29,
    "Volume": 634526
  },
  {
    "Date": "4-Mar-15",
    "Open": 135.79,
    "High": 136.04,
    "Low": 134.44,
    "Close": 134.94,
    "Volume": 1138820
  },
  {
    "Date": "3-Mar-15",
    "Open": 138.47,
    "High": 138.47,
    "Low": 135.65,
    "Close": 135.93,
    "Volume": 901388
  },
  {
    "Date": "2-Mar-15",
    "Open": 137.85,
    "High": 138.59,
    "Low": 136.92,
    "Close": 138.06,
    "Volume": 775550
  },
  {
    "Date": "27-Feb-15",
    "Open": 137.48,
    "High": 137.98,
    "Low": 136.02,
    "Close": 137.41,
    "Volume": 813939
  },
  {
    "Date": "26-Feb-15",
    "Open": 138.43,
    "High": 139.02,
    "Low": 137.21,
    "Close": 137.48,
    "Volume": 758265
  },
  {
    "Date": "25-Feb-15",
    "Open": 138.1,
    "High": 139.01,
    "Low": 137.91,
    "Close": 138.44,
    "Volume": 983743
  },
  {
    "Date": "24-Feb-15",
    "Open": 138.37,
    "High": 139.07,
    "Low": 137.87,
    "Close": 138.09,
    "Volume": 720664
  },
  {
    "Date": "23-Feb-15",
    "Open": 139.77,
    "High": 140.01,
    "Low": 138.3,
    "Close": 138.67,
    "Volume": 1094013
  },
  {
    "Date": "20-Feb-15",
    "Open": 136.75,
    "High": 140.48,
    "Low": 136.44,
    "Close": 139.3,
    "Volume": 1518032
  },
  {
    "Date": "19-Feb-15",
    "Open": 136.05,
    "High": 137.5,
    "Low": 135.69,
    "Close": 136.97,
    "Volume": 1175061
  },
  {
    "Date": "18-Feb-15",
    "Open": 136.3,
    "High": 137.14,
    "Low": 136,
    "Close": 136.42,
    "Volume": 1025650
  },
  {
    "Date": "17-Feb-15",
    "Open": 135.21,
    "High": 136.74,
    "Low": 133.5,
    "Close": 136.34,
    "Volume": 1206404
  },
  {
    "Date": "13-Feb-15",
    "Open": 135.9,
    "High": 137.15,
    "Low": 134.87,
    "Close": 135.2,
    "Volume": 1364659
  },
  {
    "Date": "12-Feb-15",
    "Open": 135.32,
    "High": 136.2,
    "Low": 134.26,
    "Close": 135.8,
    "Volume": 1341561
  },
  {
    "Date": "11-Feb-15",
    "Open": 135.49,
    "High": 136.28,
    "Low": 134.34,
    "Close": 135.17,
    "Volume": 1852115
  },
  {
    "Date": "10-Feb-15",
    "Open": 137.04,
    "High": 137.49,
    "Low": 134.88,
    "Close": 135.11,
    "Volume": 1805151
  },
  {
    "Date": "9-Feb-15",
    "Open": 138.55,
    "High": 138.69,
    "Low": 135.1,
    "Close": 136.09,
    "Volume": 1949722
  },
  {
    "Date": "6-Feb-15",
    "Open": 142.24,
    "High": 142.24,
    "Low": 138.4,
    "Close": 138.87,
    "Volume": 2437839
  },
  {
    "Date": "5-Feb-15",
    "Open": 138.09,
    "High": 143.2,
    "Low": 136.5,
    "Close": 141.77,
    "Volume": 4375060
  },
  {
    "Date": "4-Feb-15",
    "Open": 151.5,
    "High": 153.27,
    "Low": 139.21,
    "Close": 139.71,
    "Volume": 10498571
  },
  {
    "Date": "3-Feb-15",
    "Open": 168.79,
    "High": 171.27,
    "Low": 168.14,
    "Close": 170.83,
    "Volume": 1181492
  },
  {
    "Date": "2-Feb-15",
    "Open": 166.44,
    "High": 168.44,
    "Low": 164.01,
    "Close": 167.8,
    "Volume": 1068051
  },
  {
    "Date": "30-Jan-15",
    "Open": 167.81,
    "High": 169.87,
    "Low": 166,
    "Close": 166.89,
    "Volume": 959543
  },
  {
    "Date": "29-Jan-15",
    "Open": 167.12,
    "High": 170.53,
    "Low": 166.78,
    "Close": 170.03,
    "Volume": 764202
  },
  {
    "Date": "28-Jan-15",
    "Open": 168.7,
    "High": 169.14,
    "Low": 166.11,
    "Close": 166.2,
    "Volume": 922767
  },
  {
    "Date": "27-Jan-15",
    "Open": 168.48,
    "High": 168.65,
    "Low": 164.49,
    "Close": 167.5,
    "Volume": 1303739
  },
  {
    "Date": "26-Jan-15",
    "Open": 168.2,
    "High": 169.63,
    "Low": 166.53,
    "Close": 169.29,
    "Volume": 1030718
  },
  {
    "Date": "23-Jan-15",
    "Open": 170.48,
    "High": 171.53,
    "Low": 168.66,
    "Close": 168.77,
    "Volume": 956239
  },
  {
    "Date": "22-Jan-15",
    "Open": 170.23,
    "High": 172.09,
    "Low": 169.29,
    "Close": 170.83,
    "Volume": 1208441
  },
  {
    "Date": "21-Jan-15",
    "Open": 167.56,
    "High": 171,
    "Low": 167.25,
    "Close": 169.52,
    "Volume": 744342
  },
  {
    "Date": "20-Jan-15",
    "Open": 170.85,
    "High": 170.95,
    "Low": 167.82,
    "Close": 168.22,
    "Volume": 1083189
  },
  {
    "Date": "16-Jan-15",
    "Open": 169.57,
    "High": 170.32,
    "Low": 167.54,
    "Close": 170.05,
    "Volume": 1250084
  },
  {
    "Date": "15-Jan-15",
    "Open": 172.83,
    "High": 172.83,
    "Low": 169.41,
    "Close": 169.46,
    "Volume": 532479
  },
  {
    "Date": "14-Jan-15",
    "Open": 171.8,
    "High": 173.45,
    "Low": 169.72,
    "Close": 172.3,
    "Volume": 774513
  },
  {
    "Date": "13-Jan-15",
    "Open": 175.88,
    "High": 177.53,
    "Low": 172.2,
    "Close": 173.64,
    "Volume": 923372
  },
  {
    "Date": "12-Jan-15",
    "Open": 174.65,
    "High": 176,
    "Low": 173.23,
    "Close": 174.42,
    "Volume": 1003248
  },
  {
    "Date": "9-Jan-15",
    "Open": 177.17,
    "High": 177.41,
    "Low": 174.28,
    "Close": 175.99,
    "Volume": 749223
  },
  {
    "Date": "8-Jan-15",
    "Open": 177.7,
    "High": 179.57,
    "Low": 177.09,
    "Close": 178.57,
    "Volume": 793597
  },
  {
    "Date": "7-Jan-15",
    "Open": 175.67,
    "High": 178.9,
    "Low": 175.5,
    "Close": 178.78,
    "Volume": 620386
  },
  {
    "Date": "6-Jan-15",
    "Open": 178.04,
    "High": 178.49,
    "Low": 173.25,
    "Close": 174.41,
    "Volume": 1490128
  },
  {
    "Date": "5-Jan-15",
    "Open": 179.78,
    "High": 180.5,
    "Low": 176.82,
    "Close": 177.88,
    "Volume": 1765039
  },
  {
    "Date": "2-Jan-15",
    "Open": 185.98,
    "High": 186.67,
    "Low": 181.41,
    "Close": 183.1,
    "Volume": 504270
  },
  {
    "Date": "31-Dec-14",
    "Open": 186.41,
    "High": 187.49,
    "Low": 185.12,
    "Close": 185.16,
    "Volume": 461703
  },
  {
    "Date": "30-Dec-14",
    "Open": 186.68,
    "High": 187.46,
    "Low": 185.22,
    "Close": 186.23,
    "Volume": 382389
  },
  {
    "Date": "29-Dec-14",
    "Open": 184.5,
    "High": 187.25,
    "Low": 184.26,
    "Close": 186.73,
    "Volume": 532216
  },
  {
    "Date": "26-Dec-14",
    "Open": 184.84,
    "High": 185.92,
    "Low": 184.48,
    "Close": 185.12,
    "Volume": 400146
  },
  {
    "Date": "24-Dec-14",
    "Open": 184.15,
    "High": 184.87,
    "Low": 183.9,
    "Close": 184.35,
    "Volume": 345437
  },
  {
    "Date": "23-Dec-14",
    "Open": 180.23,
    "High": 184.28,
    "Low": 180.23,
    "Close": 183.65,
    "Volume": 726982
  },
  {
    "Date": "22-Dec-14",
    "Open": 179.15,
    "High": 180.44,
    "Low": 178.88,
    "Close": 180.23,
    "Volume": 659132
  },
  {
    "Date": "19-Dec-14",
    "Open": 180.79,
    "High": 181.8,
    "Low": 176.93,
    "Close": 178.82,
    "Volume": 905478
  },
  {
    "Date": "18-Dec-14",
    "Open": 181,
    "High": 181.82,
    "Low": 179.21,
    "Close": 180.59,
    "Volume": 827801
  },
  {
    "Date": "17-Dec-14",
    "Open": 176.82,
    "High": 179.62,
    "Low": 175.2,
    "Close": 179.2,
    "Volume": 808516
  },
  {
    "Date": "16-Dec-14",
    "Open": 179.79,
    "High": 179.85,
    "Low": 176.5,
    "Close": 176.6,
    "Volume": 786748
  },
  {
    "Date": "15-Dec-14",
    "Open": 182.25,
    "High": 182.73,
    "Low": 178.89,
    "Close": 180.03,
    "Volume": 901288
  },
  {
    "Date": "12-Dec-14",
    "Open": 180.92,
    "High": 183.75,
    "Low": 179.9,
    "Close": 181.64,
    "Volume": 817288
  },
  {
    "Date": "11-Dec-14",
    "Open": 180.11,
    "High": 183.35,
    "Low": 179.64,
    "Close": 180.92,
    "Volume": 600709
  },
  {
    "Date": "10-Dec-14",
    "Open": 182.07,
    "High": 182.83,
    "Low": 179.35,
    "Close": 180.1,
    "Volume": 596440
  },
  {
    "Date": "9-Dec-14",
    "Open": 180.97,
    "High": 183.23,
    "Low": 180.56,
    "Close": 182.44,
    "Volume": 543929
  },
  {
    "Date": "8-Dec-14",
    "Open": 183.18,
    "High": 184.45,
    "Low": 182.12,
    "Close": 183.08,
    "Volume": 725776
  },
  {
    "Date": "5-Dec-14",
    "Open": 182.79,
    "High": 183.59,
    "Low": 181.57,
    "Close": 183.3,
    "Volume": 553638
  },
  {
    "Date": "4-Dec-14",
    "Open": 182.42,
    "High": 184.66,
    "Low": 182.24,
    "Close": 183.16,
    "Volume": 908266
  },
  {
    "Date": "3-Dec-14",
    "Open": 180.55,
    "High": 183.4,
    "Low": 180.05,
    "Close": 183.28,
    "Volume": 634024
  },
  {
    "Date": "2-Dec-14",
    "Open": 181.77,
    "High": 182.78,
    "Low": 180.22,
    "Close": 180.58,
    "Volume": 630834
  },
  {
    "Date": "1-Dec-14",
    "Open": 183.83,
    "High": 184.26,
    "Low": 180.65,
    "Close": 181.28,
    "Volume": 1002764
  },
  {
    "Date": "28-Nov-14",
    "Open": 182.59,
    "High": 185.14,
    "Low": 182.52,
    "Close": 184.9,
    "Volume": 511037
  },
  {
    "Date": "26-Nov-14",
    "Open": 182.62,
    "High": 183.28,
    "Low": 181.57,
    "Close": 182.07,
    "Volume": 501554
  },
  {
    "Date": "25-Nov-14",
    "Open": 181.32,
    "High": 183.48,
    "Low": 181.15,
    "Close": 182.64,
    "Volume": 857626
  },
  {
    "Date": "24-Nov-14",
    "Open": 180.52,
    "High": 181.8,
    "Low": 178.81,
    "Close": 181.32,
    "Volume": 605148
  },
  {
    "Date": "21-Nov-14",
    "Open": 181.41,
    "High": 182.5,
    "Low": 179.43,
    "Close": 180.05,
    "Volume": 944992
  },
  {
    "Date": "20-Nov-14",
    "Open": 178.74,
    "High": 182.02,
    "Low": 178.11,
    "Close": 179.78,
    "Volume": 1038634
  },
  {
    "Date": "19-Nov-14",
    "Open": 176,
    "High": 179.78,
    "Low": 175.61,
    "Close": 179.66,
    "Volume": 948797
  },
  {
    "Date": "18-Nov-14",
    "Open": 175.58,
    "High": 176.72,
    "Low": 174.64,
    "Close": 176.56,
    "Volume": 723652
  },
  {
    "Date": "17-Nov-14",
    "Open": 173.79,
    "High": 176.41,
    "Low": 173.12,
    "Close": 176.05,
    "Volume": 805072
  },
  {
    "Date": "14-Nov-14",
    "Open": 173.42,
    "High": 174.73,
    "Low": 172.47,
    "Close": 174.24,
    "Volume": 727355
  },
  {
    "Date": "13-Nov-14",
    "Open": 172.83,
    "High": 174.15,
    "Low": 171.51,
    "Close": 173.17,
    "Volume": 746806
  },
  {
    "Date": "12-Nov-14",
    "Open": 170.94,
    "High": 173.42,
    "Low": 169.9,
    "Close": 172.93,
    "Volume": 839424
  },
  {
    "Date": "11-Nov-14",
    "Open": 171.08,
    "High": 172.46,
    "Low": 170.4,
    "Close": 171.07,
    "Volume": 657706
  },
  {
    "Date": "10-Nov-14",
    "Open": 174.37,
    "High": 175.45,
    "Low": 171.58,
    "Close": 171.92,
    "Volume": 761995
  },
  {
    "Date": "7-Nov-14",
    "Open": 170.92,
    "High": 174.9,
    "Low": 170.78,
    "Close": 174,
    "Volume": 1387398
  },
  {
    "Date": "6-Nov-14",
    "Open": 165.47,
    "High": 171.6,
    "Low": 165.31,
    "Close": 171.39,
    "Volume": 872815
  },
  {
    "Date": "5-Nov-14",
    "Open": 164.61,
    "High": 165.69,
    "Low": 164,
    "Close": 164.78,
    "Volume": 536220
  },
  {
    "Date": "4-Nov-14",
    "Open": 165.48,
    "High": 165.5,
    "Low": 162.31,
    "Close": 164.15,
    "Volume": 718152
  },
  {
    "Date": "3-Nov-14",
    "Open": 164.75,
    "High": 166.56,
    "Low": 164.32,
    "Close": 165.68,
    "Volume": 684913
  },
  {
    "Date": "31-Oct-14",
    "Open": 167.1,
    "High": 167.95,
    "Low": 164.28,
    "Close": 164.84,
    "Volume": 908499
  },
  {
    "Date": "30-Oct-14",
    "Open": 161.55,
    "High": 166.58,
    "Low": 160.97,
    "Close": 166.11,
    "Volume": 952185
  },
  {
    "Date": "29-Oct-14",
    "Open": 157.67,
    "High": 167,
    "Low": 157.52,
    "Close": 161.79,
    "Volume": 2439982
  },
  {
    "Date": "28-Oct-14",
    "Open": 161.06,
    "High": 161.47,
    "Low": 158.96,
    "Close": 160.92,
    "Volume": 1167695
  },
  {
    "Date": "27-Oct-14",
    "Open": 160.25,
    "High": 161.54,
    "Low": 158.48,
    "Close": 161.35,
    "Volume": 1071905
  },
  {
    "Date": "24-Oct-14",
    "Open": 161.03,
    "High": 161.03,
    "Low": 159.48,
    "Close": 160.25,
    "Volume": 1148865
  },
  {
    "Date": "23-Oct-14",
    "Open": 161.38,
    "High": 163.35,
    "Low": 160.86,
    "Close": 161.18,
    "Volume": 727821
  },
  {
    "Date": "22-Oct-14",
    "Open": 161.21,
    "High": 162.99,
    "Low": 160.56,
    "Close": 160.57,
    "Volume": 476840
  },
  {
    "Date": "21-Oct-14",
    "Open": 157.68,
    "High": 161.22,
    "Low": 157.67,
    "Close": 161.16,
    "Volume": 602862
  },
  {
    "Date": "20-Oct-14",
    "Open": 155.31,
    "High": 157.47,
    "Low": 154.03,
    "Close": 157.2,
    "Volume": 914204
  },
  {
    "Date": "17-Oct-14",
    "Open": 158.93,
    "High": 159.51,
    "Low": 155.56,
    "Close": 156.25,
    "Volume": 1177159
  },
  {
    "Date": "16-Oct-14",
    "Open": 154.51,
    "High": 159.51,
    "Low": 153.5,
    "Close": 157.67,
    "Volume": 793535
  },
  {
    "Date": "15-Oct-14",
    "Open": 155.54,
    "High": 157.38,
    "Low": 153.39,
    "Close": 156.72,
    "Volume": 1047600
  },
  {
    "Date": "14-Oct-14",
    "Open": 158.95,
    "High": 159.27,
    "Low": 156.85,
    "Close": 157.73,
    "Volume": 853197
  },
  {
    "Date": "13-Oct-14",
    "Open": 160.16,
    "High": 160.2,
    "Low": 157.22,
    "Close": 157.53,
    "Volume": 767993
  },
  {
    "Date": "10-Oct-14",
    "Open": 163.39,
    "High": 164.29,
    "Low": 160.43,
    "Close": 160.43,
    "Volume": 799272
  },
  {
    "Date": "9-Oct-14",
    "Open": 165.22,
    "High": 166.12,
    "Low": 162.85,
    "Close": 163.04,
    "Volume": 1043964
  },
  {
    "Date": "8-Oct-14",
    "Open": 163.51,
    "High": 166.3,
    "Low": 162.78,
    "Close": 166.11,
    "Volume": 888285
  },
  {
    "Date": "7-Oct-14",
    "Open": 163.48,
    "High": 164.82,
    "Low": 162.93,
    "Close": 163.12,
    "Volume": 914821
  },
  {
    "Date": "6-Oct-14",
    "Open": 166.76,
    "High": 167.52,
    "Low": 163.98,
    "Close": 164.39,
    "Volume": 806095
  },
  {
    "Date": "3-Oct-14",
    "Open": 167.51,
    "High": 168.44,
    "Low": 166.22,
    "Close": 166.4,
    "Volume": 772093
  },
  {
    "Date": "2-Oct-14",
    "Open": 163.27,
    "High": 167.34,
    "Low": 162.86,
    "Close": 167.12,
    "Volume": 1126217
  },
  {
    "Date": "1-Oct-14",
    "Open": 164.8,
    "High": 164.8,
    "Low": 161.84,
    "Close": 163.36,
    "Volume": 975345
  },
  {
    "Date": "30-Sep-14",
    "Open": 164.89,
    "High": 165.7,
    "Low": 163.76,
    "Close": 164.73,
    "Volume": 694755
  },
  {
    "Date": "29-Sep-14",
    "Open": 164.67,
    "High": 166.19,
    "Low": 164.37,
    "Close": 165.03,
    "Volume": 597581
  },
  {
    "Date": "26-Sep-14",
    "Open": 165.89,
    "High": 166.06,
    "Low": 163.1,
    "Close": 165.64,
    "Volume": 838343
  },
  {
    "Date": "25-Sep-14",
    "Open": 167.13,
    "High": 167.44,
    "Low": 163.85,
    "Close": 164.92,
    "Volume": 1151619
  },
  {
    "Date": "24-Sep-14",
    "Open": 170.19,
    "High": 170.81,
    "Low": 166.76,
    "Close": 167.6,
    "Volume": 1404835
  },
  {
    "Date": "23-Sep-14",
    "Open": 169.68,
    "High": 170.57,
    "Low": 169.16,
    "Close": 170.01,
    "Volume": 955697
  },
  {
    "Date": "22-Sep-14",
    "Open": 171.88,
    "High": 172.59,
    "Low": 169.29,
    "Close": 169.84,
    "Volume": 1065288
  },
  {
    "Date": "19-Sep-14",
    "Open": 173.9,
    "High": 173.96,
    "Low": 171.66,
    "Close": 171.98,
    "Volume": 1377747
  },
  {
    "Date": "18-Sep-14",
    "Open": 172.8,
    "High": 173.81,
    "Low": 172.24,
    "Close": 172.84,
    "Volume": 567279
  },
  {
    "Date": "17-Sep-14",
    "Open": 173.1,
    "High": 173.39,
    "Low": 171.62,
    "Close": 172.78,
    "Volume": 577994
  },
  {
    "Date": "16-Sep-14",
    "Open": 171,
    "High": 172.6,
    "Low": 170.63,
    "Close": 172.6,
    "Volume": 732650
  },
  {
    "Date": "15-Sep-14",
    "Open": 173.46,
    "High": 174.01,
    "Low": 170.76,
    "Close": 170.99,
    "Volume": 988317
  },
  {
    "Date": "12-Sep-14",
    "Open": 172.97,
    "High": 174.09,
    "Low": 172.97,
    "Close": 173.79,
    "Volume": 920646
  },
  {
    "Date": "11-Sep-14",
    "Open": 174.14,
    "High": 174.98,
    "Low": 172.88,
    "Close": 173.27,
    "Volume": 676113
  },
  {
    "Date": "10-Sep-14",
    "Open": 173.51,
    "High": 174.76,
    "Low": 173.25,
    "Close": 174.7,
    "Volume": 733622
  },
  {
    "Date": "9-Sep-14",
    "Open": 174.31,
    "High": 174.47,
    "Low": 172.92,
    "Close": 173.52,
    "Volume": 747995
  },
  {
    "Date": "8-Sep-14",
    "Open": 172.38,
    "High": 173.36,
    "Low": 172.22,
    "Close": 172.5,
    "Volume": 426726
  },
  {
    "Date": "5-Sep-14",
    "Open": 171.66,
    "High": 172.99,
    "Low": 171.06,
    "Close": 172.9,
    "Volume": 582405
  },
  {
    "Date": "4-Sep-14",
    "Open": 169.75,
    "High": 173.46,
    "Low": 169.75,
    "Close": 172.46,
    "Volume": 1096802
  },
  {
    "Date": "3-Sep-14",
    "Open": 169.9,
    "High": 170.01,
    "Low": 168.72,
    "Close": 169.05,
    "Volume": 596448
  },
  {
    "Date": "2-Sep-14",
    "Open": 169.29,
    "High": 170.34,
    "Low": 168.84,
    "Close": 169.81,
    "Volume": 611211
  },
  {
    "Date": "29-Aug-14",
    "Open": 169,
    "High": 169.35,
    "Low": 167.92,
    "Close": 169.2,
    "Volume": 517778
  },
  {
    "Date": "28-Aug-14",
    "Open": 168.45,
    "High": 169.27,
    "Low": 167.29,
    "Close": 169.05,
    "Volume": 658727
  },
  {
    "Date": "27-Aug-14",
    "Open": 169.75,
    "High": 170.63,
    "Low": 168.66,
    "Close": 169.68,
    "Volume": 637926
  },
  {
    "Date": "26-Aug-14",
    "Open": 169.9,
    "High": 169.9,
    "Low": 168.64,
    "Close": 169,
    "Volume": 808127
  },
  {
    "Date": "25-Aug-14",
    "Open": 170.29,
    "High": 170.73,
    "Low": 169.65,
    "Close": 169.96,
    "Volume": 624397
  },
  {
    "Date": "22-Aug-14",
    "Open": 169.5,
    "High": 170.83,
    "Low": 168.81,
    "Close": 169.77,
    "Volume": 583799
  },
  {
    "Date": "21-Aug-14",
    "Open": 169.54,
    "High": 170,
    "Low": 168.41,
    "Close": 169.27,
    "Volume": 731738
  },
  {
    "Date": "20-Aug-14",
    "Open": 166.42,
    "High": 169.91,
    "Low": 165.83,
    "Close": 169.33,
    "Volume": 994996
  },
  {
    "Date": "19-Aug-14",
    "Open": 165.73,
    "High": 167.03,
    "Low": 165.73,
    "Close": 167,
    "Volume": 532706
  },
  {
    "Date": "18-Aug-14",
    "Open": 164.58,
    "High": 166.35,
    "Low": 164.07,
    "Close": 165.36,
    "Volume": 575386
  },
  {
    "Date": "15-Aug-14",
    "Open": 164.04,
    "High": 164.51,
    "Low": 162.17,
    "Close": 163.54,
    "Volume": 846061
  },
  {
    "Date": "14-Aug-14",
    "Open": 162.13,
    "High": 163.34,
    "Low": 161.2,
    "Close": 163.18,
    "Volume": 577413
  },
  {
    "Date": "13-Aug-14",
    "Open": 162.7,
    "High": 162.85,
    "Low": 159.95,
    "Close": 162.24,
    "Volume": 1141850
  },
  {
    "Date": "12-Aug-14",
    "Open": 162.67,
    "High": 163.88,
    "Low": 161.78,
    "Close": 162.78,
    "Volume": 1262598
  },
  {
    "Date": "11-Aug-14",
    "Open": 161.5,
    "High": 163.42,
    "Low": 161.01,
    "Close": 162.76,
    "Volume": 1031532
  },
  {
    "Date": "8-Aug-14",
    "Open": 158.14,
    "High": 160.55,
    "Low": 157.27,
    "Close": 160.44,
    "Volume": 649048
  },
  {
    "Date": "7-Aug-14",
    "Open": 159.1,
    "High": 159.96,
    "Low": 157.51,
    "Close": 158.12,
    "Volume": 1345450
  },
  {
    "Date": "6-Aug-14",
    "Open": 152.22,
    "High": 158,
    "Low": 152.22,
    "Close": 156.88,
    "Volume": 1953908
  },
  {
    "Date": "5-Aug-14",
    "Open": 154.65,
    "High": 157.46,
    "Low": 154.19,
    "Close": 156.57,
    "Volume": 1448948
  },
  {
    "Date": "4-Aug-14",
    "Open": 154.55,
    "High": 156.6,
    "Low": 154.24,
    "Close": 156.3,
    "Volume": 837082
  },
  {
    "Date": "1-Aug-14",
    "Open": 155.97,
    "High": 156.92,
    "Low": 153.87,
    "Close": 154.55,
    "Volume": 788461
  },
  {
    "Date": "31-Jul-14",
    "Open": 157.58,
    "High": 158.62,
    "Low": 155.64,
    "Close": 155.86,
    "Volume": 809464
  },
  {
    "Date": "30-Jul-14",
    "Open": 158.83,
    "High": 159.86,
    "Low": 158.47,
    "Close": 159.35,
    "Volume": 652615
  },
  {
    "Date": "29-Jul-14",
    "Open": 159.95,
    "High": 160,
    "Low": 158.28,
    "Close": 158.33,
    "Volume": 693801
  },
  {
    "Date": "28-Jul-14",
    "Open": 159.96,
    "High": 160.6,
    "Low": 158.95,
    "Close": 159.92,
    "Volume": 362312
  },
  {
    "Date": "25-Jul-14",
    "Open": 161.13,
    "High": 161.51,
    "Low": 159.44,
    "Close": 159.64,
    "Volume": 418684
  },
  {
    "Date": "24-Jul-14",
    "Open": 160.27,
    "High": 161.84,
    "Low": 159.74,
    "Close": 161.52,
    "Volume": 423749
  },
  {
    "Date": "23-Jul-14",
    "Open": 159.43,
    "High": 159.72,
    "Low": 158.45,
    "Close": 159.5,
    "Volume": 292440
  },
  {
    "Date": "22-Jul-14",
    "Open": 157.96,
    "High": 160.06,
    "Low": 157.14,
    "Close": 159.23,
    "Volume": 530054
  },
  {
    "Date": "21-Jul-14",
    "Open": 157.25,
    "High": 158.37,
    "Low": 156.96,
    "Close": 157.77,
    "Volume": 411102
  },
  {
    "Date": "18-Jul-14",
    "Open": 157.69,
    "High": 158.13,
    "Low": 156.53,
    "Close": 157.69,
    "Volume": 560510
  },
  {
    "Date": "17-Jul-14",
    "Open": 157.68,
    "High": 158.24,
    "Low": 156.89,
    "Close": 157.19,
    "Volume": 533959
  },
  {
    "Date": "16-Jul-14",
    "Open": 159.03,
    "High": 159.65,
    "Low": 157.78,
    "Close": 158,
    "Volume": 639187
  },
  {
    "Date": "15-Jul-14",
    "Open": 158.86,
    "High": 159.72,
    "Low": 158.51,
    "Close": 158.86,
    "Volume": 466962
  },
  {
    "Date": "14-Jul-14",
    "Open": 160.09,
    "High": 160.39,
    "Low": 158.97,
    "Close": 159.46,
    "Volume": 412077
  },
  {
    "Date": "11-Jul-14",
    "Open": 160.19,
    "High": 160.19,
    "Low": 158.4,
    "Close": 159.13,
    "Volume": 565930
  },
  {
    "Date": "10-Jul-14",
    "Open": 161.1,
    "High": 161.51,
    "Low": 159.8,
    "Close": 159.97,
    "Volume": 662102
  },
  {
    "Date": "9-Jul-14",
    "Open": 161.19,
    "High": 163.24,
    "Low": 160.77,
    "Close": 162.92,
    "Volume": 881004
  },
  {
    "Date": "8-Jul-14",
    "Open": 161.7,
    "High": 161.88,
    "Low": 160.45,
    "Close": 160.88,
    "Volume": 944278
  },
  {
    "Date": "7-Jul-14",
    "Open": 162.52,
    "High": 162.91,
    "Low": 161.58,
    "Close": 161.88,
    "Volume": 736172
  },
  {
    "Date": "3-Jul-14",
    "Open": 162.02,
    "High": 163.37,
    "Low": 162,
    "Close": 162.88,
    "Volume": 415784
  },
  {
    "Date": "2-Jul-14",
    "Open": 161.63,
    "High": 162.49,
    "Low": 161.24,
    "Close": 161.45,
    "Volume": 732383
  },
  {
    "Date": "1-Jul-14",
    "Open": 161.15,
    "High": 164.01,
    "Low": 160.44,
    "Close": 161.63,
    "Volume": 1085257
  },
  {
    "Date": "30-Jun-14",
    "Open": 161,
    "High": 161.11,
    "Low": 159.05,
    "Close": 160.69,
    "Volume": 674606
  },
  {
    "Date": "27-Jun-14",
    "Open": 157.08,
    "High": 160.75,
    "Low": 156.41,
    "Close": 160.42,
    "Volume": 1404386
  },
  {
    "Date": "26-Jun-14",
    "Open": 155.93,
    "High": 157.27,
    "Low": 154.77,
    "Close": 157.08,
    "Volume": 1071975
  },
  {
    "Date": "25-Jun-14",
    "Open": 157.48,
    "High": 158.33,
    "Low": 155.72,
    "Close": 155.94,
    "Volume": 1103474
  },
  {
    "Date": "24-Jun-14",
    "Open": 156.09,
    "High": 160.27,
    "Low": 155.9,
    "Close": 157.9,
    "Volume": 1525005
  },
  {
    "Date": "23-Jun-14",
    "Open": 155.46,
    "High": 156.18,
    "Low": 154.78,
    "Close": 156.09,
    "Volume": 667670
  },
  {
    "Date": "20-Jun-14",
    "Open": 155.5,
    "High": 156,
    "Low": 154.17,
    "Close": 155.57,
    "Volume": 1022292
  },
  {
    "Date": "19-Jun-14",
    "Open": 156.05,
    "High": 156.5,
    "Low": 153.94,
    "Close": 154.25,
    "Volume": 650181
  },
  {
    "Date": "18-Jun-14",
    "Open": 154.84,
    "High": 156.22,
    "Low": 154.4,
    "Close": 156,
    "Volume": 611325
  },
  {
    "Date": "17-Jun-14",
    "Open": 152.88,
    "High": 155.06,
    "Low": 152.88,
    "Close": 154.69,
    "Volume": 527580
  },
  {
    "Date": "16-Jun-14",
    "Open": 153.05,
    "High": 153.62,
    "Low": 152.65,
    "Close": 153,
    "Volume": 507601
  },
  {
    "Date": "13-Jun-14",
    "Open": 152.75,
    "High": 153.8,
    "Low": 152.4,
    "Close": 153.54,
    "Volume": 791507
  },
  {
    "Date": "12-Jun-14",
    "Open": 152.81,
    "High": 153.35,
    "Low": 152.39,
    "Close": 152.69,
    "Volume": 674033
  },
  {
    "Date": "11-Jun-14",
    "Open": 154.59,
    "High": 154.59,
    "Low": 153.13,
    "Close": 153.44,
    "Volume": 458018
  },
  {
    "Date": "10-Jun-14",
    "Open": 155.3,
    "High": 155.3,
    "Low": 154.36,
    "Close": 154.65,
    "Volume": 577487
  },
  {
    "Date": "9-Jun-14",
    "Open": 154.74,
    "High": 155.75,
    "Low": 154.69,
    "Close": 155.31,
    "Volume": 534200
  },
  {
    "Date": "6-Jun-14",
    "Open": 154.38,
    "High": 154.96,
    "Low": 153.89,
    "Close": 154.5,
    "Volume": 681004
  },
  {
    "Date": "5-Jun-14",
    "Open": 154.38,
    "High": 154.81,
    "Low": 153.03,
    "Close": 154.27,
    "Volume": 1356692
  },
  {
    "Date": "4-Jun-14",
    "Open": 153.47,
    "High": 155.96,
    "Low": 153,
    "Close": 155.41,
    "Volume": 848198
  },
  {
    "Date": "3-Jun-14",
    "Open": 152.18,
    "High": 154.46,
    "Low": 152,
    "Close": 154.27,
    "Volume": 658364
  },
  {
    "Date": "2-Jun-14",
    "Open": 153.58,
    "High": 153.77,
    "Low": 152.76,
    "Close": 153.17,
    "Volume": 575272
  },
  {
    "Date": "30-May-14",
    "Open": 152.68,
    "High": 153.78,
    "Low": 152.68,
    "Close": 153.48,
    "Volume": 586960
  },
  {
    "Date": "29-May-14",
    "Open": 152.81,
    "High": 153.09,
    "Low": 152.1,
    "Close": 153.06,
    "Volume": 474895
  },
  {
    "Date": "28-May-14",
    "Open": 154.44,
    "High": 154.6,
    "Low": 152.38,
    "Close": 152.6,
    "Volume": 872162
  }
]