[
  {
    "Date": "21-May-15",
    "Open": 138.78,
    "High": 139.55,
    "Low": 138.78,
    "Close": 139.44,
    "Volume": 141873
  },
  {
    "Date": "20-May-15",
    "Open": 139.2,
    "High": 139.65,
    "Low": 138.77,
    "Close": 139.01,
    "Volume": 121013
  },
  {
    "Date": "19-May-15",
    "Open": 139.85,
    "High": 140.24,
    "Low": 139.28,
    "Close": 139.53,
    "Volume": 223723
  },
  {
    "Date": "18-May-15",
    "Open": 139.39,
    "High": 139.49,
    "Low": 139.15,
    "Close": 139.43,
    "Volume": 141283
  },
  {
    "Date": "15-May-15",
    "Open": 138.65,
    "High": 139.39,
    "Low": 138.65,
    "Close": 139.37,
    "Volume": 177692
  },
  {
    "Date": "14-May-15",
    "Open": 137.73,
    "High": 137.99,
    "Low": 136.96,
    "Close": 137.95,
    "Volume": 150463
  },
  {
    "Date": "13-May-15",
    "Open": 137.35,
    "High": 137.94,
    "Low": 136.52,
    "Close": 136.62,
    "Volume": 359683
  },
  {
    "Date": "12-May-15",
    "Open": 137.51,
    "High": 138.05,
    "Low": 137,
    "Close": 137.66,
    "Volume": 579448
  },
  {
    "Date": "11-May-15",
    "Open": 137.88,
    "High": 138.36,
    "Low": 137.42,
    "Close": 137.45,
    "Volume": 756707
  },
  {
    "Date": "8-May-15",
    "Open": 139.5,
    "High": 142.34,
    "Low": 139.37,
    "Close": 142.12,
    "Volume": 320408
  },
  {
    "Date": "7-May-15",
    "Open": 136.86,
    "High": 138.06,
    "Low": 136.84,
    "Close": 137.92,
    "Volume": 208486
  },
  {
    "Date": "6-May-15",
    "Open": 137.32,
    "High": 137.99,
    "Low": 136.5,
    "Close": 137.16,
    "Volume": 323508
  },
  {
    "Date": "5-May-15",
    "Open": 139.46,
    "High": 139.8,
    "Low": 137.45,
    "Close": 137.55,
    "Volume": 266099
  },
  {
    "Date": "4-May-15",
    "Open": 139.79,
    "High": 140.43,
    "Low": 139.58,
    "Close": 140.06,
    "Volume": 171953
  },
  {
    "Date": "1-May-15",
    "Open": 138.75,
    "High": 139.96,
    "Low": 138.72,
    "Close": 139.96,
    "Volume": 247083
  },
  {
    "Date": "30-Apr-15",
    "Open": 140,
    "High": 140.32,
    "Low": 138.71,
    "Close": 139.02,
    "Volume": 246848
  },
  {
    "Date": "29-Apr-15",
    "Open": 141.33,
    "High": 142.47,
    "Low": 140.07,
    "Close": 140.79,
    "Volume": 282913
  },
  {
    "Date": "28-Apr-15",
    "Open": 142.18,
    "High": 142.84,
    "Low": 141.6,
    "Close": 142.06,
    "Volume": 421912
  },
  {
    "Date": "27-Apr-15",
    "Open": 140.96,
    "High": 141.25,
    "Low": 140.55,
    "Close": 140.66,
    "Volume": 272985
  },
  {
    "Date": "24-Apr-15",
    "Open": 141.26,
    "High": 141.47,
    "Low": 140.98,
    "Close": 141.21,
    "Volume": 277455
  },
  {
    "Date": "23-Apr-15",
    "Open": 141.16,
    "High": 141.28,
    "Low": 140.62,
    "Close": 141.03,
    "Volume": 393011
  },
  {
    "Date": "22-Apr-15",
    "Open": 141.47,
    "High": 141.89,
    "Low": 141.17,
    "Close": 141.66,
    "Volume": 163760
  },
  {
    "Date": "21-Apr-15",
    "Open": 141.37,
    "High": 141.9,
    "Low": 141.28,
    "Close": 141.33,
    "Volume": 365777
  },
  {
    "Date": "20-Apr-15",
    "Open": 138.74,
    "High": 139.34,
    "Low": 138.64,
    "Close": 138.73,
    "Volume": 151608
  },
  {
    "Date": "17-Apr-15",
    "Open": 138.99,
    "High": 139.03,
    "Low": 138,
    "Close": 138.43,
    "Volume": 253920
  },
  {
    "Date": "16-Apr-15",
    "Open": 139.18,
    "High": 139.5,
    "Low": 138.79,
    "Close": 138.98,
    "Volume": 186894
  },
  {
    "Date": "15-Apr-15",
    "Open": 139.23,
    "High": 139.38,
    "Low": 138.68,
    "Close": 139.08,
    "Volume": 177583
  },
  {
    "Date": "14-Apr-15",
    "Open": 138.69,
    "High": 138.98,
    "Low": 138.13,
    "Close": 138.66,
    "Volume": 171630
  },
  {
    "Date": "13-Apr-15",
    "Open": 137.67,
    "High": 138,
    "Low": 137.2,
    "Close": 137.56,
    "Volume": 320184
  },
  {
    "Date": "10-Apr-15",
    "Open": 138.71,
    "High": 139.82,
    "Low": 138.66,
    "Close": 139.65,
    "Volume": 320366
  },
  {
    "Date": "9-Apr-15",
    "Open": 139.1,
    "High": 140.12,
    "Low": 139,
    "Close": 139.91,
    "Volume": 276669
  },
  {
    "Date": "8-Apr-15",
    "Open": 139.86,
    "High": 140.36,
    "Low": 139.54,
    "Close": 139.94,
    "Volume": 142139
  },
  {
    "Date": "7-Apr-15",
    "Open": 140.1,
    "High": 140.64,
    "Low": 139.65,
    "Close": 139.72,
    "Volume": 260796
  },
  {
    "Date": "6-Apr-15",
    "Open": 140,
    "High": 141.21,
    "Low": 140,
    "Close": 140.64,
    "Volume": 157785
  },
  {
    "Date": "2-Apr-15",
    "Open": 139.83,
    "High": 140.9,
    "Low": 139.63,
    "Close": 140.02,
    "Volume": 249000
  },
  {
    "Date": "1-Apr-15",
    "Open": 138.33,
    "High": 138.66,
    "Low": 137.77,
    "Close": 138.48,
    "Volume": 358920
  },
  {
    "Date": "31-Mar-15",
    "Open": 140.88,
    "High": 140.94,
    "Low": 139.71,
    "Close": 139.89,
    "Volume": 555115
  },
  {
    "Date": "30-Mar-15",
    "Open": 141.67,
    "High": 142.94,
    "Low": 141.38,
    "Close": 142.55,
    "Volume": 484136
  },
  {
    "Date": "27-Mar-15",
    "Open": 142.34,
    "High": 142.51,
    "Low": 141.72,
    "Close": 142.4,
    "Volume": 238148
  },
  {
    "Date": "26-Mar-15",
    "Open": 143,
    "High": 143.66,
    "Low": 142.71,
    "Close": 143.11,
    "Volume": 324381
  },
  {
    "Date": "25-Mar-15",
    "Open": 145.25,
    "High": 145.25,
    "Low": 143.78,
    "Close": 143.81,
    "Volume": 328928
  },
  {
    "Date": "24-Mar-15",
    "Open": 145.23,
    "High": 145.23,
    "Low": 144.4,
    "Close": 144.52,
    "Volume": 303685
  },
  {
    "Date": "23-Mar-15",
    "Open": 145.33,
    "High": 145.8,
    "Low": 144.95,
    "Close": 145.32,
    "Volume": 481160
  },
  {
    "Date": "20-Mar-15",
    "Open": 142.64,
    "High": 143.5,
    "Low": 142.53,
    "Close": 143.09,
    "Volume": 406865
  },
  {
    "Date": "19-Mar-15",
    "Open": 140.14,
    "High": 140.59,
    "Low": 139.65,
    "Close": 140.1,
    "Volume": 310603
  },
  {
    "Date": "18-Mar-15",
    "Open": 139.1,
    "High": 140.26,
    "Low": 138.49,
    "Close": 140.08,
    "Volume": 457887
  },
  {
    "Date": "17-Mar-15",
    "Open": 137.09,
    "High": 137.37,
    "Low": 136.6,
    "Close": 136.96,
    "Volume": 816585
  },
  {
    "Date": "16-Mar-15",
    "Open": 137.36,
    "High": 138.14,
    "Low": 137.16,
    "Close": 137.52,
    "Volume": 271010
  },
  {
    "Date": "13-Mar-15",
    "Open": 135.86,
    "High": 136.38,
    "Low": 135.46,
    "Close": 136.17,
    "Volume": 393245
  },
  {
    "Date": "12-Mar-15",
    "Open": 136.17,
    "High": 137.67,
    "Low": 136.17,
    "Close": 137.53,
    "Volume": 313196
  },
  {
    "Date": "11-Mar-15",
    "Open": 134.2,
    "High": 134.45,
    "Low": 133.83,
    "Close": 134,
    "Volume": 222735
  },
  {
    "Date": "10-Mar-15",
    "Open": 134.15,
    "High": 134.38,
    "Low": 133.6,
    "Close": 133.69,
    "Volume": 220935
  },
  {
    "Date": "9-Mar-15",
    "Open": 135.5,
    "High": 135.65,
    "Low": 134.94,
    "Close": 135.39,
    "Volume": 174080
  },
  {
    "Date": "6-Mar-15",
    "Open": 135.32,
    "High": 135.98,
    "Low": 134.7,
    "Close": 134.89,
    "Volume": 184731
  },
  {
    "Date": "5-Mar-15",
    "Open": 134.96,
    "High": 135.42,
    "Low": 134.65,
    "Close": 134.9,
    "Volume": 232871
  },
  {
    "Date": "4-Mar-15",
    "Open": 135.4,
    "High": 135.58,
    "Low": 134.4,
    "Close": 135.52,
    "Volume": 205548
  },
  {
    "Date": "3-Mar-15",
    "Open": 135.37,
    "High": 135.84,
    "Low": 135.07,
    "Close": 135.4,
    "Volume": 208809
  },
  {
    "Date": "2-Mar-15",
    "Open": 135.25,
    "High": 136,
    "Low": 135.25,
    "Close": 135.87,
    "Volume": 254458
  },
  {
    "Date": "27-Feb-15",
    "Open": 135.35,
    "High": 135.8,
    "Low": 135.35,
    "Close": 135.37,
    "Volume": 219920
  },
  {
    "Date": "26-Feb-15",
    "Open": 136.88,
    "High": 137.46,
    "Low": 136.63,
    "Close": 136.8,
    "Volume": 258041
  },
  {
    "Date": "25-Feb-15",
    "Open": 136.8,
    "High": 137.14,
    "Low": 136.39,
    "Close": 136.87,
    "Volume": 236844
  },
  {
    "Date": "24-Feb-15",
    "Open": 137.6,
    "High": 138.7,
    "Low": 137.24,
    "Close": 138.34,
    "Volume": 334976
  },
  {
    "Date": "23-Feb-15",
    "Open": 136.9,
    "High": 137.2,
    "Low": 136.4,
    "Close": 136.98,
    "Volume": 199760
  },
  {
    "Date": "20-Feb-15",
    "Open": 135.94,
    "High": 136.99,
    "Low": 135.86,
    "Close": 136.9,
    "Volume": 239833
  },
  {
    "Date": "19-Feb-15",
    "Open": 134.5,
    "High": 135.49,
    "Low": 134.38,
    "Close": 135.28,
    "Volume": 218587
  },
  {
    "Date": "18-Feb-15",
    "Open": 133.66,
    "High": 134.36,
    "Low": 133.65,
    "Close": 134.16,
    "Volume": 258385
  },
  {
    "Date": "17-Feb-15",
    "Open": 132,
    "High": 132.69,
    "Low": 132,
    "Close": 132.08,
    "Volume": 365361
  },
  {
    "Date": "13-Feb-15",
    "Open": 131.99,
    "High": 132.79,
    "Low": 131.99,
    "Close": 132.49,
    "Volume": 301012
  },
  {
    "Date": "12-Feb-15",
    "Open": 131.39,
    "High": 131.99,
    "Low": 131.2,
    "Close": 131.82,
    "Volume": 327581
  },
  {
    "Date": "11-Feb-15",
    "Open": 130.8,
    "High": 131.25,
    "Low": 130.74,
    "Close": 131.02,
    "Volume": 449212
  },
  {
    "Date": "10-Feb-15",
    "Open": 129.71,
    "High": 131.06,
    "Low": 129.71,
    "Close": 130.85,
    "Volume": 229057
  },
  {
    "Date": "9-Feb-15",
    "Open": 129.47,
    "High": 129.75,
    "Low": 128.96,
    "Close": 129.16,
    "Volume": 185983
  },
  {
    "Date": "6-Feb-15",
    "Open": 129.77,
    "High": 130.49,
    "Low": 129.37,
    "Close": 129.57,
    "Volume": 384870
  },
  {
    "Date": "5-Feb-15",
    "Open": 130.98,
    "High": 131.92,
    "Low": 130.78,
    "Close": 131.74,
    "Volume": 448164
  },
  {
    "Date": "4-Feb-15",
    "Open": 132.2,
    "High": 134.24,
    "Low": 132.2,
    "Close": 132.68,
    "Volume": 471556
  },
  {
    "Date": "3-Feb-15",
    "Open": 129.55,
    "High": 131.17,
    "Low": 129.42,
    "Close": 131.1,
    "Volume": 458084
  },
  {
    "Date": "2-Feb-15",
    "Open": 130.1,
    "High": 131.13,
    "Low": 129.71,
    "Close": 131.09,
    "Volume": 280178
  },
  {
    "Date": "30-Jan-15",
    "Open": 129.49,
    "High": 129.98,
    "Low": 128.69,
    "Close": 128.85,
    "Volume": 273905
  },
  {
    "Date": "29-Jan-15",
    "Open": 131.48,
    "High": 132.18,
    "Low": 130.94,
    "Close": 132.15,
    "Volume": 411824
  },
  {
    "Date": "28-Jan-15",
    "Open": 132.23,
    "High": 132.42,
    "Low": 130.7,
    "Close": 130.95,
    "Volume": 304090
  },
  {
    "Date": "27-Jan-15",
    "Open": 131.13,
    "High": 131.73,
    "Low": 130.88,
    "Close": 131.1,
    "Volume": 302044
  },
  {
    "Date": "26-Jan-15",
    "Open": 130.98,
    "High": 132.31,
    "Low": 130.98,
    "Close": 131.86,
    "Volume": 350596
  },
  {
    "Date": "23-Jan-15",
    "Open": 130,
    "High": 130.21,
    "Low": 129.5,
    "Close": 129.66,
    "Volume": 292883
  },
  {
    "Date": "22-Jan-15",
    "Open": 128.97,
    "High": 130.23,
    "Low": 127.96,
    "Close": 129.86,
    "Volume": 235477
  },
  {
    "Date": "21-Jan-15",
    "Open": 128.36,
    "High": 128.82,
    "Low": 128.01,
    "Close": 128.66,
    "Volume": 606667
  },
  {
    "Date": "20-Jan-15",
    "Open": 129.5,
    "High": 129.8,
    "Low": 128.76,
    "Close": 129.16,
    "Volume": 438042
  },
  {
    "Date": "16-Jan-15",
    "Open": 128.32,
    "High": 129,
    "Low": 128.05,
    "Close": 128.88,
    "Volume": 441625
  },
  {
    "Date": "15-Jan-15",
    "Open": 127.87,
    "High": 128.37,
    "Low": 126.63,
    "Close": 126.78,
    "Volume": 311433
  },
  {
    "Date": "14-Jan-15",
    "Open": 125.42,
    "High": 125.98,
    "Low": 124.63,
    "Close": 125.82,
    "Volume": 364269
  },
  {
    "Date": "13-Jan-15",
    "Open": 127.05,
    "High": 127.87,
    "Low": 125.63,
    "Close": 126.41,
    "Volume": 252873
  },
  {
    "Date": "12-Jan-15",
    "Open": 126.5,
    "High": 127.74,
    "Low": 125.34,
    "Close": 126.04,
    "Volume": 306786
  },
  {
    "Date": "9-Jan-15",
    "Open": 127.77,
    "High": 127.77,
    "Low": 125.98,
    "Close": 126.08,
    "Volume": 150308
  },
  {
    "Date": "8-Jan-15",
    "Open": 126.45,
    "High": 127.7,
    "Low": 126.45,
    "Close": 127.58,
    "Volume": 498752
  },
  {
    "Date": "7-Jan-15",
    "Open": 125.52,
    "High": 126.06,
    "Low": 125.06,
    "Close": 125.17,
    "Volume": 385738
  },
  {
    "Date": "6-Jan-15",
    "Open": 123.4,
    "High": 123.72,
    "Low": 121.21,
    "Close": 122.1,
    "Volume": 285618
  },
  {
    "Date": "5-Jan-15",
    "Open": 124.44,
    "High": 124.61,
    "Low": 123.05,
    "Close": 123.37,
    "Volume": 240551
  },
  {
    "Date": "2-Jan-15",
    "Open": 126.23,
    "High": 126.64,
    "Low": 124.89,
    "Close": 125.67,
    "Volume": 249969
  },
  {
    "Date": "31-Dec-14",
    "Open": 125.6,
    "High": 126.21,
    "Low": 125.4,
    "Close": 125.48,
    "Volume": 151146
  },
  {
    "Date": "30-Dec-14",
    "Open": 125.96,
    "High": 126.07,
    "Low": 125.33,
    "Close": 125.91,
    "Volume": 169071
  },
  {
    "Date": "29-Dec-14",
    "Open": 127.08,
    "High": 127.6,
    "Low": 126.86,
    "Close": 127.37,
    "Volume": 203629
  },
  {
    "Date": "26-Dec-14",
    "Open": 127,
    "High": 128.29,
    "Low": 127,
    "Close": 128.1,
    "Volume": 160090
  },
  {
    "Date": "24-Dec-14",
    "Open": 127.2,
    "High": 127.33,
    "Low": 126.76,
    "Close": 126.76,
    "Volume": 79976
  },
  {
    "Date": "23-Dec-14",
    "Open": 126.74,
    "High": 127.31,
    "Low": 126.56,
    "Close": 126.76,
    "Volume": 188191
  },
  {
    "Date": "22-Dec-14",
    "Open": 126.3,
    "High": 126.89,
    "Low": 125.93,
    "Close": 126.64,
    "Volume": 597989
  },
  {
    "Date": "19-Dec-14",
    "Open": 126.72,
    "High": 127.46,
    "Low": 126.52,
    "Close": 127.01,
    "Volume": 396747
  },
  {
    "Date": "18-Dec-14",
    "Open": 124.13,
    "High": 124.79,
    "Low": 123.82,
    "Close": 124.74,
    "Volume": 306688
  },
  {
    "Date": "17-Dec-14",
    "Open": 122,
    "High": 123.63,
    "Low": 122,
    "Close": 123.22,
    "Volume": 338976
  },
  {
    "Date": "16-Dec-14",
    "Open": 122.36,
    "High": 123.48,
    "Low": 121.75,
    "Close": 121.94,
    "Volume": 543850
  },
  {
    "Date": "15-Dec-14",
    "Open": 123.54,
    "High": 123.81,
    "Low": 121.06,
    "Close": 121.55,
    "Volume": 597098
  },
  {
    "Date": "12-Dec-14",
    "Open": 125.66,
    "High": 126.07,
    "Low": 124.52,
    "Close": 124.54,
    "Volume": 350144
  },
  {
    "Date": "11-Dec-14",
    "Open": 126.55,
    "High": 127.33,
    "Low": 125.87,
    "Close": 126.09,
    "Volume": 251933
  },
  {
    "Date": "10-Dec-14",
    "Open": 126.9,
    "High": 126.91,
    "Low": 125.12,
    "Close": 125.49,
    "Volume": 510048
  },
  {
    "Date": "9-Dec-14",
    "Open": 127.85,
    "High": 128.42,
    "Low": 126.82,
    "Close": 128.36,
    "Volume": 472106
  },
  {
    "Date": "8-Dec-14",
    "Open": 129.04,
    "High": 129.19,
    "Low": 128.25,
    "Close": 128.42,
    "Volume": 359494
  },
  {
    "Date": "5-Dec-14",
    "Open": 128.86,
    "High": 129.3,
    "Low": 128.47,
    "Close": 129.03,
    "Volume": 423536
  },
  {
    "Date": "4-Dec-14",
    "Open": 128.81,
    "High": 128.81,
    "Low": 128.1,
    "Close": 128.6,
    "Volume": 506714
  },
  {
    "Date": "3-Dec-14",
    "Open": 127.5,
    "High": 127.89,
    "Low": 127.12,
    "Close": 127.71,
    "Volume": 471259
  },
  {
    "Date": "2-Dec-14",
    "Open": 126.56,
    "High": 127.03,
    "Low": 126.32,
    "Close": 126.57,
    "Volume": 496387
  },
  {
    "Date": "1-Dec-14",
    "Open": 124.66,
    "High": 125.57,
    "Low": 124.55,
    "Close": 124.94,
    "Volume": 486011
  },
  {
    "Date": "28-Nov-14",
    "Open": 122.91,
    "High": 123.33,
    "Low": 122.44,
    "Close": 123.13,
    "Volume": 234417
  },
  {
    "Date": "26-Nov-14",
    "Open": 121.99,
    "High": 122,
    "Low": 121.41,
    "Close": 121.7,
    "Volume": 291794
  },
  {
    "Date": "25-Nov-14",
    "Open": 121.75,
    "High": 121.99,
    "Low": 121.74,
    "Close": 121.81,
    "Volume": 190176
  },
  {
    "Date": "24-Nov-14",
    "Open": 121.49,
    "High": 121.74,
    "Low": 121.3,
    "Close": 121.46,
    "Volume": 660984
  },
  {
    "Date": "21-Nov-14",
    "Open": 120.61,
    "High": 121.7,
    "Low": 120.61,
    "Close": 121.29,
    "Volume": 920484
  },
  {
    "Date": "20-Nov-14",
    "Open": 119.75,
    "High": 120.03,
    "Low": 119.51,
    "Close": 119.72,
    "Volume": 162970
  },
  {
    "Date": "19-Nov-14",
    "Open": 120.07,
    "High": 120.52,
    "Low": 119.46,
    "Close": 120.35,
    "Volume": 389663
  },
  {
    "Date": "18-Nov-14",
    "Open": 119.68,
    "High": 120.39,
    "Low": 119.57,
    "Close": 120.07,
    "Volume": 332386
  },
  {
    "Date": "17-Nov-14",
    "Open": 118.5,
    "High": 119.14,
    "Low": 118.08,
    "Close": 118.59,
    "Volume": 324060
  },
  {
    "Date": "14-Nov-14",
    "Open": 119.58,
    "High": 119.88,
    "Low": 119.23,
    "Close": 119.82,
    "Volume": 214214
  },
  {
    "Date": "13-Nov-14",
    "Open": 119.65,
    "High": 120.37,
    "Low": 119.65,
    "Close": 119.82,
    "Volume": 269844
  },
  {
    "Date": "12-Nov-14",
    "Open": 118.74,
    "High": 118.94,
    "Low": 118.11,
    "Close": 118.79,
    "Volume": 252844
  },
  {
    "Date": "11-Nov-14",
    "Open": 118.5,
    "High": 119.43,
    "Low": 118.43,
    "Close": 119.14,
    "Volume": 526112
  },
  {
    "Date": "10-Nov-14",
    "Open": 117.81,
    "High": 118.29,
    "Low": 117.5,
    "Close": 117.97,
    "Volume": 429760
  },
  {
    "Date": "7-Nov-14",
    "Open": 118.43,
    "High": 118.67,
    "Low": 117.68,
    "Close": 118.67,
    "Volume": 570783
  },
  {
    "Date": "6-Nov-14",
    "Open": 119.52,
    "High": 119.98,
    "Low": 119.02,
    "Close": 119.83,
    "Volume": 435494
  },
  {
    "Date": "5-Nov-14",
    "Open": 121.03,
    "High": 121.75,
    "Low": 120.41,
    "Close": 121.37,
    "Volume": 394133
  },
  {
    "Date": "4-Nov-14",
    "Open": 119.5,
    "High": 119.72,
    "Low": 118.31,
    "Close": 119.4,
    "Volume": 569633
  },
  {
    "Date": "3-Nov-14",
    "Open": 121.3,
    "High": 122.03,
    "Low": 120.81,
    "Close": 122,
    "Volume": 857749
  },
  {
    "Date": "31-Oct-14",
    "Open": 119.05,
    "High": 121.44,
    "Low": 118.5,
    "Close": 121.35,
    "Volume": 1280631
  },
  {
    "Date": "30-Oct-14",
    "Open": 114.8,
    "High": 116.3,
    "Low": 114.79,
    "Close": 115.86,
    "Volume": 194900
  },
  {
    "Date": "29-Oct-14",
    "Open": 116,
    "High": 116.65,
    "Low": 115.26,
    "Close": 115.81,
    "Volume": 245793
  },
  {
    "Date": "28-Oct-14",
    "Open": 114.65,
    "High": 115.1,
    "Low": 114.11,
    "Close": 115.1,
    "Volume": 389900
  },
  {
    "Date": "27-Oct-14",
    "Open": 114.32,
    "High": 114.85,
    "Low": 113.86,
    "Close": 114.34,
    "Volume": 198460
  },
  {
    "Date": "24-Oct-14",
    "Open": 114.41,
    "High": 114.65,
    "Low": 113.87,
    "Close": 114.51,
    "Volume": 312481
  },
  {
    "Date": "23-Oct-14",
    "Open": 113.25,
    "High": 114.15,
    "Low": 112.93,
    "Close": 113.41,
    "Volume": 408288
  },
  {
    "Date": "22-Oct-14",
    "Open": 113.11,
    "High": 113.42,
    "Low": 112.2,
    "Close": 112.27,
    "Volume": 413650
  },
  {
    "Date": "21-Oct-14",
    "Open": 112.36,
    "High": 113.47,
    "Low": 112.13,
    "Close": 113.35,
    "Volume": 665387
  },
  {
    "Date": "20-Oct-14",
    "Open": 112.33,
    "High": 113.5,
    "Low": 112.3,
    "Close": 113.31,
    "Volume": 408940
  },
  {
    "Date": "17-Oct-14",
    "Open": 108.99,
    "High": 110.39,
    "Low": 108.94,
    "Close": 109.79,
    "Volume": 469117
  },
  {
    "Date": "16-Oct-14",
    "Open": 108.99,
    "High": 110.84,
    "Low": 108.62,
    "Close": 110.18,
    "Volume": 441672
  },
  {
    "Date": "15-Oct-14",
    "Open": 109.78,
    "High": 110.38,
    "Low": 108.4,
    "Close": 110.06,
    "Volume": 632551
  },
  {
    "Date": "14-Oct-14",
    "Open": 111.94,
    "High": 112.04,
    "Low": 111.26,
    "Close": 111.62,
    "Volume": 759435
  },
  {
    "Date": "13-Oct-14",
    "Open": 114.17,
    "High": 114.67,
    "Low": 112.59,
    "Close": 112.67,
    "Volume": 425679
  },
  {
    "Date": "10-Oct-14",
    "Open": 115.01,
    "High": 115.75,
    "Low": 113.85,
    "Close": 113.97,
    "Volume": 448360
  },
  {
    "Date": "9-Oct-14",
    "Open": 116.21,
    "High": 116.3,
    "Low": 114.24,
    "Close": 114.52,
    "Volume": 371177
  },
  {
    "Date": "8-Oct-14",
    "Open": 115.58,
    "High": 116.35,
    "Low": 114.23,
    "Close": 116.26,
    "Volume": 445968
  },
  {
    "Date": "7-Oct-14",
    "Open": 117,
    "High": 117.14,
    "Low": 115.8,
    "Close": 115.82,
    "Volume": 405140
  },
  {
    "Date": "6-Oct-14",
    "Open": 116.61,
    "High": 117.22,
    "Low": 116.41,
    "Close": 116.7,
    "Volume": 339193
  },
  {
    "Date": "3-Oct-14",
    "Open": 115.7,
    "High": 116.31,
    "Low": 115.48,
    "Close": 116.16,
    "Volume": 281533
  },
  {
    "Date": "2-Oct-14",
    "Open": 115.02,
    "High": 115.18,
    "Low": 113.64,
    "Close": 114.48,
    "Volume": 507323
  },
  {
    "Date": "1-Oct-14",
    "Open": 117.94,
    "High": 117.99,
    "Low": 116.46,
    "Close": 116.65,
    "Volume": 676844
  },
  {
    "Date": "30-Sep-14",
    "Open": 117.9,
    "High": 118.11,
    "Low": 117.04,
    "Close": 117.53,
    "Volume": 481681
  },
  {
    "Date": "29-Sep-14",
    "Open": 118.07,
    "High": 118.15,
    "Low": 117.08,
    "Close": 117.52,
    "Volume": 365739
  },
  {
    "Date": "26-Sep-14",
    "Open": 118.24,
    "High": 118.8,
    "Low": 118.11,
    "Close": 118.65,
    "Volume": 271281
  },
  {
    "Date": "25-Sep-14",
    "Open": 119.02,
    "High": 119.43,
    "Low": 117.78,
    "Close": 117.87,
    "Volume": 437848
  },
  {
    "Date": "24-Sep-14",
    "Open": 118.06,
    "High": 118.91,
    "Low": 118.03,
    "Close": 118.85,
    "Volume": 272877
  },
  {
    "Date": "23-Sep-14",
    "Open": 118.98,
    "High": 119,
    "Low": 118.02,
    "Close": 118.25,
    "Volume": 314509
  },
  {
    "Date": "22-Sep-14",
    "Open": 119.11,
    "High": 119.81,
    "Low": 118.91,
    "Close": 119.01,
    "Volume": 409738
  },
  {
    "Date": "19-Sep-14",
    "Open": 119.3,
    "High": 119.4,
    "Low": 118.56,
    "Close": 118.76,
    "Volume": 262057
  },
  {
    "Date": "18-Sep-14",
    "Open": 118.82,
    "High": 119.5,
    "Low": 118.74,
    "Close": 119.43,
    "Volume": 359899
  },
  {
    "Date": "17-Sep-14",
    "Open": 117.39,
    "High": 117.94,
    "Low": 116.88,
    "Close": 117.35,
    "Volume": 262818
  },
  {
    "Date": "16-Sep-14",
    "Open": 117.24,
    "High": 117.85,
    "Low": 117.02,
    "Close": 117.59,
    "Volume": 321139
  },
  {
    "Date": "15-Sep-14",
    "Open": 116.98,
    "High": 117.28,
    "Low": 116.69,
    "Close": 117.16,
    "Volume": 176693
  },
  {
    "Date": "12-Sep-14",
    "Open": 117.38,
    "High": 117.4,
    "Low": 116.83,
    "Close": 117.11,
    "Volume": 233396
  },
  {
    "Date": "11-Sep-14",
    "Open": 116.26,
    "High": 116.48,
    "Low": 116,
    "Close": 116.37,
    "Volume": 189628
  },
  {
    "Date": "10-Sep-14",
    "Open": 116.07,
    "High": 116.59,
    "Low": 115.78,
    "Close": 116.49,
    "Volume": 359544
  },
  {
    "Date": "9-Sep-14",
    "Open": 115.4,
    "High": 115.45,
    "Low": 114.97,
    "Close": 115.02,
    "Volume": 323432
  },
  {
    "Date": "8-Sep-14",
    "Open": 116.16,
    "High": 116.31,
    "Low": 115.51,
    "Close": 116.04,
    "Volume": 219118
  },
  {
    "Date": "5-Sep-14",
    "Open": 116.09,
    "High": 116.42,
    "Low": 115.92,
    "Close": 116.39,
    "Volume": 162237
  },
  {
    "Date": "4-Sep-14",
    "Open": 116.19,
    "High": 116.76,
    "Low": 115.9,
    "Close": 116.05,
    "Volume": 382695
  },
  {
    "Date": "3-Sep-14",
    "Open": 116.12,
    "High": 116.36,
    "Low": 115.85,
    "Close": 115.96,
    "Volume": 244310
  },
  {
    "Date": "2-Sep-14",
    "Open": 115.94,
    "High": 116.21,
    "Low": 115.73,
    "Close": 116.2,
    "Volume": 293993
  },
  {
    "Date": "29-Aug-14",
    "Open": 114.5,
    "High": 114.56,
    "Low": 113.92,
    "Close": 114.32,
    "Volume": 170331
  },
  {
    "Date": "28-Aug-14",
    "Open": 114.6,
    "High": 114.9,
    "Low": 114.03,
    "Close": 114.43,
    "Volume": 281382
  },
  {
    "Date": "27-Aug-14",
    "Open": 115.1,
    "High": 115.19,
    "Low": 114.76,
    "Close": 114.91,
    "Volume": 268831
  },
  {
    "Date": "26-Aug-14",
    "Open": 115.13,
    "High": 115.7,
    "Low": 114.92,
    "Close": 115.08,
    "Volume": 250964
  },
  {
    "Date": "25-Aug-14",
    "Open": 114.77,
    "High": 115.15,
    "Low": 114.66,
    "Close": 114.87,
    "Volume": 238886
  },
  {
    "Date": "22-Aug-14",
    "Open": 114.78,
    "High": 114.78,
    "Low": 113.94,
    "Close": 114.09,
    "Volume": 476990
  },
  {
    "Date": "21-Aug-14",
    "Open": 115.75,
    "High": 116.25,
    "Low": 115.71,
    "Close": 115.78,
    "Volume": 263917
  },
  {
    "Date": "20-Aug-14",
    "Open": 115.62,
    "High": 115.88,
    "Low": 115.2,
    "Close": 115.7,
    "Volume": 320283
  },
  {
    "Date": "19-Aug-14",
    "Open": 117.1,
    "High": 117.21,
    "Low": 116.81,
    "Close": 116.95,
    "Volume": 222018
  },
  {
    "Date": "18-Aug-14",
    "Open": 117.01,
    "High": 117.47,
    "Low": 117.01,
    "Close": 117.21,
    "Volume": 156882
  },
  {
    "Date": "15-Aug-14",
    "Open": 117.25,
    "High": 117.38,
    "Low": 116.26,
    "Close": 116.89,
    "Volume": 220267
  },
  {
    "Date": "14-Aug-14",
    "Open": 117.47,
    "High": 117.79,
    "Low": 117.25,
    "Close": 117.74,
    "Volume": 181474
  },
  {
    "Date": "13-Aug-14",
    "Open": 117.85,
    "High": 118.33,
    "Low": 117.77,
    "Close": 117.93,
    "Volume": 217832
  },
  {
    "Date": "12-Aug-14",
    "Open": 117.07,
    "High": 117.55,
    "Low": 116.83,
    "Close": 117.24,
    "Volume": 242541
  },
  {
    "Date": "11-Aug-14",
    "Open": 116.73,
    "High": 117.2,
    "Low": 116.5,
    "Close": 116.76,
    "Volume": 264818
  },
  {
    "Date": "8-Aug-14",
    "Open": 116.64,
    "High": 117.66,
    "Low": 116.15,
    "Close": 117.63,
    "Volume": 254436
  },
  {
    "Date": "7-Aug-14",
    "Open": 117.46,
    "High": 118.08,
    "Low": 116.43,
    "Close": 116.68,
    "Volume": 260439
  },
  {
    "Date": "6-Aug-14",
    "Open": 116.13,
    "High": 116.76,
    "Low": 115.43,
    "Close": 116.61,
    "Volume": 429444
  },
  {
    "Date": "5-Aug-14",
    "Open": 119.01,
    "High": 119.82,
    "Low": 118.51,
    "Close": 119.03,
    "Volume": 360271
  },
  {
    "Date": "4-Aug-14",
    "Open": 117.93,
    "High": 118.33,
    "Low": 117.62,
    "Close": 118.12,
    "Volume": 131359
  },
  {
    "Date": "1-Aug-14",
    "Open": 117.71,
    "High": 118.08,
    "Low": 117.29,
    "Close": 117.59,
    "Volume": 206880
  },
  {
    "Date": "31-Jul-14",
    "Open": 119.31,
    "High": 119.71,
    "Low": 117.94,
    "Close": 117.99,
    "Volume": 290865
  },
  {
    "Date": "30-Jul-14",
    "Open": 120.52,
    "High": 120.52,
    "Low": 119.54,
    "Close": 120.04,
    "Volume": 293059
  },
  {
    "Date": "29-Jul-14",
    "Open": 120.59,
    "High": 121.46,
    "Low": 120.5,
    "Close": 120.58,
    "Volume": 399224
  },
  {
    "Date": "28-Jul-14",
    "Open": 119.96,
    "High": 120.76,
    "Low": 119.75,
    "Close": 120.58,
    "Volume": 172782
  },
  {
    "Date": "25-Jul-14",
    "Open": 119.92,
    "High": 120,
    "Low": 119.32,
    "Close": 119.63,
    "Volume": 140159
  },
  {
    "Date": "24-Jul-14",
    "Open": 119.61,
    "High": 119.99,
    "Low": 119.37,
    "Close": 119.38,
    "Volume": 152615
  },
  {
    "Date": "23-Jul-14",
    "Open": 119.39,
    "High": 119.65,
    "Low": 119.05,
    "Close": 119.43,
    "Volume": 171208
  },
  {
    "Date": "22-Jul-14",
    "Open": 118.72,
    "High": 119.42,
    "Low": 118.72,
    "Close": 119.18,
    "Volume": 117655
  },
  {
    "Date": "21-Jul-14",
    "Open": 118.69,
    "High": 119,
    "Low": 118.03,
    "Close": 118.66,
    "Volume": 143856
  },
  {
    "Date": "18-Jul-14",
    "Open": 118.84,
    "High": 118.98,
    "Low": 118.35,
    "Close": 118.9,
    "Volume": 207982
  },
  {
    "Date": "17-Jul-14",
    "Open": 119.2,
    "High": 119.48,
    "Low": 118.2,
    "Close": 118.38,
    "Volume": 244726
  },
  {
    "Date": "16-Jul-14",
    "Open": 119.4,
    "High": 119.52,
    "Low": 119.11,
    "Close": 119.15,
    "Volume": 181257
  },
  {
    "Date": "15-Jul-14",
    "Open": 119,
    "High": 119.09,
    "Low": 118.33,
    "Close": 118.71,
    "Volume": 187696
  },
  {
    "Date": "14-Jul-14",
    "Open": 119.37,
    "High": 119.49,
    "Low": 118.89,
    "Close": 119,
    "Volume": 166822
  },
  {
    "Date": "11-Jul-14",
    "Open": 118.41,
    "High": 118.8,
    "Low": 118.12,
    "Close": ""
  }
]