[
  {
    "Date": "21-May-15",
    "Open": 36.81,
    "High": 36.94,
    "Low": 36.39,
    "Close": 36.68,
    "Volume": 17421306
  },
  {
    "Date": "20-May-15",
    "Open": 37.49,
    "High": 37.94,
    "Low": 36.54,
    "Close": 36.78,
    "Volume": 23404469
  },
  {
    "Date": "19-May-15",
    "Open": 37.14,
    "High": 37.88,
    "Low": 36.9,
    "Close": 37.5,
    "Volume": 26941996
  },
  {
    "Date": "18-May-15",
    "Open": 37.1,
    "High": 37.57,
    "Low": 36.9,
    "Close": 37.28,
    "Volume": 11237346
  },
  {
    "Date": "15-May-15",
    "Open": 37.36,
    "High": 37.8,
    "Low": 37,
    "Close": 37.1,
    "Volume": 16799060
  },
  {
    "Date": "14-May-15",
    "Open": 37.93,
    "High": 38.09,
    "Low": 37.27,
    "Close": 37.33,
    "Volume": 14259607
  },
  {
    "Date": "13-May-15",
    "Open": 37.66,
    "High": 38.2,
    "Low": 37.53,
    "Close": 37.72,
    "Volume": 14075331
  },
  {
    "Date": "12-May-15",
    "Open": 37.29,
    "High": 37.8,
    "Low": 37.06,
    "Close": 37.48,
    "Volume": 11792938
  },
  {
    "Date": "11-May-15",
    "Open": 37.58,
    "High": 37.86,
    "Low": 37.2,
    "Close": 37.31,
    "Volume": 12329491
  },
  {
    "Date": "8-May-15",
    "Open": 38.02,
    "High": 38.2,
    "Low": 37.55,
    "Close": 37.59,
    "Volume": 14395832
  },
  {
    "Date": "7-May-15",
    "Open": 37.24,
    "High": 37.88,
    "Low": 36.95,
    "Close": 37.71,
    "Volume": 21258764
  },
  {
    "Date": "6-May-15",
    "Open": 37.69,
    "High": 37.78,
    "Low": 36.52,
    "Close": 37.26,
    "Volume": 29107858
  },
  {
    "Date": "5-May-15",
    "Open": 38,
    "High": 38.61,
    "Low": 37.36,
    "Close": 37.42,
    "Volume": 22605023
  },
  {
    "Date": "4-May-15",
    "Open": 38.72,
    "High": 38.96,
    "Low": 37.55,
    "Close": 37.88,
    "Volume": 27622537
  },
  {
    "Date": "1-May-15",
    "Open": 39.19,
    "High": 39.24,
    "Low": 37.37,
    "Close": 37.84,
    "Volume": 37785543
  },
  {
    "Date": "30-Apr-15",
    "Open": 39.28,
    "High": 39.74,
    "Low": 38.48,
    "Close": 38.96,
    "Volume": 46651477
  },
  {
    "Date": "29-Apr-15",
    "Open": 40.21,
    "High": 41.09,
    "Low": 38.07,
    "Close": 38.49,
    "Volume": 120488557
  },
  {
    "Date": "28-Apr-15",
    "Open": 52.16,
    "High": 52.22,
    "Low": 38.38,
    "Close": 42.27,
    "Volume": 77336612
  },
  {
    "Date": "27-Apr-15",
    "Open": 50.84,
    "High": 52.54,
    "Low": 50.82,
    "Close": 51.66,
    "Volume": 23991902
  },
  {
    "Date": "24-Apr-15",
    "Open": 51.85,
    "High": 51.96,
    "Low": 50.24,
    "Close": 50.82,
    "Volume": 14896860
  },
  {
    "Date": "23-Apr-15",
    "Open": 51.87,
    "High": 52.2,
    "Low": 51.22,
    "Close": 51.41,
    "Volume": 11490400
  },
  {
    "Date": "22-Apr-15",
    "Open": 51.48,
    "High": 52.09,
    "Low": 51.32,
    "Close": 51.73,
    "Volume": 11479493
  },
  {
    "Date": "21-Apr-15",
    "Open": 51.68,
    "High": 51.85,
    "Low": 51.1,
    "Close": 51.32,
    "Volume": 8461283
  },
  {
    "Date": "20-Apr-15",
    "Open": 51.07,
    "High": 51.48,
    "Low": 50.51,
    "Close": 51.4,
    "Volume": 11004476
  },
  {
    "Date": "17-Apr-15",
    "Open": 51.71,
    "High": 52.16,
    "Low": 50.19,
    "Close": 50.66,
    "Volume": 16676896
  },
  {
    "Date": "16-Apr-15",
    "Open": 51.3,
    "High": 52.34,
    "Low": 51.14,
    "Close": 52.03,
    "Volume": 14313301
  },
  {
    "Date": "15-Apr-15",
    "Open": 51.33,
    "High": 51.87,
    "Low": 50.91,
    "Close": 51.3,
    "Volume": 13192067
  },
  {
    "Date": "14-Apr-15",
    "Open": 51.75,
    "High": 51.81,
    "Low": 50.68,
    "Close": 51.2,
    "Volume": 12231640
  },
  {
    "Date": "13-Apr-15",
    "Open": 51.99,
    "High": 52.29,
    "Low": 51.45,
    "Close": 51.62,
    "Volume": 12306515
  },
  {
    "Date": "10-Apr-15",
    "Open": 52.29,
    "High": 52.45,
    "Low": 51.38,
    "Close": 51.94,
    "Volume": 13271155
  },
  {
    "Date": "9-Apr-15",
    "Open": 52.15,
    "High": 52.99,
    "Low": 51.54,
    "Close": 52.17,
    "Volume": 17877667
  },
  {
    "Date": "8-Apr-15",
    "Open": 53.32,
    "High": 53.49,
    "Low": 51.95,
    "Close": 52.3,
    "Volume": 22368922
  },
  {
    "Date": "7-Apr-15",
    "Open": 51.01,
    "High": 53.28,
    "Low": 50.86,
    "Close": 52.87,
    "Volume": 37080755
  },
  {
    "Date": "6-Apr-15",
    "Open": 50.03,
    "High": 51.16,
    "Low": 49.87,
    "Close": 50.84,
    "Volume": 14539680
  },
  {
    "Date": "2-Apr-15",
    "Open": 50.64,
    "High": 50.95,
    "Low": 49.88,
    "Close": 50.42,
    "Volume": 13423909
  },
  {
    "Date": "1-Apr-15",
    "Open": 51,
    "High": 51.69,
    "Low": 50.17,
    "Close": 50.47,
    "Volume": 24299197
  },
  {
    "Date": "31-Mar-15",
    "Open": 49.62,
    "High": 51.24,
    "Low": 49.54,
    "Close": 50.08,
    "Volume": 23898381
  },
  {
    "Date": "30-Mar-15",
    "Open": 50.45,
    "High": 50.71,
    "Low": 48.66,
    "Close": 49.89,
    "Volume": 20365393
  },
  {
    "Date": "27-Mar-15",
    "Open": 50.35,
    "High": 50.89,
    "Low": 49.94,
    "Close": 50.01,
    "Volume": 14852364
  },
  {
    "Date": "26-Mar-15",
    "Open": 49.65,
    "High": 50.9,
    "Low": 49.4,
    "Close": 49.92,
    "Volume": 24385783
  },
  {
    "Date": "25-Mar-15",
    "Open": 51.5,
    "High": 51.87,
    "Low": 49.31,
    "Close": 49.5,
    "Volume": 31694649
  },
  {
    "Date": "24-Mar-15",
    "Open": 48.67,
    "High": 51.79,
    "Low": 48.54,
    "Close": 51.47,
    "Volume": 38181773
  },
  {
    "Date": "23-Mar-15",
    "Open": 48.24,
    "High": 49.25,
    "Low": 47.87,
    "Close": 48.46,
    "Volume": 16389818
  },
  {
    "Date": "20-Mar-15",
    "Open": 48.36,
    "High": 49.15,
    "Low": 48.25,
    "Close": 48.44,
    "Volume": 18676496
  },
  {
    "Date": "19-Mar-15",
    "Open": 46.96,
    "High": 48.15,
    "Low": 46.45,
    "Close": 47.93,
    "Volume": 15957089
  },
  {
    "Date": "18-Mar-15",
    "Open": 46.75,
    "High": 47.38,
    "Low": 46.16,
    "Close": 47.2,
    "Volume": 13115352
  },
  {
    "Date": "17-Mar-15",
    "Open": 46.66,
    "High": 47.29,
    "Low": 46.44,
    "Close": 46.93,
    "Volume": 13361311
  },
  {
    "Date": "16-Mar-15",
    "Open": 46.9,
    "High": 47.07,
    "Low": 46.05,
    "Close": 46.43,
    "Volume": 10243160
  },
  {
    "Date": "13-Mar-15",
    "Open": 46.94,
    "High": 47.72,
    "Low": 46.45,
    "Close": 46.66,
    "Volume": 13368059
  },
  {
    "Date": "12-Mar-15",
    "Open": 46.57,
    "High": 47.32,
    "Low": 46.51,
    "Close": 47.07,
    "Volume": 12204772
  },
  {
    "Date": "11-Mar-15",
    "Open": 45.66,
    "High": 46.74,
    "Low": 45.13,
    "Close": 46.27,
    "Volume": 12273750
  },
  {
    "Date": "10-Mar-15",
    "Open": 47.23,
    "High": 47.26,
    "Low": 45.79,
    "Close": 45.84,
    "Volume": 17289874
  },
  {
    "Date": "9-Mar-15",
    "Open": 47.22,
    "High": 48.08,
    "Low": 47.13,
    "Close": 47.59,
    "Volume": 13635901
  },
  {
    "Date": "6-Mar-15",
    "Open": 47.26,
    "High": 48.07,
    "Low": 46.57,
    "Close": 46.75,
    "Volume": 11534904
  },
  {
    "Date": "5-Mar-15",
    "Open": 47.59,
    "High": 48.43,
    "Low": 47.2,
    "Close": 47.35,
    "Volume": 13511889
  },
  {
    "Date": "4-Mar-15",
    "Open": 47.51,
    "High": 47.85,
    "Low": 46.41,
    "Close": 47.57,
    "Volume": 14290082
  },
  {
    "Date": "3-Mar-15",
    "Open": 48.13,
    "High": 48.8,
    "Low": 47.44,
    "Close": 47.71,
    "Volume": 16754427
  },
  {
    "Date": "2-Mar-15",
    "Open": 48.26,
    "High": 48.3,
    "Low": 47.31,
    "Close": 48.15,
    "Volume": 13430911
  },
  {
    "Date": "27-Feb-15",
    "Open": 49.19,
    "High": 49.9,
    "Low": 47.96,
    "Close": 48.08,
    "Volume": 15004478
  },
  {
    "Date": "26-Feb-15",
    "Open": 48.81,
    "High": 50.01,
    "Low": 48.64,
    "Close": 49.41,
    "Volume": 22340876
  },
  {
    "Date": "25-Feb-15",
    "Open": 48.8,
    "High": 49.18,
    "Low": 48.25,
    "Close": 48.55,
    "Volume": 11663183
  },
  {
    "Date": "24-Feb-15",
    "Open": 48.33,
    "High": 49.3,
    "Low": 48.06,
    "Close": 48.69,
    "Volume": 11073664
  },
  {
    "Date": "23-Feb-15",
    "Open": 49.02,
    "High": 49.24,
    "Low": 48.35,
    "Close": 48.47,
    "Volume": 12541405
  },
  {
    "Date": "20-Feb-15",
    "Open": 48.76,
    "High": 49.88,
    "Low": 48.65,
    "Close": 49.11,
    "Volume": 20755575
  },
  {
    "Date": "19-Feb-15",
    "Open": 47.84,
    "High": 48.94,
    "Low": 47.42,
    "Close": 48.7,
    "Volume": 18153446
  },
  {
    "Date": "18-Feb-15",
    "Open": 48,
    "High": 48.79,
    "Low": 47.36,
    "Close": 47.82,
    "Volume": 15503060
  },
  {
    "Date": "17-Feb-15",
    "Open": 48.2,
    "High": 49.09,
    "Low": 47.89,
    "Close": 48.03,
    "Volume": 16670155
  },
  {
    "Date": "13-Feb-15",
    "Open": 47.93,
    "High": 48.82,
    "Low": 47.57,
    "Close": 48.5,
    "Volume": 20809627
  },
  {
    "Date": "12-Feb-15",
    "Open": 47.98,
    "High": 48.45,
    "Low": 46.88,
    "Close": 47.95,
    "Volume": 23071572
  },
  {
    "Date": "11-Feb-15",
    "Open": 46.27,
    "High": 47.78,
    "Low": 46.11,
    "Close": 47.5,
    "Volume": 24747029
  },
  {
    "Date": "10-Feb-15",
    "Open": 47.35,
    "High": 47.39,
    "Low": 45.57,
    "Close": 46.26,
    "Volume": 32287813
  },
  {
    "Date": "9-Feb-15",
    "Open": 46.73,
    "High": 47.69,
    "Low": 46.5,
    "Close": 47.32,
    "Volume": 36177946
  },
  {
    "Date": "6-Feb-15",
    "Open": 46.12,
    "High": 48.5,
    "Low": 45.8,
    "Close": 48.01,
    "Volume": 102973023
  },
  {
    "Date": "5-Feb-15",
    "Open": 42.04,
    "High": 43.79,
    "Low": 40.91,
    "Close": 41.26,
    "Volume": 61997292
  },
  {
    "Date": "4-Feb-15",
    "Open": 40.05,
    "High": 40.83,
    "Low": 39.82,
    "Close": 40.72,
    "Volume": 23116779
  },
  {
    "Date": "3-Feb-15",
    "Open": 38,
    "High": 40.19,
    "Low": 37.69,
    "Close": 39.79,
    "Volume": 28395371
  },
  {
    "Date": "2-Feb-15",
    "Open": 37.7,
    "High": 38.07,
    "Low": 36.92,
    "Close": 37.46,
    "Volume": 13895869
  },
  {
    "Date": "30-Jan-15",
    "Open": 36.65,
    "High": 38.15,
    "Low": 36.41,
    "Close": 37.53,
    "Volume": 15390172
  },
  {
    "Date": "29-Jan-15",
    "Open": 37.39,
    "High": 37.57,
    "Low": 36.07,
    "Close": 36.68,
    "Volume": 20088464
  },
  {
    "Date": "28-Jan-15",
    "Open": 38.43,
    "High": 38.78,
    "Low": 37.03,
    "Close": 37.15,
    "Volume": 22367616
  },
  {
    "Date": "27-Jan-15",
    "Open": 39.56,
    "High": 39.61,
    "Low": 38.38,
    "Close": 38.92,
    "Volume": 15746411
  },
  {
    "Date": "26-Jan-15",
    "Open": 39.33,
    "High": 40.13,
    "Low": 39.04,
    "Close": 40.1,
    "Volume": 13838215
  },
  {
    "Date": "23-Jan-15",
    "Open": 39.48,
    "High": 39.97,
    "Low": 38.78,
    "Close": 39.42,
    "Volume": 16439238
  },
  {
    "Date": "22-Jan-15",
    "Open": 37.98,
    "High": 39.25,
    "Low": 37.55,
    "Close": 39.07,
    "Volume": 20451716
  },
  {
    "Date": "21-Jan-15",
    "Open": 37.65,
    "High": 38.27,
    "Low": 37.33,
    "Close": 37.83,
    "Volume": 12181324
  },
  {
    "Date": "20-Jan-15",
    "Open": 37.59,
    "High": 38.14,
    "Low": 36.54,
    "Close": 37.57,
    "Volume": 17641670
  },
  {
    "Date": "16-Jan-15",
    "Open": 37.18,
    "High": 38.13,
    "Low": 36.85,
    "Close": 37.31,
    "Volume": 14966077
  },
  {
    "Date": "15-Jan-15",
    "Open": 39.7,
    "High": 39.7,
    "Low": 36.86,
    "Close": 36.93,
    "Volume": 23042008
  },
  {
    "Date": "14-Jan-15",
    "Open": 38.89,
    "High": 40.18,
    "Low": 38.8,
    "Close": 39.85,
    "Volume": 16054746
  },
  {
    "Date": "13-Jan-15",
    "Open": 39.74,
    "High": 40.35,
    "Low": 39.23,
    "Close": 39.65,
    "Volume": 18395519
  },
  {
    "Date": "12-Jan-15",
    "Open": 40.28,
    "High": 40.95,
    "Low": 39.3,
    "Close": 39.37,
    "Volume": 27639025
  },
  {
    "Date": "9-Jan-15",
    "Open": 39.22,
    "High": 40.34,
    "Low": 38.26,
    "Close": 40.17,
    "Volume": 24738362
  },
  {
    "Date": "8-Jan-15",
    "Open": 37.42,
    "High": 39.19,
    "Low": 37.09,
    "Close": 39.09,
    "Volume": 19190436
  },
  {
    "Date": "7-Jan-15",
    "Open": 39.1,
    "High": 39.1,
    "Low": 37.06,
    "Close": 37.28,
    "Volume": 22675663
  },
  {
    "Date": "6-Jan-15",
    "Open": 36.27,
    "High": 39.45,
    "Low": 36.04,
    "Close": 38.76,
    "Volume": 33050812
  },
  {
    "Date": "5-Jan-15",
    "Open": 36.26,
    "High": 37.11,
    "Low": 35.64,
    "Close": 36.38,
    "Volume": 15062744
  },
  {
    "Date": "2-Jan-15",
    "Open": 36.23,
    "High": 36.74,
    "Low": 35.54,
    "Close": 36.56,
    "Volume": 12062461
  },
  {
    "Date": "31-Dec-14",
    "Open": 35.89,
    "High": 36.49,
    "Low": 35.47,
    "Close": 35.87,
    "Volume": 17650083
  },
  {
    "Date": "30-Dec-14",
    "Open": 36.02,
    "High": 36.24,
    "Low": 35.46,
    "Close": 35.86,
    "Volume": 19494563
  },
  {
    "Date": "29-Dec-14",
    "Open": 37.39,
    "High": 37.51,
    "Low": 36.38,
    "Close": 36.42,
    "Volume": 13565360
  },
  {
    "Date": "26-Dec-14",
    "Open": 37.76,
    "High": 38.1,
    "Low": 37.54,
    "Close": 37.6,
    "Volume": 7323988
  },
  {
    "Date": "24-Dec-14",
    "Open": 37.67,
    "High": 38.35,
    "Low": 37.56,
    "Close": 37.61,
    "Volume": 6263320
  },
  {
    "Date": "23-Dec-14",
    "Open": 38.58,
    "High": 39.25,
    "Low": 37.46,
    "Close": 37.57,
    "Volume": 16858037
  },
  {
    "Date": "22-Dec-14",
    "Open": 37.5,
    "High": 38.82,
    "Low": 37.31,
    "Close": 38.43,
    "Volume": 20078978
  },
  {
    "Date": "19-Dec-14",
    "Open": 36.7,
    "High": 37.45,
    "Low": 36.5,
    "Close": 37.08,
    "Volume": 16068717
  },
  {
    "Date": "18-Dec-14",
    "Open": 36.13,
    "High": 37.27,
    "Low": 35.95,
    "Close": 36.73,
    "Volume": 19087488
  },
  {
    "Date": "17-Dec-14",
    "Open": 35.56,
    "High": 35.9,
    "Low": 34.95,
    "Close": 35.57,
    "Volume": 18544835
  },
  {
    "Date": "16-Dec-14",
    "Open": 36.5,
    "High": 36.71,
    "Low": 35.09,
    "Close": 35.13,
    "Volume": 19241183
  },
  {
    "Date": "15-Dec-14",
    "Open": 38.13,
    "High": 38.38,
    "Low": 36.73,
    "Close": 36.85,
    "Volume": 16832975
  },
  {
    "Date": "12-Dec-14",
    "Open": 36.31,
    "High": 37.71,
    "Low": 36.1,
    "Close": 37.1,
    "Volume": 15222465
  },
  {
    "Date": "11-Dec-14",
    "Open": 36.45,
    "High": 37.23,
    "Low": 36.25,
    "Close": 36.7,
    "Volume": 15707079
  },
  {
    "Date": "10-Dec-14",
    "Open": 36.91,
    "High": 37.78,
    "Low": 36.25,
    "Close": 36.35,
    "Volume": 16497652
  },
  {
    "Date": "9-Dec-14",
    "Open": 34.97,
    "High": 37.09,
    "Low": 34.62,
    "Close": 37.05,
    "Volume": 20542824
  },
  {
    "Date": "8-Dec-14",
    "Open": 38.08,
    "High": 38.12,
    "Low": 35.75,
    "Close": 36.29,
    "Volume": 30112791
  },
  {
    "Date": "5-Dec-14",
    "Open": 38.97,
    "High": 39.07,
    "Low": 38.35,
    "Close": 38.49,
    "Volume": 12587725
  },
  {
    "Date": "4-Dec-14",
    "Open": 38.8,
    "High": 39.66,
    "Low": 38.62,
    "Close": 38.79,
    "Volume": 13034027
  },
  {
    "Date": "3-Dec-14",
    "Open": 39,
    "High": 39.42,
    "Low": 38.38,
    "Close": 39.06,
    "Volume": 13241278
  },
  {
    "Date": "2-Dec-14",
    "Open": 39.4,
    "High": 39.4,
    "Low": 38.33,
    "Close": 38.91,
    "Volume": 16430289
  },
  {
    "Date": "1-Dec-14",
    "Open": 41.29,
    "High": 41.29,
    "Low": 39,
    "Close": 39.04,
    "Volume": 22213988
  },
  {
    "Date": "28-Nov-14",
    "Open": 41.09,
    "High": 42.08,
    "Low": 40.83,
    "Close": 41.74,
    "Volume": 11113905
  },
  {
    "Date": "26-Nov-14",
    "Open": 39.83,
    "High": 41.56,
    "Low": 39.74,
    "Close": 41.13,
    "Volume": 23794731
  },
  {
    "Date": "25-Nov-14",
    "Open": 40.12,
    "High": 40.3,
    "Low": 39.56,
    "Close": 39.76,
    "Volume": 16165082
  },
  {
    "Date": "24-Nov-14",
    "Open": 39.99,
    "High": 40.47,
    "Low": 39.58,
    "Close": 40.19,
    "Volume": 15176007
  },
  {
    "Date": "21-Nov-14",
    "Open": 40.25,
    "High": 40.28,
    "Low": 39.8,
    "Close": 40.03,
    "Volume": 12066551
  },
  {
    "Date": "20-Nov-14",
    "Open": 39.49,
    "High": 40.55,
    "Low": 39.32,
    "Close": 39.81,
    "Volume": 13717120
  },
  {
    "Date": "19-Nov-14",
    "Open": 40.35,
    "High": 40.47,
    "Low": 39.21,
    "Close": 39.71,
    "Volume": 19050142
  },
  {
    "Date": "18-Nov-14",
    "Open": 40.69,
    "High": 41.17,
    "Low": 39.95,
    "Close": 40.61,
    "Volume": 18605048
  },
  {
    "Date": "17-Nov-14",
    "Open": 41.46,
    "High": 41.68,
    "Low": 40.41,
    "Close": 40.47,
    "Volume": 20665239
  },
  {
    "Date": "14-Nov-14",
    "Open": 40.02,
    "High": 41.85,
    "Low": 39.77,
    "Close": 41.85,
    "Volume": 33059767
  },
  {
    "Date": "13-Nov-14",
    "Open": 43.55,
    "High": 43.95,
    "Low": 39.95,
    "Close": 40.04,
    "Volume": 67287397
  },
  {
    "Date": "12-Nov-14",
    "Open": 39.94,
    "High": 42.94,
    "Low": 39.6,
    "Close": 42.54,
    "Volume": 51814076
  },
  {
    "Date": "11-Nov-14",
    "Open": 39.31,
    "High": 39.84,
    "Low": 38.81,
    "Close": 39.59,
    "Volume": 19199463
  },
  {
    "Date": "10-Nov-14",
    "Open": 40.34,
    "High": 40.69,
    "Low": 39.42,
    "Close": 39.59,
    "Volume": 19069311
  },
  {
    "Date": "7-Nov-14",
    "Open": 40.74,
    "High": 40.74,
    "Low": 39.7,
    "Close": 40.31,
    "Volume": 18558908
  },
  {
    "Date": "6-Nov-14",
    "Open": 40.19,
    "High": 41.35,
    "Low": 40.1,
    "Close": 40.84,
    "Volume": 16292122
  },
  {
    "Date": "5-Nov-14",
    "Open": 41.69,
    "High": 41.8,
    "Low": 40.13,
    "Close": 40.37,
    "Volume": 19742219
  },
  {
    "Date": "4-Nov-14",
    "Open": 40.02,
    "High": 41.1,
    "Low": 39.75,
    "Close": 40.9,
    "Volume": 19544339
  },
  {
    "Date": "3-Nov-14",
    "Open": 40.55,
    "High": 41.2,
    "Low": 40.16,
    "Close": 40.21,
    "Volume": 31454276
  },
  {
    "Date": "31-Oct-14",
    "Open": 42.69,
    "High": 42.85,
    "Low": 41.34,
    "Close": 41.47,
    "Volume": 23895091
  },
  {
    "Date": "30-Oct-14",
    "Open": 41.56,
    "High": 42.48,
    "Low": 39.94,
    "Close": 41.8,
    "Volume": 42012595
  },
  {
    "Date": "29-Oct-14",
    "Open": 43.85,
    "High": 44.16,
    "Low": 41.81,
    "Close": 42.08,
    "Volume": 40261918
  },
  {
    "Date": "28-Oct-14",
    "Open": 42.25,
    "High": 44.58,
    "Low": 41.76,
    "Close": 43.78,
    "Volume": 83514039
  },
  {
    "Date": "27-Oct-14",
    "Open": 50.02,
    "High": 50.24,
    "Low": 47.18,
    "Close": 48.56,
    "Volume": 51896310
  },
  {
    "Date": "24-Oct-14",
    "Open": 50.16,
    "High": 50.19,
    "Low": 49.15,
    "Close": 49.95,
    "Volume": 12035228
  },
  {
    "Date": "23-Oct-14",
    "Open": 50.13,
    "High": 50.4,
    "Low": 49.2,
    "Close": 49.67,
    "Volume": 23099811
  },
  {
    "Date": "22-Oct-14",
    "Open": 51.13,
    "High": 51.84,
    "Low": 49,
    "Close": 49.08,
    "Volume": 26147867
  },
  {
    "Date": "21-Oct-14",
    "Open": 51.76,
    "High": 52.15,
    "Low": 50.3,
    "Close": 50.63,
    "Volume": 21351031
  },
  {
    "Date": "20-Oct-14",
    "Open": 49.07,
    "High": 50.89,
    "Low": 48.8,
    "Close": 50.7,
    "Volume": 17781053
  },
  {
    "Date": "17-Oct-14",
    "Open": 49.72,
    "High": 50.25,
    "Low": 48.65,
    "Close": 48.77,
    "Volume": 24630575
  },
  {
    "Date": "16-Oct-14",
    "Open": 48.34,
    "High": 49.82,
    "Low": 47.17,
    "Close": 48.23,
    "Volume": 30818799
  },
  {
    "Date": "15-Oct-14",
    "Open": 47.11,
    "High": 50.52,
    "Low": 46.38,
    "Close": 49.99,
    "Volume": 34371495
  },
  {
    "Date": "14-Oct-14",
    "Open": 49.06,
    "High": 49.53,
    "Low": 47.08,
    "Close": 48.58,
    "Volume": 29723607
  },
  {
    "Date": "13-Oct-14",
    "Open": 50.54,
    "High": 51.91,
    "Low": 48.26,
    "Close": 48.49,
    "Volume": 35326778
  },
  {
    "Date": "10-Oct-14",
    "Open": 54.57,
    "High": 55.66,
    "Low": 50.3,
    "Close": 50.4,
    "Volume": 46727275
  },
  {
    "Date": "9-Oct-14",
    "Open": 55.29,
    "High": 55.99,
    "Low": 54.92,
    "Close": 55.29,
    "Volume": 29741359
  },
  {
    "Date": "8-Oct-14",
    "Open": 53.62,
    "High": 55.67,
    "Low": 52.6,
    "Close": 55.42,
    "Volume": 31098532
  },
  {
    "Date": "7-Oct-14",
    "Open": 53.12,
    "High": 54.99,
    "Low": 53.1,
    "Close": 53.53,
    "Volume": 26082251
  },
  {
    "Date": "6-Oct-14",
    "Open": 53.94,
    "High": 54.45,
    "Low": 53.23,
    "Close": 53.49,
    "Volume": 20033423
  },
  {
    "Date": "3-Oct-14",
    "Open": 52.75,
    "High": 54.73,
    "Low": 52.11,
    "Close": 53.94,
    "Volume": 31227155
  },
  {
    "Date": "2-Oct-14",
    "Open": 51.03,
    "High": 52.1,
    "Low": 50.01,
    "Close": 51.85,
    "Volume": 27056496
  },
  {
    "Date": "1-Oct-14",
    "Open": 51.08,
    "High": 51.29,
    "Low": 49.15,
    "Close": 50.06,
    "Volume": 24733453
  },
  {
    "Date": "30-Sep-14",
    "Open": 52,
    "High": 52.19,
    "Low": 51.17,
    "Close": 51.58,
    "Volume": 12315738
  },
  {
    "Date": "29-Sep-14",
    "Open": 51.09,
    "High": 52.18,
    "Low": 50.88,
    "Close": 51.74,
    "Volume": 15404256
  },
  {
    "Date": "26-Sep-14",
    "Open": 51.97,
    "High": 52.61,
    "Low": 51.7,
    "Close": 51.89,
    "Volume": 14125293
  },
  {
    "Date": "25-Sep-14",
    "Open": 52.71,
    "High": 53.23,
    "Low": 51.27,
    "Close": 51.45,
    "Volume": 21071508
  },
  {
    "Date": "24-Sep-14",
    "Open": 52.55,
    "High": 53.34,
    "Low": 52.13,
    "Close": 52.96,
    "Volume": 17656100
  },
  {
    "Date": "23-Sep-14",
    "Open": 51.46,
    "High": 52.56,
    "Low": 51.02,
    "Close": 52.17,
    "Volume": 19997954
  },
  {
    "Date": "22-Sep-14",
    "Open": 52.38,
    "High": 52.9,
    "Low": 51.36,
    "Close": 51.94,
    "Volume": 21744393
  },
  {
    "Date": "19-Sep-14",
    "Open": 50.78,
    "High": 53,
    "Low": 50.18,
    "Close": 53,
    "Volume": 38192577
  },
  {
    "Date": "18-Sep-14",
    "Open": 50.97,
    "High": 51.88,
    "Low": 50.53,
    "Close": 50.88,
    "Volume": 22484799
  },
  {
    "Date": "17-Sep-14",
    "Open": 50.97,
    "High": 51.6,
    "Low": 50.16,
    "Close": 50.7,
    "Volume": 22874400
  },
  {
    "Date": "16-Sep-14",
    "Open": 48.7,
    "High": 50.91,
    "Low": 48.4,
    "Close": 50.83,
    "Volume": 26744763
  },
  {
    "Date": "15-Sep-14",
    "Open": 51.6,
    "High": 51.93,
    "Low": 47.56,
    "Close": 49.38,
    "Volume": 38374126
  },
  {
    "Date": "12-Sep-14",
    "Open": 52.55,
    "High": 52.82,
    "Low": 52.02,
    "Close": 52.11,
    "Volume": 22986464
  },
  {
    "Date": "11-Sep-14",
    "Open": 52.55,
    "High": 53.64,
    "Low": 52.18,
    "Close": 52.64,
    "Volume": 38099375
  },
  {
    "Date": "10-Sep-14",
    "Open": 52.11,
    "High": 53.33,
    "Low": 51.85,
    "Close": 52.91,
    "Volume": 38057661
  },
  {
    "Date": "9-Sep-14",
    "Open": 52.23,
    "High": 52.4,
    "Low": 50.22,
    "Close": 50.61,
    "Volume": 25034416
  },
  {
    "Date": "8-Sep-14",
    "Open": 51.8,
    "High": 52.68,
    "Low": 51.68,
    "Close": 52,
    "Volume": 30836421
  },
  {
    "Date": "5-Sep-14",
    "Open": 50.09,
    "High": 50.88,
    "Low": 49.52,
    "Close": 50.7,
    "Volume": 20251354
  },
  {
    "Date": "4-Sep-14",
    "Open": 49.69,
    "High": 50.86,
    "Low": 49.22,
    "Close": 50.24,
    "Volume": 24413060
  },
  {
    "Date": "3-Sep-14",
    "Open": 51.83,
    "High": 51.85,
    "Low": 49.05,
    "Close": 49.33,
    "Volume": 34411151
  },
  {
    "Date": "2-Sep-14",
    "Open": 50.02,
    "High": 51.34,
    "Low": 49.9,
    "Close": 51.02,
    "Volume": 28267227
  },
  {
    "Date": "29-Aug-14",
    "Open": 49.89,
    "High": 50.35,
    "Low": 49.13,
    "Close": 49.75,
    "Volume": 31926942
  },
  {
    "Date": "28-Aug-14",
    "Open": 47.98,
    "High": 49.88,
    "Low": 47.86,
    "Close": 49.43,
    "Volume": 35076316
  },
  {
    "Date": "27-Aug-14",
    "Open": 48.24,
    "High": 48.46,
    "Low": 47.18,
    "Close": 48.06,
    "Volume": 26127632
  },
  {
    "Date": "26-Aug-14",
    "Open": 46.1,
    "High": 48.2,
    "Low": 46.04,
    "Close": 48.17,
    "Volume": 27716184
  },
  {
    "Date": "25-Aug-14",
    "Open": 46.22,
    "High": 46.36,
    "Low": 45.7,
    "Close": 46.1,
    "Volume": 17583487
  },
  {
    "Date": "22-Aug-14",
    "Open": 45.04,
    "High": 46.14,
    "Low": 44.8,
    "Close": 45.98,
    "Volume": 19429784
  },
  {
    "Date": "21-Aug-14",
    "Open": 45.29,
    "High": 45.35,
    "Low": 44.84,
    "Close": 45.11,
    "Volume": 10619316
  },
  {
    "Date": "20-Aug-14",
    "Open": 44.93,
    "High": 45.21,
    "Low": 44.76,
    "Close": 45.06,
    "Volume": 10383233
  },
  {
    "Date": "19-Aug-14",
    "Open": 45.24,
    "High": 45.45,
    "Low": 45.03,
    "Close": 45.09,
    "Volume": 11903442
  },
  {
    "Date": "18-Aug-14",
    "Open": 45.06,
    "High": 45.33,
    "Low": 44.77,
    "Close": 45.12,
    "Volume": 14835442
  },
  {
    "Date": "15-Aug-14",
    "Open": 45.47,
    "High": 45.5,
    "Low": 44.44,
    "Close": 44.76,
    "Volume": 17794698
  },
  {
    "Date": "14-Aug-14",
    "Open": 44.4,
    "High": 45.34,
    "Low": 44.04,
    "Close": 45.33,
    "Volume": 23638935
  },
  {
    "Date": "13-Aug-14",
    "Open": 44.12,
    "High": 44.34,
    "Low": 43.62,
    "Close": 44.15,
    "Volume": 16180836
  },
  {
    "Date": "12-Aug-14",
    "Open": 44.38,
    "High": 44.72,
    "Low": 43.61,
    "Close": 43.81,
    "Volume": 29582276
  },
  {
    "Date": "11-Aug-14",
    "Open": 43.48,
    "High": 43.6,
    "Low": 42.71,
    "Close": 43.27,
    "Volume": 18420323
  },
  {
    "Date": "8-Aug-14",
    "Open": 43.02,
    "High": 43.36,
    "Low": 42.51,
    "Close": 43.13,
    "Volume": 14977725
  },
  {
    "Date": "7-Aug-14",
    "Open": 43.37,
    "High": 44.37,
    "Low": 42.89,
    "Close": 43,
    "Volume": 25389111
  },
  {
    "Date": "6-Aug-14",
    "Open": 43.39,
    "High": 44.04,
    "Low": 42.75,
    "Close": 43.46,
    "Volume": 20355349
  },
  {
    "Date": "5-Aug-14",
    "Open": 43.25,
    "High": 44.48,
    "Low": 43.02,
    "Close": 43.83,
    "Volume": 26404094
  },
  {
    "Date": "4-Aug-14",
    "Open": 43.7,
    "High": 44.53,
    "Low": 43.44,
    "Close": 43.47,
    "Volume": 22424950
  },
  {
    "Date": "1-Aug-14",
    "Open": 45.01,
    "High": 45.54,
    "Low": 43.81,
    "Close": 44.13,
    "Volume": 37194768
  },
  {
    "Date": "31-Jul-14",
    "Open": 44.62,
    "High": 45.84,
    "Low": 44.3,
    "Close": 45.19,
    "Volume": 47170214
  },
  {
    "Date": "30-Jul-14",
    "Open": 47.01,
    "High": 48,
    "Low": 45.65,
    "Close": 46.3,
    "Volume": 116195894
  },
  {
    "Date": "29-Jul-14",
    "Open": 38.11,
    "High": 38.92,
    "Low": 37.99,
    "Close": 38.59,
    "Volume": 65338012
  },
  {
    "Date": "28-Jul-14",
    "Open": 38.3,
    "High": 38.44,
    "Low": 37.56,
    "Close": 37.93,
    "Volume": 16781679
  },
  {
    "Date": "25-Jul-14",
    "Open": 38.2,
    "High": 38.8,
    "Low": 38.02,
    "Close": 38.16,
    "Volume": 15980826
  },
  {
    "Date": "24-Jul-14",
    "Open": 38.71,
    "High": 39,
    "Low": 37.85,
    "Close": 38.71,
    "Volume": 22105562
  },
  {
    "Date": "23-Jul-14",
    "Open": 37.65,
    "High": 38.19,
    "Low": 37.56,
    "Close": 37.75,
    "Volume": 13220692
  },
  {
    "Date": "22-Jul-14",
    "Open": 38.31,
    "High": 38.6,
    "Low": 37.45,
    "Close": 37.65,
    "Volume": 16837757
  },
  {
    "Date": "21-Jul-14",
    "Open": 37.23,
    "High": 38.29,
    "Low": 36.85,
    "Close": 38.05,
    "Volume": 19685415
  },
  {
    "Date": "18-Jul-14",
    "Open": 36.81,
    "High": 37.08,
    "Low": 35.95,
    "Close": 37.05,
    "Volume": 26435471
  },
  {
    "Date": "17-Jul-14",
    "Open": 36.8,
    "High": 37.17,
    "Low": 36.38,
    "Close": 36.87,
    "Volume": 22631521
  },
  {
    "Date": "16-Jul-14",
    "Open": 38.31,
    "High": 38.52,
    "Low": 37.1,
    "Close": 37.43,
    "Volume": 19726498
  },
  {
    "Date": "15-Jul-14",
    "Open": 38.59,
    "High": 38.99,
    "Low": 37.62,
    "Close": 37.88,
    "Volume": 24657590
  },
  {
    "Date": "14-Jul-14",
    "Open": 38.57,
    "High": 39.38,
    "Low": 38.2,
    "Close": 38.31,
    "Volume": 19704978
  },
  {
    "Date": "11-Jul-14",
    "Open": 38.15,
    "High": 38.79,
    "Low": 38,
    "Close": 38.33,
    "Volume": 21084782
  },
  {
    "Date": "10-Jul-14",
    "Open": 36.49,
    "High": 38.1,
    "Low": 36.11,
    "Close": 37.84,
    "Volume": 26549714
  },
  {
    "Date": "9-Jul-14",
    "Open": 37.82,
    "High": 38.35,
    "Low": 37.35,
    "Close": 38.06,
    "Volume": 26838322
  },
  {
    "Date": "8-Jul-14",
    "Open": 39.96,
    "High": 40.04,
    "Low": 36.84,
    "Close": 37.41,
    "Volume": 49952021
  },
  {
    "Date": "7-Jul-14",
    "Open": 41.08,
    "High": 41.45,
    "Low": 40.14,
    "Close": 40.23,
    "Volume": 21454528
  },
  {
    "Date": "3-Jul-14",
    "Open": 41.94,
    "High": 42,
    "Low": 40.82,
    "Close": 41.33,
    "Volume": 15795099
  },
  {
    "Date": "2-Jul-14",
    "Open": 42.83,
    "High": 42.83,
    "Low": 41.42,
    "Close": 41.77,
    "Volume": 24377465
  },
  {
    "Date": "1-Jul-14",
    "Open": 42.06,
    "High": 42.95,
    "Low": 41.91,
    "Close": 42.05,
    "Volume": 36019345
  },
  {
    "Date": "30-Jun-14",
    "Open": 40.81,
    "High": 41.34,
    "Low": 40.35,
    "Close": 40.97,
    "Volume": 22782975
  },
  {
    "Date": "27-Jun-14",
    "Open": 40.7,
    "High": 41.15,
    "Low": 40.11,
    "Close": 40.93,
    "Volume": 48261139
  },
  {
    "Date": "26-Jun-14",
    "Open": 40.05,
    "High": 42,
    "Low": 39.81,
    "Close": 41.44,
    "Volume": 45348482
  },
  {
    "Date": "25-Jun-14",
    "Open": 38.24,
    "High": 39.59,
    "Low": 38.01,
    "Close": 39.46,
    "Volume": 25457189
  },
  {
    "Date": "24-Jun-14",
    "Open": 39.44,
    "High": 39.64,
    "Low": 38.26,
    "Close": 38.48,
    "Volume": 24477866
  },
  {
    "Date": "23-Jun-14",
    "Open": 39.07,
    "High": 39.58,
    "Low": 38.73,
    "Close": 39.52,
    "Volume": 22591330
  },
  {
    "Date": "20-Jun-14",
    "Open": 38.82,
    "High": 39.24,
    "Low": 37.77,
    "Close": 39.24,
    "Volume": 41501084
  },
  {
    "Date": "19-Jun-14",
    "Open": 38.73,
    "High": 39.3,
    "Low": 38.32,
    "Close": 38.9,
    "Volume": 24648320
  },
  {
    "Date": "18-Jun-14",
    "Open": 38.16,
    "High": 38.83,
    "Low": 37.75,
    "Close": 38.74,
    "Volume": 23707470
  },
  {
    "Date": "17-Jun-14",
    "Open": 38.03,
    "High": 38.55,
    "Low": 37.3,
    "Close": 38.02,
    "Volume": 30321533
  },
  {
    "Date": "16-Jun-14",
    "Open": 36.7,
    "High": 38.17,
    "Low": 36.44,
    "Close": 38.02,
    "Volume": 29889320
  },
  {
    "Date": "13-Jun-14",
    "Open": 36.85,
    "High": 37.25,
    "Low": 35.9,
    "Close": 36.9,
    "Volume": 29129856
  },
  {
    "Date": "12-Jun-14",
    "Open": 35.06,
    "High": 37.27,
    "Low": 35.06,
    "Close": 36.79,
    "Volume": 58146088
  },
  {
    "Date": "11-Jun-14",
    "Open": 35.07,
    "High": 35.97,
    "Low": 34.93,
    "Close": 35.54,
    "Volume": 30021271
  },
  {
    "Date": "10-Jun-14",
    "Open": 34.73,
    "High": 35.5,
    "Low": 34.66,
    "Close": 35.37,
    "Volume": 36572189
  },
  {
    "Date": "9-Jun-14",
    "Open": 33.24,
    "High": 34.55,
    "Low": 33.09,
    "Close": 34.47,
    "Volume": 23397248
  },
  {
    "Date": "6-Jun-14",
    "Open": 34.14,
    "High": 34.41,
    "Low": 33.22,
    "Close": 33.33,
    "Volume": 23353197
  },
  {
    "Date": "5-Jun-14",
    "Open": 33.67,
    "High": 34.89,
    "Low": 33.11,
    "Close": 33.89,
    "Volume": 40904898
  },
  {
    "Date": "4-Jun-14",
    "Open": 32.49,
    "High": 33.32,
    "Low": 31.85,
    "Close": 32.9,
    "Volume": 24863032
  },
  {
    "Date": "3-Jun-14",
    "Open": 31.73,
    "High": 32.69,
    "Low": 31.65,
    "Close": 32.58,
    "Volume": 19948755
  },
  {
    "Date": "2-Jun-14",
    "Open": 32.89,
    "High": 33.2,
    "Low": 31.62,
    "Close": 31.75,
    "Volume": 31209765
  },
  {
    "Date": "30-May-14",
    "Open": 33.73,
    "High": 33.86,
    "Low": 32.11,
    "Close": 32.44,
    "Volume": 40603942
  },
  {
    "Date": "29-May-14",
    "Open": 34.67,
    "High": 35.14,
    "Low": 33.88,
    "Close": 34,
    "Volume": 54016285
  },
  {
    "Date": "28-May-14",
    "Open": 31.5,
    "High": 33.84,
    "Low": 31.09,
    "Close": 33.77,
    "Volume": 60302764
  },
  {
    "Date": "27-May-14",
    "Open": 30.94,
    "High": 31.2,
    "Low": 30.38,
    "Close": 30.51,
    "Volume": 25240098
  },
  {
    "Date": "23-May-14",
    "Open": 31.51,
    "High": 31.68,
    "Low": 30.45,
    "Close": 30.5,
    "Volume": 27448011
  }
]