[
  {
    "Date": "22-May-15",
    "Open": 78.15,
    "High": 78.93,
    "Low": 78.02,
    "Close": 78.47,
    "Volume": 1489248
  },
  {
    "Date": "21-May-15",
    "Open": 78.59,
    "High": 78.79,
    "Low": 77.7,
    "Close": 78.2,
    "Volume": 1112824
  },
  {
    "Date": "20-May-15",
    "Open": 78.73,
    "High": 78.85,
    "Low": 77.66,
    "Close": 78.59,
    "Volume": 1310748
  },
  {
    "Date": "19-May-15",
    "Open": 79.01,
    "High": 79.39,
    "Low": 78.43,
    "Close": 78.58,
    "Volume": 1292093
  },
  {
    "Date": "18-May-15",
    "Open": 77.92,
    "High": 79.06,
    "Low": 77.82,
    "Close": 78.86,
    "Volume": 1534664
  },
  {
    "Date": "15-May-15",
    "Open": 78.23,
    "High": 78.44,
    "Low": 77.64,
    "Close": 77.82,
    "Volume": 1149332
  },
  {
    "Date": "14-May-15",
    "Open": 77.68,
    "High": 78.38,
    "Low": 76.51,
    "Close": 78.09,
    "Volume": 1589433
  },
  {
    "Date": "13-May-15",
    "Open": 77.91,
    "High": 78.17,
    "Low": 76.88,
    "Close": 77.37,
    "Volume": 1399970
  },
  {
    "Date": "12-May-15",
    "Open": 77.6,
    "High": 78.29,
    "Low": 77.05,
    "Close": 77.92,
    "Volume": 1226487
  },
  {
    "Date": "11-May-15",
    "Open": 79.02,
    "High": 79.44,
    "Low": 78.21,
    "Close": 78.26,
    "Volume": 1835513
  },
  {
    "Date": "8-May-15",
    "Open": 78.74,
    "High": 79.7,
    "Low": 78.45,
    "Close": 79.08,
    "Volume": 2285870
  },
  {
    "Date": "7-May-15",
    "Open": 77,
    "High": 78.35,
    "Low": 76.83,
    "Close": 77.76,
    "Volume": 1921456
  },
  {
    "Date": "6-May-15",
    "Open": 77.12,
    "High": 77.4,
    "Low": 76.15,
    "Close": 76.74,
    "Volume": 2347536
  },
  {
    "Date": "5-May-15",
    "Open": 76.9,
    "High": 77.57,
    "Low": 76.34,
    "Close": 77.08,
    "Volume": 2073082
  },
  {
    "Date": "4-May-15",
    "Open": 78.11,
    "High": 78.39,
    "Low": 76.8,
    "Close": 77.11,
    "Volume": 2610228
  },
  {
    "Date": "1-May-15",
    "Open": 77.81,
    "High": 78.38,
    "Low": 77.51,
    "Close": 77.96,
    "Volume": 2484644
  },
  {
    "Date": "30-Apr-15",
    "Open": 78.9,
    "High": 79.29,
    "Low": 77.06,
    "Close": 77.55,
    "Volume": 3319026
  },
  {
    "Date": "29-Apr-15",
    "Open": 79.95,
    "High": 80.02,
    "Low": 78.16,
    "Close": 78.9,
    "Volume": 4140385
  },
  {
    "Date": "28-Apr-15",
    "Open": 81,
    "High": 81.16,
    "Low": 79.64,
    "Close": 80.49,
    "Volume": 2983712
  },
  {
    "Date": "27-Apr-15",
    "Open": 82.84,
    "High": 83.03,
    "Low": 81.3,
    "Close": 81.45,
    "Volume": 2281982
  },
  {
    "Date": "24-Apr-15",
    "Open": 83.56,
    "High": 83.56,
    "Low": 82.36,
    "Close": 82.56,
    "Volume": 2080996
  },
  {
    "Date": "23-Apr-15",
    "Open": 82.13,
    "High": 84.1,
    "Low": 82.07,
    "Close": 83.26,
    "Volume": 3590755
  },
  {
    "Date": "22-Apr-15",
    "Open": 84.01,
    "High": 84.05,
    "Low": 81.53,
    "Close": 82.27,
    "Volume": 6255634
  },
  {
    "Date": "21-Apr-15",
    "Open": 85.78,
    "High": 85.78,
    "Low": 83.18,
    "Close": 83.52,
    "Volume": 12279477
  },
  {
    "Date": "20-Apr-15",
    "Open": 86.3,
    "High": 88.15,
    "Low": 85.8,
    "Close": 87.76,
    "Volume": 5659499
  },
  {
    "Date": "17-Apr-15",
    "Open": 85.25,
    "High": 85.5,
    "Low": 84.37,
    "Close": 85.14,
    "Volume": 2324851
  },
  {
    "Date": "16-Apr-15",
    "Open": 84.5,
    "High": 85.78,
    "Low": 84.35,
    "Close": 85.71,
    "Volume": 2063209
  },
  {
    "Date": "15-Apr-15",
    "Open": 84.49,
    "High": 84.87,
    "Low": 83.73,
    "Close": 84.21,
    "Volume": 2039479
  },
  {
    "Date": "14-Apr-15",
    "Open": 85.51,
    "High": 85.68,
    "Low": 83.34,
    "Close": 84.01,
    "Volume": 2776640
  },
  {
    "Date": "13-Apr-15",
    "Open": 85.31,
    "High": 85.94,
    "Low": 84.32,
    "Close": 85.11,
    "Volume": 3401631
  },
  {
    "Date": "10-Apr-15",
    "Open": 84.3,
    "High": 84.49,
    "Low": 83.25,
    "Close": 83.75,
    "Volume": 2076228
  },
  {
    "Date": "9-Apr-15",
    "Open": 82.95,
    "High": 84.44,
    "Low": 82.85,
    "Close": 84.19,
    "Volume": 2475822
  },
  {
    "Date": "8-Apr-15",
    "Open": 81.27,
    "High": 82.8,
    "Low": 81.14,
    "Close": 82.72,
    "Volume": 2096144
  },
  {
    "Date": "7-Apr-15",
    "Open": 80.41,
    "High": 81.62,
    "Low": 80.41,
    "Close": 80.84,
    "Volume": 1242009
  },
  {
    "Date": "6-Apr-15",
    "Open": 79.05,
    "High": 80.49,
    "Low": 78.53,
    "Close": 80.25,
    "Volume": 1421183
  },
  {
    "Date": "2-Apr-15",
    "Open": 78.9,
    "High": 79.92,
    "Low": 78.84,
    "Close": 79.41,
    "Volume": 1597854
  },
  {
    "Date": "1-Apr-15",
    "Open": 80.63,
    "High": 80.63,
    "Low": 78.08,
    "Close": 78.8,
    "Volume": 2432772
  },
  {
    "Date": "31-Mar-15",
    "Open": 80.59,
    "High": 81.79,
    "Low": 80.46,
    "Close": 80.75,
    "Volume": 2026033
  },
  {
    "Date": "30-Mar-15",
    "Open": 80.4,
    "High": 80.87,
    "Low": 79.85,
    "Close": 79.91,
    "Volume": 1245629
  },
  {
    "Date": "27-Mar-15",
    "Open": 79.6,
    "High": 79.87,
    "Low": 78.8,
    "Close": 79.7,
    "Volume": 2047225
  },
  {
    "Date": "26-Mar-15",
    "Open": 79.08,
    "High": 79.44,
    "Low": 77.52,
    "Close": 78.63,
    "Volume": 2589186
  },
  {
    "Date": "25-Mar-15",
    "Open": 81.39,
    "High": 81.5,
    "Low": 79.44,
    "Close": 79.45,
    "Volume": 1951514
  },
  {
    "Date": "24-Mar-15",
    "Open": 81.65,
    "High": 81.91,
    "Low": 81.06,
    "Close": 81.5,
    "Volume": 1105193
  },
  {
    "Date": "23-Mar-15",
    "Open": 81.79,
    "High": 82.67,
    "Low": 81.33,
    "Close": 81.84,
    "Volume": 1845629
  },
  {
    "Date": "20-Mar-15",
    "Open": 82.07,
    "High": 82.34,
    "Low": 81.04,
    "Close": 81.43,
    "Volume": 2515661
  },
  {
    "Date": "19-Mar-15",
    "Open": 80.02,
    "High": 81.16,
    "Low": 79.89,
    "Close": 81.01,
    "Volume": 1576730
  },
  {
    "Date": "18-Mar-15",
    "Open": 78.48,
    "High": 80.46,
    "Low": 78.01,
    "Close": 80.03,
    "Volume": 2211369
  },
  {
    "Date": "17-Mar-15",
    "Open": 77.2,
    "High": 78.93,
    "Low": 77,
    "Close": 78.81,
    "Volume": 2503687
  },
  {
    "Date": "16-Mar-15",
    "Open": 76.38,
    "High": 77.3,
    "Low": 76.1,
    "Close": 77.29,
    "Volume": 1373483
  },
  {
    "Date": "13-Mar-15",
    "Open": 76.49,
    "High": 77.19,
    "Low": 75.44,
    "Close": 76.05,
    "Volume": 1304540
  },
  {
    "Date": "12-Mar-15",
    "Open": 75.1,
    "High": 76.85,
    "Low": 74.75,
    "Close": 76.69,
    "Volume": 1589882
  },
  {
    "Date": "11-Mar-15",
    "Open": 74.69,
    "High": 75.33,
    "Low": 74.4,
    "Close": 74.61,
    "Volume": 1159850
  },
  {
    "Date": "10-Mar-15",
    "Open": 75.03,
    "High": 75.3,
    "Low": 74.5,
    "Close": 74.6,
    "Volume": 1194135
  },
  {
    "Date": "9-Mar-15",
    "Open": 74.84,
    "High": 75.91,
    "Low": 74.69,
    "Close": 75.8,
    "Volume": 1342828
  },
  {
    "Date": "6-Mar-15",
    "Open": 75.79,
    "High": 76.32,
    "Low": 74.54,
    "Close": 74.8,
    "Volume": 1130128
  },
  {
    "Date": "5-Mar-15",
    "Open": 75.59,
    "High": 76.32,
    "Low": 75.51,
    "Close": 75.79,
    "Volume": 1993846
  },
  {
    "Date": "4-Mar-15",
    "Open": 76.01,
    "High": 76.25,
    "Low": 75.11,
    "Close": 75.51,
    "Volume": 1926757
  },
  {
    "Date": "3-Mar-15",
    "Open": 77.07,
    "High": 77.07,
    "Low": 76.03,
    "Close": 76.44,
    "Volume": 2162340
  },
  {
    "Date": "2-Mar-15",
    "Open": 76.99,
    "High": 77.49,
    "Low": 76.62,
    "Close": 77.04,
    "Volume": 2237868
  },
  {
    "Date": "27-Feb-15",
    "Open": 77,
    "High": 77.15,
    "Low": 76.56,
    "Close": 77.01,
    "Volume": 1652065
  },
  {
    "Date": "26-Feb-15",
    "Open": 76.63,
    "High": 77.28,
    "Low": 76.54,
    "Close": 77.01,
    "Volume": 1698953
  },
  {
    "Date": "25-Feb-15",
    "Open": 75.92,
    "High": 77.23,
    "Low": 75.88,
    "Close": 76.45,
    "Volume": 1985932
  },
  {
    "Date": "24-Feb-15",
    "Open": 75.87,
    "High": 76.5,
    "Low": 75.35,
    "Close": 75.55,
    "Volume": 1408817
  },
  {
    "Date": "23-Feb-15",
    "Open": 75.8,
    "High": 76.32,
    "Low": 75.56,
    "Close": 75.87,
    "Volume": 2034527
  },
  {
    "Date": "20-Feb-15",
    "Open": 73.74,
    "High": 75.2,
    "Low": 73.29,
    "Close": 75.03,
    "Volume": 1806784
  },
  {
    "Date": "19-Feb-15",
    "Open": 74.05,
    "High": 74.17,
    "Low": 73.43,
    "Close": 73.83,
    "Volume": 1320905
  },
  {
    "Date": "18-Feb-15",
    "Open": 72.87,
    "High": 74.16,
    "Low": 72.54,
    "Close": 74.12,
    "Volume": 1448401
  },
  {
    "Date": "17-Feb-15",
    "Open": 73.56,
    "High": 74.1,
    "Low": 72.72,
    "Close": 72.9,
    "Volume": 2759994
  },
  {
    "Date": "13-Feb-15",
    "Open": 74.01,
    "High": 74.73,
    "Low": 73.61,
    "Close": 73.76,
    "Volume": 1573187
  },
  {
    "Date": "12-Feb-15",
    "Open": 73.97,
    "High": 74.1,
    "Low": 73.35,
    "Close": 73.95,
    "Volume": 1405947
  },
  {
    "Date": "11-Feb-15",
    "Open": 73.38,
    "High": 74.38,
    "Low": 73.19,
    "Close": 73.78,
    "Volume": 1760333
  },
  {
    "Date": "10-Feb-15",
    "Open": 73.29,
    "High": 73.68,
    "Low": 72.72,
    "Close": 73.37,
    "Volume": 2007150
  },
  {
    "Date": "9-Feb-15",
    "Open": 73.92,
    "High": 73.92,
    "Low": 72.17,
    "Close": 72.68,
    "Volume": 3214107
  },
  {
    "Date": "6-Feb-15",
    "Open": 73.42,
    "High": 74.87,
    "Low": 72.9,
    "Close": 74.11,
    "Volume": 2944567
  },
  {
    "Date": "5-Feb-15",
    "Open": 74.07,
    "High": 76.54,
    "Low": 72.34,
    "Close": 73.3,
    "Volume": 11048849
  },
  {
    "Date": "4-Feb-15",
    "Open": 72.8,
    "High": 73.95,
    "Low": 72.02,
    "Close": 73.57,
    "Volume": 4461656
  },
  {
    "Date": "3-Feb-15",
    "Open": 72.57,
    "High": 72.88,
    "Low": 71.88,
    "Close": 72.83,
    "Volume": 2450158
  },
  {
    "Date": "2-Feb-15",
    "Open": 72.2,
    "High": 72.52,
    "Low": 71.01,
    "Close": 71.95,
    "Volume": 2675557
  },
  {
    "Date": "30-Jan-15",
    "Open": 72.39,
    "High": 73.67,
    "Low": 71.52,
    "Close": 72.08,
    "Volume": 2393957
  },
  {
    "Date": "29-Jan-15",
    "Open": 71.25,
    "High": 72.98,
    "Low": 70.95,
    "Close": 72.8,
    "Volume": 2398733
  },
  {
    "Date": "28-Jan-15",
    "Open": 72.35,
    "High": 72.49,
    "Low": 70.73,
    "Close": 70.87,
    "Volume": 1795614
  },
  {
    "Date": "27-Jan-15",
    "Open": 70.21,
    "High": 72.7,
    "Low": 70.03,
    "Close": 71.96,
    "Volume": 2678937
  },
  {
    "Date": "26-Jan-15",
    "Open": 69.88,
    "High": 71.89,
    "Low": 69.84,
    "Close": 71.61,
    "Volume": 2511250
  },
  {
    "Date": "23-Jan-15",
    "Open": 69.4,
    "High": 70.15,
    "Low": 69,
    "Close": 69.82,
    "Volume": 2186401
  },
  {
    "Date": "22-Jan-15",
    "Open": 67.08,
    "High": 69.65,
    "Low": 66.47,
    "Close": 69.42,
    "Volume": 3415020
  },
  {
    "Date": "21-Jan-15",
    "Open": 65.41,
    "High": 66.86,
    "Low": 65.02,
    "Close": 66.58,
    "Volume": 2484356
  },
  {
    "Date": "20-Jan-15",
    "Open": 65.32,
    "High": 65.91,
    "Low": 64.38,
    "Close": 65.47,
    "Volume": 2516340
  },
  {
    "Date": "16-Jan-15",
    "Open": 64.51,
    "High": 65.28,
    "Low": 63.77,
    "Close": 65.2,
    "Volume": 2505271
  },
  {
    "Date": "15-Jan-15",
    "Open": 66.09,
    "High": 66.25,
    "Low": 64.53,
    "Close": 64.65,
    "Volume": 1734135
  },
  {
    "Date": "14-Jan-15",
    "Open": 65.54,
    "High": 66.26,
    "Low": 64.94,
    "Close": 65.75,
    "Volume": 2054865
  },
  {
    "Date": "13-Jan-15",
    "Open": 67.59,
    "High": 67.89,
    "Low": 65.91,
    "Close": 66.6,
    "Volume": 1466383
  },
  {
    "Date": "12-Jan-15",
    "Open": 67.76,
    "High": 67.97,
    "Low": 66.78,
    "Close": 67.13,
    "Volume": 1574969
  },
  {
    "Date": "9-Jan-15",
    "Open": 68.55,
    "High": 68.67,
    "Low": 67.18,
    "Close": 67.65,
    "Volume": 1517051
  },
  {
    "Date": "8-Jan-15",
    "Open": 67.08,
    "High": 68.3,
    "Low": 67.08,
    "Close": 68.27,
    "Volume": 2277345
  },
  {
    "Date": "7-Jan-15",
    "Open": 65.12,
    "High": 66.72,
    "Low": 65.02,
    "Close": 66.56,
    "Volume": 2965377
  },
  {
    "Date": "6-Jan-15",
    "Open": 66.86,
    "High": 66.97,
    "Low": 64.12,
    "Close": 64.22,
    "Volume": 3875333
  },
  {
    "Date": "5-Jan-15",
    "Open": 65.88,
    "High": 66.08,
    "Low": 64.79,
    "Close": 65.3,
    "Volume": 3577287
  },
  {
    "Date": "2-Jan-15",
    "Open": 68.42,
    "High": 68.51,
    "Low": 66.12,
    "Close": 66.89,
    "Volume": 1796120
  },
  {
    "Date": "31-Dec-14",
    "Open": 68.54,
    "High": 69.2,
    "Low": 67.85,
    "Close": 67.9,
    "Volume": 1330815
  },
  {
    "Date": "30-Dec-14",
    "Open": 68.8,
    "High": 69.47,
    "Low": 68.29,
    "Close": 68.33,
    "Volume": 1033426
  },
  {
    "Date": "29-Dec-14",
    "Open": 68.09,
    "High": 69.09,
    "Low": 68,
    "Close": 68.8,
    "Volume": 1519261
  },
  {
    "Date": "26-Dec-14",
    "Open": 68.35,
    "High": 68.74,
    "Low": 68.01,
    "Close": 68.09,
    "Volume": 1108783
  },
  {
    "Date": "24-Dec-14",
    "Open": 67.82,
    "High": 68.47,
    "Low": 67.75,
    "Close": 67.97,
    "Volume": 749679
  },
  {
    "Date": "23-Dec-14",
    "Open": 68.48,
    "High": 68.49,
    "Low": 67.68,
    "Close": 67.79,
    "Volume": 1900359
  },
  {
    "Date": "22-Dec-14",
    "Open": 69.1,
    "High": 69.64,
    "Low": 67.91,
    "Close": 68.06,
    "Volume": 2352673
  },
  {
    "Date": "19-Dec-14",
    "Open": 70.79,
    "High": 71,
    "Low": 69.04,
    "Close": 69.09,
    "Volume": 3241640
  },
  {
    "Date": "18-Dec-14",
    "Open": 70.24,
    "High": 70.98,
    "Low": 69.58,
    "Close": 70.94,
    "Volume": 2642555
  },
  {
    "Date": "17-Dec-14",
    "Open": 66.45,
    "High": 69.32,
    "Low": 66.45,
    "Close": 69.15,
    "Volume": 2641623
  },
  {
    "Date": "16-Dec-14",
    "Open": 68.54,
    "High": 68.69,
    "Low": 66.37,
    "Close": 66.45,
    "Volume": 2006907
  },
  {
    "Date": "15-Dec-14",
    "Open": 69.1,
    "High": 69.6,
    "Low": 67.82,
    "Close": 68.54,
    "Volume": 1847823
  },
  {
    "Date": "12-Dec-14",
    "Open": 68.07,
    "High": 69.82,
    "Low": 68.04,
    "Close": 68.83,
    "Volume": 1439767
  },
  {
    "Date": "11-Dec-14",
    "Open": 68.16,
    "High": 69.38,
    "Low": 67.63,
    "Close": 68.53,
    "Volume": 1821378
  },
  {
    "Date": "10-Dec-14",
    "Open": 68.3,
    "High": 68.98,
    "Low": 67.26,
    "Close": 67.8,
    "Volume": 1637752
  },
  {
    "Date": "9-Dec-14",
    "Open": 68.02,
    "High": 68.45,
    "Low": 66.42,
    "Close": 68.34,
    "Volume": 2482888
  },
  {
    "Date": "8-Dec-14",
    "Open": 69.38,
    "High": 70.27,
    "Low": 68.07,
    "Close": 68.63,
    "Volume": 1487930
  },
  {
    "Date": "5-Dec-14",
    "Open": 69.74,
    "High": 69.94,
    "Low": 69.11,
    "Close": 69.43,
    "Volume": 1122398
  },
  {
    "Date": "4-Dec-14",
    "Open": 69.64,
    "High": 70.65,
    "Low": 69.23,
    "Close": 69.59,
    "Volume": 1491781
  },
  {
    "Date": "3-Dec-14",
    "Open": 69.83,
    "High": 69.96,
    "Low": 69.2,
    "Close": 69.88,
    "Volume": 1458646
  },
  {
    "Date": "2-Dec-14",
    "Open": 70,
    "High": 70.23,
    "Low": 69.12,
    "Close": 69.47,
    "Volume": 1732997
  },
  {
    "Date": "1-Dec-14",
    "Open": 72.55,
    "High": 72.75,
    "Low": 69.67,
    "Close": 69.78,
    "Volume": 2395824
  },
  {
    "Date": "28-Nov-14",
    "Open": 71.92,
    "High": 72.98,
    "Low": 71.9,
    "Close": 72.49,
    "Volume": 1193321
  },
  {
    "Date": "26-Nov-14",
    "Open": 70.67,
    "High": 71.82,
    "Low": 70.5,
    "Close": 71.48,
    "Volume": 1698539
  },
  {
    "Date": "25-Nov-14",
    "Open": 70.32,
    "High": 70.9,
    "Low": 70.22,
    "Close": 70.67,
    "Volume": 1646963
  },
  {
    "Date": "24-Nov-14",
    "Open": 69.66,
    "High": 70.14,
    "Low": 69.37,
    "Close": 70,
    "Volume": 2489480
  },
  {
    "Date": "21-Nov-14",
    "Open": 71.19,
    "High": 71.19,
    "Low": 68.72,
    "Close": 69.3,
    "Volume": 3138176
  },
  {
    "Date": "20-Nov-14",
    "Open": 70.2,
    "High": 70.92,
    "Low": 69.63,
    "Close": 70.41,
    "Volume": 2023269
  },
  {
    "Date": "19-Nov-14",
    "Open": 69.3,
    "High": 70.72,
    "Low": 68.37,
    "Close": 70.48,
    "Volume": 2727701
  },
  {
    "Date": "18-Nov-14",
    "Open": 69.25,
    "High": 69.65,
    "Low": 68.5,
    "Close": 69.37,
    "Volume": 1676689
  },
  {
    "Date": "17-Nov-14",
    "Open": 68.85,
    "High": 69.46,
    "Low": 68.38,
    "Close": 68.89,
    "Volume": 1885706
  },
  {
    "Date": "14-Nov-14",
    "Open": 69.05,
    "High": 69.67,
    "Low": 69.01,
    "Close": 69.15,
    "Volume": 1704269
  },
  {
    "Date": "13-Nov-14",
    "Open": 69.16,
    "High": 70,
    "Low": 68.84,
    "Close": 69.05,
    "Volume": 1701747
  },
  {
    "Date": "12-Nov-14",
    "Open": 68.08,
    "High": 69.35,
    "Low": 67.95,
    "Close": 69.15,
    "Volume": 1848090
  },
  {
    "Date": "11-Nov-14",
    "Open": 68.39,
    "High": 68.73,
    "Low": 67.81,
    "Close": 68.32,
    "Volume": 1767255
  },
  {
    "Date": "10-Nov-14",
    "Open": 67.2,
    "High": 68.85,
    "Low": 67.05,
    "Close": 68.34,
    "Volume": 2858871
  },
  {
    "Date": "7-Nov-14",
    "Open": 66.69,
    "High": 67.44,
    "Low": 66.24,
    "Close": 66.98,
    "Volume": 1988948
  },
  {
    "Date": "6-Nov-14",
    "Open": 64.46,
    "High": 66.32,
    "Low": 64.34,
    "Close": 66.28,
    "Volume": 1901331
  },
  {
    "Date": "5-Nov-14",
    "Open": 65.08,
    "High": 65.29,
    "Low": 63.65,
    "Close": 64.25,
    "Volume": 2484590
  },
  {
    "Date": "4-Nov-14",
    "Open": 65.55,
    "High": 65.69,
    "Low": 64.61,
    "Close": 64.79,
    "Volume": 2583146
  },
  {
    "Date": "3-Nov-14",
    "Open": 65.71,
    "High": 66.69,
    "Low": 65.56,
    "Close": 65.99,
    "Volume": 2324051
  },
  {
    "Date": "31-Oct-14",
    "Open": 65.45,
    "High": 66.22,
    "Low": 64.86,
    "Close": 65.58,
    "Volume": 2862374
  },
  {
    "Date": "30-Oct-14",
    "Open": 64.24,
    "High": 65.06,
    "Low": 63.99,
    "Close": 64.23,
    "Volume": 1667739
  },
  {
    "Date": "29-Oct-14",
    "Open": 64.06,
    "High": 64.36,
    "Low": 63.59,
    "Close": 64.27,
    "Volume": 2847129
  },
  {
    "Date": "28-Oct-14",
    "Open": 64.71,
    "High": 64.9,
    "Low": 63.97,
    "Close": 64.3,
    "Volume": 1965240
  },
  {
    "Date": "27-Oct-14",
    "Open": 64.14,
    "High": 65.15,
    "Low": 63.78,
    "Close": 64.71,
    "Volume": 1858711
  },
  {
    "Date": "24-Oct-14",
    "Open": 64.35,
    "High": 65.05,
    "Low": 63.88,
    "Close": 64.25,
    "Volume": 2351945
  },
  {
    "Date": "23-Oct-14",
    "Open": 62.79,
    "High": 67.4,
    "Low": 61.82,
    "Close": 64.34,
    "Volume": 9997216
  },
  {
    "Date": "22-Oct-14",
    "Open": 67.82,
    "High": 68.24,
    "Low": 65.76,
    "Close": 66.05,
    "Volume": 4423645
  },
  {
    "Date": "21-Oct-14",
    "Open": 65.73,
    "High": 67.49,
    "Low": 65.68,
    "Close": 67.45,
    "Volume": 3011766
  },
  {
    "Date": "20-Oct-14",
    "Open": 65.07,
    "High": 65.54,
    "Low": 64.6,
    "Close": 65.11,
    "Volume": 2734932
  },
  {
    "Date": "17-Oct-14",
    "Open": 65.77,
    "High": 66.48,
    "Low": 64.9,
    "Close": 65.13,
    "Volume": 2919086
  },
  {
    "Date": "16-Oct-14",
    "Open": 61.69,
    "High": 64.82,
    "Low": 61.56,
    "Close": 64.63,
    "Volume": 2913501
  },
  {
    "Date": "15-Oct-14",
    "Open": 60.61,
    "High": 63.3,
    "Low": 60,
    "Close": 63.01,
    "Volume": 4495608
  },
  {
    "Date": "14-Oct-14",
    "Open": 62.22,
    "High": 62.82,
    "Low": 61.09,
    "Close": 61.71,
    "Volume": 3764933
  },
  {
    "Date": "13-Oct-14",
    "Open": 63.51,
    "High": 63.65,
    "Low": 60.24,
    "Close": 61.64,
    "Volume": 4226961
  },
  {
    "Date": "10-Oct-14",
    "Open": 65.37,
    "High": 65.92,
    "Low": 63.26,
    "Close": 63.72,
    "Volume": 2735762
  },
  {
    "Date": "9-Oct-14",
    "Open": 67.45,
    "High": 67.89,
    "Low": 65.11,
    "Close": 65.37,
    "Volume": 2997768
  },
  {
    "Date": "8-Oct-14",
    "Open": 66.09,
    "High": 67.71,
    "Low": 64.88,
    "Close": 67.51,
    "Volume": 2372512
  },
  {
    "Date": "7-Oct-14",
    "Open": 66.45,
    "High": 67.14,
    "Low": 65.75,
    "Close": 66.01,
    "Volume": 1957959
  },
  {
    "Date": "6-Oct-14",
    "Open": 68.28,
    "High": 68.4,
    "Low": 66.5,
    "Close": 66.8,
    "Volume": 2029834
  },
  {
    "Date": "3-Oct-14",
    "Open": 67.49,
    "High": 68.34,
    "Low": 67.15,
    "Close": 67.84,
    "Volume": 1990854
  },
  {
    "Date": "2-Oct-14",
    "Open": 66.34,
    "High": 67.03,
    "Low": 64.44,
    "Close": 66.79,
    "Volume": 3140214
  },
  {
    "Date": "1-Oct-14",
    "Open": 68.9,
    "High": 69.01,
    "Low": 65.62,
    "Close": 66.37,
    "Volume": 3313012
  },
  {
    "Date": "30-Sep-14",
    "Open": 70.07,
    "High": 70.5,
    "Low": 68.88,
    "Close": 69.1,
    "Volume": 2507103
  },
  {
    "Date": "29-Sep-14",
    "Open": 68.9,
    "High": 70.29,
    "Low": 68.76,
    "Close": 70.12,
    "Volume": 1966482
  },
  {
    "Date": "26-Sep-14",
    "Open": 69.26,
    "High": 70.57,
    "Low": 69.1,
    "Close": 69.82,
    "Volume": 4507419
  },
  {
    "Date": "25-Sep-14",
    "Open": 68.4,
    "High": 68.88,
    "Low": 67.5,
    "Close": 67.55,
    "Volume": 3064867
  },
  {
    "Date": "24-Sep-14",
    "Open": 66.91,
    "High": 68.74,
    "Low": 66.47,
    "Close": 68.68,
    "Volume": 1960139
  },
  {
    "Date": "23-Sep-14",
    "Open": 66.22,
    "High": 68,
    "Low": 66.17,
    "Close": 66.88,
    "Volume": 2344370
  },
  {
    "Date": "22-Sep-14",
    "Open": 68.31,
    "High": 68.43,
    "Low": 65.14,
    "Close": 66.47,
    "Volume": 3251754
  },
  {
    "Date": "19-Sep-14",
    "Open": 70.06,
    "High": 70.16,
    "Low": 68.25,
    "Close": 68.41,
    "Volume": 5474527
  },
  {
    "Date": "18-Sep-14",
    "Open": 69.23,
    "High": 69.75,
    "Low": 69.06,
    "Close": 69.57,
    "Volume": 1391448
  },
  {
    "Date": "17-Sep-14",
    "Open": 68.19,
    "High": 69.6,
    "Low": 68.19,
    "Close": 69.09,
    "Volume": 2663194
  },
  {
    "Date": "16-Sep-14",
    "Open": 67,
    "High": 68.03,
    "Low": 66.51,
    "Close": 67.75,
    "Volume": 2723941
  },
  {
    "Date": "15-Sep-14",
    "Open": 69.27,
    "High": 69.39,
    "Low": 66.23,
    "Close": 67.19,
    "Volume": 3057813
  },
  {
    "Date": "12-Sep-14",
    "Open": 70.03,
    "High": 70.41,
    "Low": 68.62,
    "Close": 69.24,
    "Volume": 1802087
  },
  {
    "Date": "11-Sep-14",
    "Open": 70.11,
    "High": 70.37,
    "Low": 69.33,
    "Close": 69.92,
    "Volume": 1856419
  },
  {
    "Date": "10-Sep-14",
    "Open": 70.6,
    "High": 71.09,
    "Low": 69.51,
    "Close": 70.12,
    "Volume": 2060164
  },
  {
    "Date": "9-Sep-14",
    "Open": 72.86,
    "High": 72.86,
    "Low": 70.37,
    "Close": 70.6,
    "Volume": 2225618
  },
  {
    "Date": "8-Sep-14",
    "Open": 72.53,
    "High": 73.42,
    "Low": 71.93,
    "Close": 72.69,
    "Volume": 1556265
  },
  {
    "Date": "5-Sep-14",
    "Open": 71.68,
    "High": 72.64,
    "Low": 71.15,
    "Close": 72.53,
    "Volume": 1749353
  },
  {
    "Date": "4-Sep-14",
    "Open": 70.56,
    "High": 72.65,
    "Low": 70.48,
    "Close": 71.97,
    "Volume": 2757468
  },
  {
    "Date": "3-Sep-14",
    "Open": 71.76,
    "High": 72.38,
    "Low": 70.14,
    "Close": 70.34,
    "Volume": 2462092
  },
  {
    "Date": "2-Sep-14",
    "Open": 68.56,
    "High": 71.17,
    "Low": 68.4,
    "Close": 71.13,
    "Volume": 3652750
  },
  {
    "Date": "29-Aug-14",
    "Open": 69.96,
    "High": 69.98,
    "Low": 68.11,
    "Close": 68.36,
    "Volume": 2398123
  },
  {
    "Date": "28-Aug-14",
    "Open": 69.79,
    "High": 69.84,
    "Low": 69.22,
    "Close": 69.68,
    "Volume": 1559602
  },
  {
    "Date": "27-Aug-14",
    "Open": 70.69,
    "High": 70.84,
    "Low": 69.64,
    "Close": 70.06,
    "Volume": 1808234
  },
  {
    "Date": "26-Aug-14",
    "Open": 70.64,
    "High": 71.18,
    "Low": 70,
    "Close": 70.82,
    "Volume": 1328432
  },
  {
    "Date": "25-Aug-14",
    "Open": 71.17,
    "High": 71.39,
    "Low": 70.46,
    "Close": 70.55,
    "Volume": 1199926
  },
  {
    "Date": "22-Aug-14",
    "Open": 69.55,
    "High": 70.89,
    "Low": 68.89,
    "Close": 70.62,
    "Volume": 1682280
  },
  {
    "Date": "21-Aug-14",
    "Open": 70.88,
    "High": 70.89,
    "Low": 69.08,
    "Close": 69.44,
    "Volume": 1689107
  },
  {
    "Date": "20-Aug-14",
    "Open": 69.79,
    "High": 71.27,
    "Low": 69.59,
    "Close": 70.56,
    "Volume": 1588285
  },
  {
    "Date": "19-Aug-14",
    "Open": 70.61,
    "High": 71.79,
    "Low": 69.64,
    "Close": 70.12,
    "Volume": 2123871
  },
  {
    "Date": "18-Aug-14",
    "Open": 69.4,
    "High": 70.41,
    "Low": 69.24,
    "Close": 70.18,
    "Volume": 2454584
  },
  {
    "Date": "15-Aug-14",
    "Open": 69.23,
    "High": 69.51,
    "Low": 68.09,
    "Close": 68.84,
    "Volume": 1550605
  },
  {
    "Date": "14-Aug-14",
    "Open": 69.39,
    "High": 69.45,
    "Low": 68.36,
    "Close": 68.8,
    "Volume": 1435031
  },
  {
    "Date": "13-Aug-14",
    "Open": 68.59,
    "High": 69.27,
    "Low": 68,
    "Close": 69.09,
    "Volume": 1886152
  },
  {
    "Date": "12-Aug-14",
    "Open": 69.03,
    "High": 70.07,
    "Low": 68.1,
    "Close": 68.36,
    "Volume": 2028537
  },
  {
    "Date": "11-Aug-14",
    "Open": 68.9,
    "High": 69.4,
    "Low": 68.15,
    "Close": 68.9,
    "Volume": 1625067
  },
  {
    "Date": "8-Aug-14",
    "Open": 67.95,
    "High": 68.59,
    "Low": 67.17,
    "Close": 68.49,
    "Volume": 1522789
  },
  {
    "Date": "7-Aug-14",
    "Open": 68.5,
    "High": 68.99,
    "Low": 67.41,
    "Close": 67.74,
    "Volume": 1443383
  },
  {
    "Date": "6-Aug-14",
    "Open": 67.61,
    "High": 68.92,
    "Low": 67.18,
    "Close": 68.24,
    "Volume": 1829578
  },
  {
    "Date": "5-Aug-14",
    "Open": 68.05,
    "High": 68.91,
    "Low": 67.7,
    "Close": 68.35,
    "Volume": 2038535
  },
  {
    "Date": "4-Aug-14",
    "Open": 67.95,
    "High": 68.64,
    "Low": 67.18,
    "Close": 68.28,
    "Volume": 1735500
  },
  {
    "Date": "1-Aug-14",
    "Open": 66.92,
    "High": 67.89,
    "Low": 66.45,
    "Close": 67.44,
    "Volume": 2647916
  },
  {
    "Date": "31-Jul-14",
    "Open": 68.26,
    "High": 68.97,
    "Low": 66.28,
    "Close": 66.75,
    "Volume": 4522650
  },
  {
    "Date": "30-Jul-14",
    "Open": 69.24,
    "High": 69.66,
    "Low": 68.68,
    "Close": 69.22,
    "Volume": 2829049
  },
  {
    "Date": "29-Jul-14",
    "Open": 69.98,
    "High": 69.98,
    "Low": 68.68,
    "Close": 68.85,
    "Volume": 2140474
  },
  {
    "Date": "28-Jul-14",
    "Open": 69.05,
    "High": 70.09,
    "Low": 68.34,
    "Close": 69.63,
    "Volume": 2388252
  },
  {
    "Date": "25-Jul-14",
    "Open": 69.01,
    "High": 70.94,
    "Low": 68.89,
    "Close": 69.11,
    "Volume": 4193266
  },
  {
    "Date": "24-Jul-14",
    "Open": 65.51,
    "High": 70.25,
    "Low": 65.5,
    "Close": 69.55,
    "Volume": 12576879
  },
  {
    "Date": "23-Jul-14",
    "Open": 60.21,
    "High": 60.68,
    "Low": 59.5,
    "Close": 60.63,
    "Volume": 2725466
  },
  {
    "Date": "22-Jul-14",
    "Open": 59.25,
    "High": 60.63,
    "Low": 59.22,
    "Close": 60.26,
    "Volume": 2170049
  },
  {
    "Date": "21-Jul-14",
    "Open": 58.29,
    "High": 59.48,
    "Low": 58.05,
    "Close": 58.96,
    "Volume": 1943125
  },
  {
    "Date": "18-Jul-14",
    "Open": 57.5,
    "High": 58.77,
    "Low": 57.23,
    "Close": 58.61,
    "Volume": 2005384
  },
  {
    "Date": "17-Jul-14",
    "Open": 57.19,
    "High": 57.99,
    "Low": 56.79,
    "Close": 57,
    "Volume": 1801757
  },
  {
    "Date": "16-Jul-14",
    "Open": 58.75,
    "High": 58.87,
    "Low": 57.28,
    "Close": 57.34,
    "Volume": 2089608
  },
  {
    "Date": "15-Jul-14",
    "Open": 58.7,
    "High": 58.8,
    "Low": 57.6,
    "Close": 58.37,
    "Volume": 1770257
  },
  {
    "Date": "14-Jul-14",
    "Open": 59.24,
    "High": 59.3,
    "Low": 58.68,
    "Close": 58.98,
    "Volume": 1119168
  },
  {
    "Date": "11-Jul-14",
    "Open": 58.46,
    "High": 58.82,
    "Low": 58.25,
    "Close": 58.74,
    "Volume": 1380157
  },
  {
    "Date": "10-Jul-14",
    "Open": 58.67,
    "High": 58.95,
    "Low": 57.33,
    "Close": 58.19,
    "Volume": 4897243
  },
  {
    "Date": "9-Jul-14",
    "Open": 58.53,
    "High": 59.97,
    "Low": 58.43,
    "Close": 59.91,
    "Volume": 2584163
  },
  {
    "Date": "8-Jul-14",
    "Open": 59.37,
    "High": 59.48,
    "Low": 56.91,
    "Close": 58.22,
    "Volume": 3352521
  },
  {
    "Date": "7-Jul-14",
    "Open": 60.19,
    "High": 60.59,
    "Low": 58.87,
    "Close": 59.33,
    "Volume": 1641131
  },
  {
    "Date": "3-Jul-14",
    "Open": 59.66,
    "High": 60.4,
    "Low": 59.46,
    "Close": 60.25,
    "Volume": 954533
  },
  {
    "Date": "2-Jul-14",
    "Open": 60.37,
    "High": 60.57,
    "Low": 59.18,
    "Close": 59.26,
    "Volume": 1809068
  },
  {
    "Date": "1-Jul-14",
    "Open": 59.72,
    "High": 60.79,
    "Low": 59.42,
    "Close": 60.28,
    "Volume": 2078461
  },
  {
    "Date": "30-Jun-14",
    "Open": 59.48,
    "High": 60.17,
    "Low": 59.07,
    "Close": 59.49,
    "Volume": 2683116
  },
  {
    "Date": "27-Jun-14",
    "Open": 59.26,
    "High": 59.75,
    "Low": 59.08,
    "Close": 59.49,
    "Volume": 2156493
  },
  {
    "Date": "26-Jun-14",
    "Open": 59.14,
    "High": 59.56,
    "Low": 58.51,
    "Close": 59.17,
    "Volume": 1646701
  },
  {
    "Date": "25-Jun-14",
    "Open": 57.79,
    "High": 59.2,
    "Low": 57.76,
    "Close": 59.16,
    "Volume": 1823795
  },
  {
    "Date": "24-Jun-14",
    "Open": 58.48,
    "High": 59.14,
    "Low": 57.75,
    "Close": 57.82,
    "Volume": 2383734
  },
  {
    "Date": "23-Jun-14",
    "Open": 59.05,
    "High": 59.15,
    "Low": 57.89,
    "Close": 58.45,
    "Volume": 2867672
  },
  {
    "Date": "20-Jun-14",
    "Open": 58.89,
    "High": 59.05,
    "Low": 58.57,
    "Close": 58.88,
    "Volume": 2283377
  },
  {
    "Date": "19-Jun-14",
    "Open": 59.74,
    "High": 59.74,
    "Low": 58.26,
    "Close": 58.74,
    "Volume": 1798153
  },
  {
    "Date": "18-Jun-14",
    "Open": 59.52,
    "High": 59.81,
    "Low": 58.04,
    "Close": 59.65,
    "Volume": 2440475
  },
  {
    "Date": "17-Jun-14",
    "Open": 58.47,
    "High": 60.13,
    "Low": 58.38,
    "Close": 59.59,
    "Volume": 3320718
  },
  {
    "Date": "16-Jun-14",
    "Open": 57.47,
    "High": 58.59,
    "Low": 57.31,
    "Close": 58.51,
    "Volume": 2237602
  },
  {
    "Date": "13-Jun-14",
    "Open": 56.44,
    "High": 57.83,
    "Low": 56.26,
    "Close": 57.51,
    "Volume": 2368312
  },
  {
    "Date": "12-Jun-14",
    "Open": 55.8,
    "High": 57,
    "Low": 55.77,
    "Close": 56.61,
    "Volume": 2389505
  },
  {
    "Date": "11-Jun-14",
    "Open": 55.66,
    "High": 56.06,
    "Low": 55.37,
    "Close": 56.03,
    "Volume": 1779886
  },
  {
    "Date": "10-Jun-14",
    "Open": 55.71,
    "High": 56.5,
    "Low": 55.65,
    "Close": 56.19,
    "Volume": 2058426
  },
  {
    "Date": "9-Jun-14",
    "Open": 55.93,
    "High": 56.38,
    "Low": 55.3,
    "Close": 55.86,
    "Volume": 2370249
  },
  {
    "Date": "6-Jun-14",
    "Open": 55.05,
    "High": 56.04,
    "Low": 54.8,
    "Close": 56.01,
    "Volume": 4107671
  },
  {
    "Date": "5-Jun-14",
    "Open": 53.75,
    "High": 55.08,
    "Low": 52.57,
    "Close": 55.05,
    "Volume": 5653528
  },
  {
    "Date": "4-Jun-14",
    "Open": 52.02,
    "High": 53.99,
    "Low": 51.07,
    "Close": 53.62,
    "Volume": 5555090
  },
  {
    "Date": "3-Jun-14",
    "Open": 51.21,
    "High": 51.37,
    "Low": 50.84,
    "Close": 51.1,
    "Volume": 2971761
  },
  {
    "Date": "2-Jun-14",
    "Open": 51,
    "High": 51.73,
    "Low": 50.66,
    "Close": 51.47,
    "Volume": 2783805
  },
  {
    "Date": "30-May-14",
    "Open": 50.88,
    "High": 50.97,
    "Low": 50.29,
    "Close": 50.79,
    "Volume": 3019874
  },
  {
    "Date": "29-May-14",
    "Open": 50.16,
    "High": 50.81,
    "Low": 49.84,
    "Close": 50.79,
    "Volume": 3480061
  },
  {
    "Date": "28-May-14",
    "Open": 50.05,
    "High": 50.25,
    "Low": 49.3,
    "Close": 50.15,
    "Volume": 4202664
  }
]