[
  {
    "Date": "21-May-15",
    "Open": 35,
    "High": 35.66,
    "Low": 35,
    "Close": 35.58,
    "Volume": 15967697
  },
  {
    "Date": "20-May-15",
    "Open": 35.24,
    "High": 35.3,
    "Low": 34.66,
    "Close": 35.02,
    "Volume": 12926284
  },
  {
    "Date": "19-May-15",
    "Open": 35.17,
    "High": 35.24,
    "Low": 34.96,
    "Close": 35.12,
    "Volume": 9856696
  },
  {
    "Date": "18-May-15",
    "Open": 34.97,
    "High": 35.2,
    "Low": 34.85,
    "Close": 35.05,
    "Volume": 10285676
  },
  {
    "Date": "15-May-15",
    "Open": 34.7,
    "High": 34.98,
    "Low": 34.7,
    "Close": 34.91,
    "Volume": 9778760
  },
  {
    "Date": "14-May-15",
    "Open": 35,
    "High": 35.04,
    "Low": 34.53,
    "Close": 34.65,
    "Volume": 12645342
  },
  {
    "Date": "13-May-15",
    "Open": 34.78,
    "High": 34.97,
    "Low": 34.71,
    "Close": 34.8,
    "Volume": 9197485
  },
  {
    "Date": "12-May-15",
    "Open": 34.96,
    "High": 34.96,
    "Low": 34.51,
    "Close": 34.74,
    "Volume": 14049298
  },
  {
    "Date": "11-May-15",
    "Open": 35.3,
    "High": 35.59,
    "Low": 35.17,
    "Close": 35.22,
    "Volume": 8833144
  },
  {
    "Date": "8-May-15",
    "Open": 35.05,
    "High": 35.46,
    "Low": 35.03,
    "Close": 35.32,
    "Volume": 12787003
  },
  {
    "Date": "7-May-15",
    "Open": 34.64,
    "High": 35.03,
    "Low": 34.55,
    "Close": 34.88,
    "Volume": 14033685
  },
  {
    "Date": "6-May-15",
    "Open": 35.14,
    "High": 35.23,
    "Low": 34.55,
    "Close": 34.77,
    "Volume": 13076231
  },
  {
    "Date": "5-May-15",
    "Open": 35.4,
    "High": 35.52,
    "Low": 34.99,
    "Close": 35.01,
    "Volume": 11068061
  },
  {
    "Date": "4-May-15",
    "Open": 35.5,
    "High": 35.72,
    "Low": 35.4,
    "Close": 35.4,
    "Volume": 12020149
  },
  {
    "Date": "1-May-15",
    "Open": 35.17,
    "High": 35.47,
    "Low": 34.81,
    "Close": 35.42,
    "Volume": 15307418
  },
  {
    "Date": "30-Apr-15",
    "Open": 35.26,
    "High": 35.43,
    "Low": 34.93,
    "Close": 35.06,
    "Volume": 15784462
  },
  {
    "Date": "29-Apr-15",
    "Open": 35.5,
    "High": 35.7,
    "Low": 35.24,
    "Close": 35.51,
    "Volume": 11907293
  },
  {
    "Date": "28-Apr-15",
    "Open": 35.75,
    "High": 35.96,
    "Low": 35.17,
    "Close": 35.72,
    "Volume": 14857492
  },
  {
    "Date": "27-Apr-15",
    "Open": 35.65,
    "High": 35.95,
    "Low": 35.56,
    "Close": 35.78,
    "Volume": 15497419
  },
  {
    "Date": "24-Apr-15",
    "Open": 35.72,
    "High": 35.81,
    "Low": 35.44,
    "Close": 35.59,
    "Volume": 21252471
  },
  {
    "Date": "23-Apr-15",
    "Open": 36.25,
    "High": 36.3,
    "Low": 35.58,
    "Close": 35.92,
    "Volume": 41820353
  },
  {
    "Date": "22-Apr-15",
    "Open": 37.13,
    "High": 37.22,
    "Low": 36.67,
    "Close": 37.16,
    "Volume": 16025077
  },
  {
    "Date": "21-Apr-15",
    "Open": 37.33,
    "High": 37.45,
    "Low": 36.82,
    "Close": 37.16,
    "Volume": 17130529
  },
  {
    "Date": "20-Apr-15",
    "Open": 36.95,
    "High": 37.17,
    "Low": 36.75,
    "Close": 37.11,
    "Volume": 13880809
  },
  {
    "Date": "17-Apr-15",
    "Open": 36.83,
    "High": 36.85,
    "Low": 36.5,
    "Close": 36.64,
    "Volume": 14375154
  },
  {
    "Date": "16-Apr-15",
    "Open": 37.13,
    "High": 37.18,
    "Low": 36.74,
    "Close": 37.08,
    "Volume": 12225840
  },
  {
    "Date": "15-Apr-15",
    "Open": 36.82,
    "High": 37.08,
    "Low": 36.65,
    "Close": 36.94,
    "Volume": 13734922
  },
  {
    "Date": "14-Apr-15",
    "Open": 36.46,
    "High": 36.82,
    "Low": 36.44,
    "Close": 36.48,
    "Volume": 12989688
  },
  {
    "Date": "13-Apr-15",
    "Open": 36.63,
    "High": 36.86,
    "Low": 36.38,
    "Close": 36.4,
    "Volume": 13530698
  },
  {
    "Date": "10-Apr-15",
    "Open": 36.74,
    "High": 36.78,
    "Low": 36.37,
    "Close": 36.57,
    "Volume": 16768879
  },
  {
    "Date": "9-Apr-15",
    "Open": 36.1,
    "High": 36.39,
    "Low": 36.03,
    "Close": 36.29,
    "Volume": 15475319
  },
  {
    "Date": "8-Apr-15",
    "Open": 35.89,
    "High": 36.19,
    "Low": 35.75,
    "Close": 36.11,
    "Volume": 27460319
  },
  {
    "Date": "7-Apr-15",
    "Open": 35.99,
    "High": 36.09,
    "Low": 35.64,
    "Close": 35.73,
    "Volume": 56224010
  },
  {
    "Date": "6-Apr-15",
    "Open": 36.26,
    "High": 36.97,
    "Low": 36.21,
    "Close": 36.66,
    "Volume": 13178964
  },
  {
    "Date": "2-Apr-15",
    "Open": 36.61,
    "High": 36.73,
    "Low": 36.33,
    "Close": 36.5,
    "Volume": 16517696
  },
  {
    "Date": "1-Apr-15",
    "Open": 37.27,
    "High": 37.37,
    "Low": 36.56,
    "Close": 36.74,
    "Volume": 16631209
  },
  {
    "Date": "31-Mar-15",
    "Open": 37.68,
    "High": 38.04,
    "Low": 37.46,
    "Close": 37.5,
    "Volume": 12633373
  },
  {
    "Date": "30-Mar-15",
    "Open": 37.58,
    "High": 37.87,
    "Low": 37.53,
    "Close": 37.68,
    "Volume": 9980316
  },
  {
    "Date": "27-Mar-15",
    "Open": 37.34,
    "High": 37.48,
    "Low": 37.08,
    "Close": 37.31,
    "Volume": 9237616
  },
  {
    "Date": "26-Mar-15",
    "Open": 37.7,
    "High": 37.91,
    "Low": 37.15,
    "Close": 37.35,
    "Volume": 13814459
  },
  {
    "Date": "25-Mar-15",
    "Open": 37.88,
    "High": 37.91,
    "Low": 37.37,
    "Close": 37.38,
    "Volume": 10209799
  },
  {
    "Date": "24-Mar-15",
    "Open": 38.52,
    "High": 38.52,
    "Low": 37.75,
    "Close": 37.85,
    "Volume": 15855925
  },
  {
    "Date": "23-Mar-15",
    "Open": 38.81,
    "High": 39,
    "Low": 38.59,
    "Close": 38.59,
    "Volume": 11656895
  },
  {
    "Date": "20-Mar-15",
    "Open": 38.76,
    "High": 38.93,
    "Low": 38.55,
    "Close": 38.87,
    "Volume": 19769673
  },
  {
    "Date": "19-Mar-15",
    "Open": 38.45,
    "High": 38.78,
    "Low": 38.29,
    "Close": 38.65,
    "Volume": 11255677
  },
  {
    "Date": "18-Mar-15",
    "Open": 38.17,
    "High": 38.6,
    "Low": 37.78,
    "Close": 38.5,
    "Volume": 19015621
  },
  {
    "Date": "17-Mar-15",
    "Open": 38.15,
    "High": 38.47,
    "Low": 38.06,
    "Close": 38.29,
    "Volume": 9702673
  },
  {
    "Date": "16-Mar-15",
    "Open": 38.27,
    "High": 38.6,
    "Low": 38.21,
    "Close": 38.58,
    "Volume": 11218995
  },
  {
    "Date": "13-Mar-15",
    "Open": 38.39,
    "High": 38.39,
    "Low": 37.73,
    "Close": 38.05,
    "Volume": 11404195
  },
  {
    "Date": "12-Mar-15",
    "Open": 37.86,
    "High": 38.47,
    "Low": 37.84,
    "Close": 38.43,
    "Volume": 13985996
  },
  {
    "Date": "11-Mar-15",
    "Open": 37.6,
    "High": 38.13,
    "Low": 37.52,
    "Close": 37.78,
    "Volume": 13191640
  },
  {
    "Date": "10-Mar-15",
    "Open": 37.43,
    "High": 37.78,
    "Low": 37.15,
    "Close": 37.55,
    "Volume": 20314007
  },
  {
    "Date": "9-Mar-15",
    "Open": 37.55,
    "High": 37.81,
    "Low": 37.32,
    "Close": 37.66,
    "Volume": 22979347
  },
  {
    "Date": "6-Mar-15",
    "Open": 37.46,
    "High": 37.55,
    "Low": 36.73,
    "Close": 36.84,
    "Volume": 13764204
  },
  {
    "Date": "5-Mar-15",
    "Open": 37.64,
    "High": 37.82,
    "Low": 37.56,
    "Close": 37.61,
    "Volume": 6620673
  },
  {
    "Date": "4-Mar-15",
    "Open": 37.63,
    "High": 37.8,
    "Low": 37.3,
    "Close": 37.57,
    "Volume": 12736383
  },
  {
    "Date": "3-Mar-15",
    "Open": 37.38,
    "High": 37.81,
    "Low": 37.3,
    "Close": 37.8,
    "Volume": 10036013
  },
  {
    "Date": "2-Mar-15",
    "Open": 37.41,
    "High": 37.71,
    "Low": 37.36,
    "Close": 37.61,
    "Volume": 11234205
  },
  {
    "Date": "27-Feb-15",
    "Open": 37.38,
    "High": 37.45,
    "Low": 37.11,
    "Close": 37.31,
    "Volume": 10490184
  },
  {
    "Date": "26-Feb-15",
    "Open": 37.81,
    "High": 38.13,
    "Low": 37.51,
    "Close": 37.56,
    "Volume": 10708173
  },
  {
    "Date": "25-Feb-15",
    "Open": 37.79,
    "High": 37.96,
    "Low": 37.61,
    "Close": 37.86,
    "Volume": 11161472
  },
  {
    "Date": "24-Feb-15",
    "Open": 37.62,
    "High": 37.91,
    "Low": 37.58,
    "Close": 37.75,
    "Volume": 8562371
  },
  {
    "Date": "23-Feb-15",
    "Open": 37.62,
    "High": 37.77,
    "Low": 37.34,
    "Close": 37.69,
    "Volume": 10970972
  },
  {
    "Date": "20-Feb-15",
    "Open": 37.49,
    "High": 37.72,
    "Low": 37.16,
    "Close": 37.65,
    "Volume": 9345203
  },
  {
    "Date": "19-Feb-15",
    "Open": 37.03,
    "High": 37.61,
    "Low": 36.98,
    "Close": 37.51,
    "Volume": 11780752
  },
  {
    "Date": "18-Feb-15",
    "Open": 37.25,
    "High": 37.48,
    "Low": 37.13,
    "Close": 37.19,
    "Volume": 8513289
  },
  {
    "Date": "17-Feb-15",
    "Open": 37.2,
    "High": 37.46,
    "Low": 37.05,
    "Close": 37.24,
    "Volume": 13147128
  },
  {
    "Date": "13-Feb-15",
    "Open": 37.93,
    "High": 38.07,
    "Low": 37.35,
    "Close": 37.62,
    "Volume": 14696328
  },
  {
    "Date": "12-Feb-15",
    "Open": 37.85,
    "High": 38.18,
    "Low": 37.73,
    "Close": 38.02,
    "Volume": 15537409
  },
  {
    "Date": "11-Feb-15",
    "Open": 37.51,
    "High": 37.86,
    "Low": 37.28,
    "Close": 37.67,
    "Volume": 22633984
  },
  {
    "Date": "10-Feb-15",
    "Open": 37.28,
    "High": 37.55,
    "Low": 36.4,
    "Close": 37.52,
    "Volume": 32369377
  },
  {
    "Date": "9-Feb-15",
    "Open": 35.79,
    "High": 36.1,
    "Low": 35.51,
    "Close": 36,
    "Volume": 14797519
  },
  {
    "Date": "6-Feb-15",
    "Open": 36.26,
    "High": 36.54,
    "Low": 35.92,
    "Close": 36,
    "Volume": 16320448
  },
  {
    "Date": "5-Feb-15",
    "Open": 36.28,
    "High": 36.6,
    "Low": 36.01,
    "Close": 36.25,
    "Volume": 20854860
  },
  {
    "Date": "4-Feb-15",
    "Open": 35.27,
    "High": 35.98,
    "Low": 34.15,
    "Close": 35.83,
    "Volume": 49298111
  },
  {
    "Date": "3-Feb-15",
    "Open": 33.5,
    "High": 34.2,
    "Low": 33.44,
    "Close": 33.98,
    "Volume": 26206992
  },
  {
    "Date": "2-Feb-15",
    "Open": 32.67,
    "High": 33.15,
    "Low": 32.44,
    "Close": 33.11,
    "Volume": 18396981
  },
  {
    "Date": "30-Jan-15",
    "Open": 32.88,
    "High": 33.15,
    "Low": 32.62,
    "Close": 32.62,
    "Volume": 19166536
  },
  {
    "Date": "29-Jan-15",
    "Open": 32.91,
    "High": 33.34,
    "Low": 32.36,
    "Close": 33.16,
    "Volume": 15819211
  },
  {
    "Date": "28-Jan-15",
    "Open": 33.51,
    "High": 33.57,
    "Low": 32.75,
    "Close": 32.84,
    "Volume": 16936184
  },
  {
    "Date": "27-Jan-15",
    "Open": 33.4,
    "High": 33.69,
    "Low": 33.15,
    "Close": 33.42,
    "Volume": 14793333
  },
  {
    "Date": "26-Jan-15",
    "Open": 33.71,
    "High": 34.04,
    "Low": 33.6,
    "Close": 33.7,
    "Volume": 10824806
  },
  {
    "Date": "23-Jan-15",
    "Open": 33.9,
    "High": 34.18,
    "Low": 33.71,
    "Close": 33.75,
    "Volume": 13990222
  },
  {
    "Date": "22-Jan-15",
    "Open": 34.15,
    "High": 34.18,
    "Low": 33.31,
    "Close": 33.82,
    "Volume": 14261091
  },
  {
    "Date": "21-Jan-15",
    "Open": 33.82,
    "High": 34.12,
    "Low": 33.52,
    "Close": 33.89,
    "Volume": 14349944
  },
  {
    "Date": "20-Jan-15",
    "Open": 33.9,
    "High": 34.01,
    "Low": 33.35,
    "Close": 33.93,
    "Volume": 12052466
  },
  {
    "Date": "16-Jan-15",
    "Open": 33.31,
    "High": 33.79,
    "Low": 33.27,
    "Close": 33.68,
    "Volume": 17780004
  },
  {
    "Date": "15-Jan-15",
    "Open": 34.78,
    "High": 34.87,
    "Low": 33.38,
    "Close": 33.43,
    "Volume": 19437427
  },
  {
    "Date": "14-Jan-15",
    "Open": 34.36,
    "High": 34.57,
    "Low": 33.59,
    "Close": 34.3,
    "Volume": 27901338
  },
  {
    "Date": "13-Jan-15",
    "Open": 36.08,
    "High": 36.4,
    "Low": 34.68,
    "Close": 35.25,
    "Volume": 21893453
  },
  {
    "Date": "12-Jan-15",
    "Open": 35.81,
    "High": 35.94,
    "Low": 35.47,
    "Close": 35.84,
    "Volume": 10656713
  },
  {
    "Date": "9-Jan-15",
    "Open": 36.21,
    "High": 36.37,
    "Low": 35.41,
    "Close": 35.59,
    "Volume": 14690589
  },
  {
    "Date": "8-Jan-15",
    "Open": 36.06,
    "High": 36.45,
    "Low": 35.8,
    "Close": 36.2,
    "Volume": 15206551
  },
  {
    "Date": "7-Jan-15",
    "Open": 35.23,
    "High": 35.95,
    "Low": 35.04,
    "Close": 35.84,
    "Volume": 19319169
  },
  {
    "Date": "6-Jan-15",
    "Open": 34.41,
    "High": 35.22,
    "Low": 34.1,
    "Close": 34.85,
    "Volume": 17747573
  },
  {
    "Date": "5-Jan-15",
    "Open": 34.98,
    "High": 35.25,
    "Low": 34.07,
    "Close": 34.33,
    "Volume": 16223019
  },
  {
    "Date": "2-Jan-15",
    "Open": 35.27,
    "High": 35.31,
    "Low": 34.41,
    "Close": 34.84,
    "Volume": 9756706
  },
  {
    "Date": "31-Dec-14",
    "Open": 35.24,
    "High": 35.45,
    "Low": 34.89,
    "Close": 34.91,
    "Volume": 12279685
  },
  {
    "Date": "30-Dec-14",
    "Open": 34.56,
    "High": 35.2,
    "Low": 34.41,
    "Close": 35.09,
    "Volume": 14966877
  },
  {
    "Date": "29-Dec-14",
    "Open": 33.87,
    "High": 34.83,
    "Low": 33.79,
    "Close": 34.6,
    "Volume": 16654311
  },
  {
    "Date": "26-Dec-14",
    "Open": 33.55,
    "High": 33.85,
    "Low": 33.45,
    "Close": 33.73,
    "Volume": 6673242
  },
  {
    "Date": "24-Dec-14",
    "Open": 33.53,
    "High": 33.59,
    "Low": 33.24,
    "Close": 33.43,
    "Volume": 4496025
  },
  {
    "Date": "23-Dec-14",
    "Open": 33.48,
    "High": 33.7,
    "Low": 33.38,
    "Close": 33.56,
    "Volume": 8469548
  },
  {
    "Date": "22-Dec-14",
    "Open": 32.63,
    "High": 33.31,
    "Low": 32.62,
    "Close": 33.23,
    "Volume": 13243664
  },
  {
    "Date": "19-Dec-14",
    "Open": 31.76,
    "High": 32.93,
    "Low": 31.75,
    "Close": 32.81,
    "Volume": 18990938
  },
  {
    "Date": "18-Dec-14",
    "Open": 31.64,
    "High": 31.75,
    "Low": 31.17,
    "Close": 31.75,
    "Volume": 14112031
  },
  {
    "Date": "17-Dec-14",
    "Open": 30.81,
    "High": 31.3,
    "Low": 30.64,
    "Close": 31.15,
    "Volume": 13281787
  },
  {
    "Date": "16-Dec-14",
    "Open": 30.62,
    "High": 31.06,
    "Low": 30.3,
    "Close": 30.73,
    "Volume": 24294005
  },
  {
    "Date": "15-Dec-14",
    "Open": 31.7,
    "High": 31.77,
    "Low": 30.98,
    "Close": 31,
    "Volume": 16084045
  },
  {
    "Date": "12-Dec-14",
    "Open": 31.94,
    "High": 32.16,
    "Low": 31.57,
    "Close": 31.57,
    "Volume": 11239143
  },
  {
    "Date": "11-Dec-14",
    "Open": 32.14,
    "High": 32.69,
    "Low": 31.99,
    "Close": 32.19,
    "Volume": 13282592
  },
  {
    "Date": "10-Dec-14",
    "Open": 32.72,
    "High": 32.85,
    "Low": 31.87,
    "Close": 31.97,
    "Volume": 11583515
  },
  {
    "Date": "9-Dec-14",
    "Open": 32.28,
    "High": 32.87,
    "Low": 32.17,
    "Close": 32.81,
    "Volume": 11147140
  },
  {
    "Date": "8-Dec-14",
    "Open": 33.52,
    "High": 33.56,
    "Low": 32.61,
    "Close": 32.68,
    "Volume": 16125780
  },
  {
    "Date": "5-Dec-14",
    "Open": 33.23,
    "High": 34.09,
    "Low": 33.17,
    "Close": 33.93,
    "Volume": 17730772
  },
  {
    "Date": "4-Dec-14",
    "Open": 33.66,
    "High": 33.67,
    "Low": 33.04,
    "Close": 33.09,
    "Volume": 11686711
  },
  {
    "Date": "3-Dec-14",
    "Open": 33.37,
    "High": 33.78,
    "Low": 33.35,
    "Close": 33.64,
    "Volume": 11648462
  },
  {
    "Date": "2-Dec-14",
    "Open": 33.05,
    "High": 33.62,
    "Low": 32.99,
    "Close": 33.26,
    "Volume": 14824785
  },
  {
    "Date": "1-Dec-14",
    "Open": 33.31,
    "High": 33.47,
    "Low": 32.86,
    "Close": 32.94,
    "Volume": 14391915
  },
  {
    "Date": "28-Nov-14",
    "Open": 32.4,
    "High": 33.54,
    "Low": 32.23,
    "Close": 33.43,
    "Volume": 14039802
  },
  {
    "Date": "26-Nov-14",
    "Open": 32.27,
    "High": 32.3,
    "Low": 31.94,
    "Close": 32.07,
    "Volume": 7414462
  },
  {
    "Date": "25-Nov-14",
    "Open": 32.25,
    "High": 32.38,
    "Low": 31.97,
    "Close": 32.23,
    "Volume": 9269267
  },
  {
    "Date": "24-Nov-14",
    "Open": 32.25,
    "High": 32.35,
    "Low": 31.77,
    "Close": 32.19,
    "Volume": 13313540
  },
  {
    "Date": "21-Nov-14",
    "Open": 32.54,
    "High": 32.55,
    "Low": 31.96,
    "Close": 32.13,
    "Volume": 8567175
  },
  {
    "Date": "20-Nov-14",
    "Open": 31.96,
    "High": 32.26,
    "Low": 31.8,
    "Close": 32.13,
    "Volume": 8052949
  },
  {
    "Date": "19-Nov-14",
    "Open": 32.21,
    "High": 32.31,
    "Low": 31.94,
    "Close": 32.15,
    "Volume": 8290065
  },
  {
    "Date": "18-Nov-14",
    "Open": 32.41,
    "High": 32.49,
    "Low": 31.87,
    "Close": 32.27,
    "Volume": 9766095
  },
  {
    "Date": "17-Nov-14",
    "Open": 32,
    "High": 32.49,
    "Low": 31.9,
    "Close": 32.31,
    "Volume": 11900544
  },
  {
    "Date": "14-Nov-14",
    "Open": 31.65,
    "High": 32.01,
    "Low": 31.48,
    "Close": 31.79,
    "Volume": 8498746
  },
  {
    "Date": "13-Nov-14",
    "Open": 31.51,
    "High": 31.9,
    "Low": 31.46,
    "Close": 31.65,
    "Volume": 8353857
  },
  {
    "Date": "12-Nov-14",
    "Open": 31.3,
    "High": 31.54,
    "Low": 31.11,
    "Close": 31.42,
    "Volume": 7456062
  },
  {
    "Date": "11-Nov-14",
    "Open": 31.04,
    "High": 31.4,
    "Low": 31,
    "Close": 31.35,
    "Volume": 7537758
  },
  {
    "Date": "10-Nov-14",
    "Open": 31.33,
    "High": 31.5,
    "Low": 30.82,
    "Close": 31.12,
    "Volume": 10297832
  },
  {
    "Date": "7-Nov-14",
    "Open": 31.31,
    "High": 31.74,
    "Low": 31.24,
    "Close": 31.59,
    "Volume": 10070917
  },
  {
    "Date": "6-Nov-14",
    "Open": 30.7,
    "High": 31.46,
    "Low": 30.65,
    "Close": 31.37,
    "Volume": 12729496
  },
  {
    "Date": "5-Nov-14",
    "Open": 31.15,
    "High": 31.18,
    "Low": 30.56,
    "Close": 30.73,
    "Volume": 11109560
  },
  {
    "Date": "4-Nov-14",
    "Open": 31.04,
    "High": 31.31,
    "Low": 30.68,
    "Close": 30.82,
    "Volume": 12058309
  },
  {
    "Date": "3-Nov-14",
    "Open": 31.35,
    "High": 31.46,
    "Low": 30.79,
    "Close": 31.18,
    "Volume": 9859119
  },
  {
    "Date": "31-Oct-14",
    "Open": 31.15,
    "High": 31.62,
    "Low": 30.95,
    "Close": 31.4,
    "Volume": 15538961
  },
  {
    "Date": "30-Oct-14",
    "Open": 30.57,
    "High": 31.03,
    "Low": 30.45,
    "Close": 30.78,
    "Volume": 10074099
  },
  {
    "Date": "29-Oct-14",
    "Open": 31.2,
    "High": 31.33,
    "Low": 30.35,
    "Close": 30.72,
    "Volume": 11638334
  },
  {
    "Date": "28-Oct-14",
    "Open": 30.39,
    "High": 31.22,
    "Low": 30.14,
    "Close": 31.17,
    "Volume": 26071317
  },
  {
    "Date": "27-Oct-14",
    "Open": 30.15,
    "High": 30.49,
    "Low": 29.82,
    "Close": 30.08,
    "Volume": 12790154
  },
  {
    "Date": "24-Oct-14",
    "Open": 31.04,
    "High": 31.28,
    "Low": 29.98,
    "Close": 30.04,
    "Volume": 30313847
  },
  {
    "Date": "23-Oct-14",
    "Open": 31.95,
    "High": 31.99,
    "Low": 30.81,
    "Close": 30.93,
    "Volume": 25443605
  },
  {
    "Date": "22-Oct-14",
    "Open": 30.61,
    "High": 31.5,
    "Low": 30.57,
    "Close": 31.31,
    "Volume": 17845781
  },
  {
    "Date": "21-Oct-14",
    "Open": 30.5,
    "High": 31.07,
    "Low": 30.32,
    "Close": 30.84,
    "Volume": 12576775
  },
  {
    "Date": "20-Oct-14",
    "Open": 30.22,
    "High": 30.52,
    "Low": 30.02,
    "Close": 30.34,
    "Volume": 11700578
  },
  {
    "Date": "17-Oct-14",
    "Open": 30.38,
    "High": 30.97,
    "Low": 30.16,
    "Close": 30.24,
    "Volume": 18339875
  },
  {
    "Date": "16-Oct-14",
    "Open": 29.13,
    "High": 30.15,
    "Low": 29.09,
    "Close": 29.94,
    "Volume": 18226156
  },
  {
    "Date": "15-Oct-14",
    "Open": 29.67,
    "High": 30.26,
    "Low": 28.82,
    "Close": 29.69,
    "Volume": 29623288
  },
  {
    "Date": "14-Oct-14",
    "Open": 29.9,
    "High": 30.38,
    "Low": 29.85,
    "Close": 30.11,
    "Volume": 14495984
  },
  {
    "Date": "13-Oct-14",
    "Open": 30.29,
    "High": 30.62,
    "Low": 29.72,
    "Close": 29.79,
    "Volume": 17725053
  },
  {
    "Date": "10-Oct-14",
    "Open": 30.28,
    "High": 30.94,
    "Low": 30.09,
    "Close": 30.29,
    "Volume": 20495982
  },
  {
    "Date": "9-Oct-14",
    "Open": 32.09,
    "High": 32.13,
    "Low": 30.81,
    "Close": 31.03,
    "Volume": 23098842
  },
  {
    "Date": "8-Oct-14",
    "Open": 31.84,
    "High": 32.22,
    "Low": 30.79,
    "Close": 32.18,
    "Volume": 28308540
  },
  {
    "Date": "7-Oct-14",
    "Open": 33.04,
    "High": 33.04,
    "Low": 31.65,
    "Close": 31.77,
    "Volume": 25661347
  },
  {
    "Date": "6-Oct-14",
    "Open": 33.84,
    "High": 34.24,
    "Low": 33.37,
    "Close": 33.75,
    "Volume": 9095761
  },
  {
    "Date": "3-Oct-14",
    "Open": 33.43,
    "High": 33.9,
    "Low": 33.25,
    "Close": 33.76,
    "Volume": 16981348
  },
  {
    "Date": "2-Oct-14",
    "Open": 32.53,
    "High": 33.4,
    "Low": 32.49,
    "Close": 33.18,
    "Volume": 20794624
  },
  {
    "Date": "1-Oct-14",
    "Open": 31.97,
    "High": 33.03,
    "Low": 31.71,
    "Close": 32.49,
    "Volume": 31138729
  },
  {
    "Date": "30-Sep-14",
    "Open": 32.24,
    "High": 32.54,
    "Low": 31.67,
    "Close": 31.94,
    "Volume": 24790809
  },
  {
    "Date": "29-Sep-14",
    "Open": 32.97,
    "High": 33.16,
    "Low": 31.98,
    "Close": 32.22,
    "Volume": 19710870
  },
  {
    "Date": "26-Sep-14",
    "Open": 33.04,
    "High": 33.3,
    "Low": 32.94,
    "Close": 33.17,
    "Volume": 9417602
  },
  {
    "Date": "25-Sep-14",
    "Open": 33.57,
    "High": 33.65,
    "Low": 32.83,
    "Close": 32.87,
    "Volume": 12309199
  },
  {
    "Date": "24-Sep-14",
    "Open": 33.33,
    "High": 33.68,
    "Low": 33.02,
    "Close": 33.65,
    "Volume": 10665413
  },
  {
    "Date": "23-Sep-14",
    "Open": 33.24,
    "High": 33.58,
    "Low": 33.14,
    "Close": 33.22,
    "Volume": 8731869
  },
  {
    "Date": "22-Sep-14",
    "Open": 33.74,
    "High": 33.84,
    "Low": 33.08,
    "Close": 33.44,
    "Volume": 11179986
  },
  {
    "Date": "19-Sep-14",
    "Open": 34.23,
    "High": 34.24,
    "Low": 33.77,
    "Close": 33.94,
    "Volume": 14521399
  },
  {
    "Date": "18-Sep-14",
    "Open": 33.93,
    "High": 34.22,
    "Low": 33.93,
    "Close": 34.03,
    "Volume": 8930996
  },
  {
    "Date": "17-Sep-14",
    "Open": 33.72,
    "High": 34.14,
    "Low": 33.67,
    "Close": 33.85,
    "Volume": 10300998
  },
  {
    "Date": "16-Sep-14",
    "Open": 33.49,
    "High": 33.95,
    "Low": 33.45,
    "Close": 33.71,
    "Volume": 11082986
  },
  {
    "Date": "15-Sep-14",
    "Open": 33.16,
    "High": 33.8,
    "Low": 33.15,
    "Close": 33.63,
    "Volume": 12509935
  },
  {
    "Date": "12-Sep-14",
    "Open": 33.48,
    "High": 33.6,
    "Low": 33.1,
    "Close": 33.27,
    "Volume": 11077878
  },
  {
    "Date": "11-Sep-14",
    "Open": 33.16,
    "High": 33.7,
    "Low": 33.15,
    "Close": 33.61,
    "Volume": 10189065
  },
  {
    "Date": "10-Sep-14",
    "Open": 33.12,
    "High": 33.34,
    "Low": 33.06,
    "Close": 33.29,
    "Volume": 10470992
  },
  {
    "Date": "9-Sep-14",
    "Open": 33.2,
    "High": 33.3,
    "Low": 33.01,
    "Close": 33.07,
    "Volume": 11861015
  },
  {
    "Date": "8-Sep-14",
    "Open": 34.03,
    "High": 34.15,
    "Low": 33.15,
    "Close": 33.24,
    "Volume": 22120618
  },
  {
    "Date": "5-Sep-14",
    "Open": 34.59,
    "High": 34.61,
    "Low": 34.23,
    "Close": 34.58,
    "Volume": 13671830
  },
  {
    "Date": "4-Sep-14",
    "Open": 34.49,
    "High": 34.92,
    "Low": 34.44,
    "Close": 34.63,
    "Volume": 9566331
  },
  {
    "Date": "3-Sep-14",
    "Open": 35.06,
    "High": 35.12,
    "Low": 34.46,
    "Close": 34.47,
    "Volume": 11626398
  },
  {
    "Date": "2-Sep-14",
    "Open": 34.88,
    "High": 35.14,
    "Low": 34.62,
    "Close": 34.8,
    "Volume": 7825129
  },
  {
    "Date": "29-Aug-14",
    "Open": 34.74,
    "High": 34.85,
    "Low": 34.61,
    "Close": 34.8,
    "Volume": 5558114
  },
  {
    "Date": "28-Aug-14",
    "Open": 34.49,
    "High": 34.75,
    "Low": 34.22,
    "Close": 34.68,
    "Volume": 5971613
  },
  {
    "Date": "27-Aug-14",
    "Open": 34.92,
    "High": 34.93,
    "Low": 34.58,
    "Close": 34.71,
    "Volume": 7118030
  },
  {
    "Date": "26-Aug-14",
    "Open": 34.76,
    "High": 35,
    "Low": 34.63,
    "Close": 34.85,
    "Volume": 7535007
  },
  {
    "Date": "25-Aug-14",
    "Open": 34.43,
    "High": 34.74,
    "Low": 34.31,
    "Close": 34.67,
    "Volume": 9546350
  },
  {
    "Date": "22-Aug-14",
    "Open": 34.51,
    "High": 34.52,
    "Low": 34.16,
    "Close": 34.24,
    "Volume": 8665715
  },
  {
    "Date": "21-Aug-14",
    "Open": 34.62,
    "High": 34.73,
    "Low": 34.46,
    "Close": 34.6,
    "Volume": 6591929
  },
  {
    "Date": "20-Aug-14",
    "Open": 34.49,
    "High": 34.72,
    "Low": 34.3,
    "Close": 34.53,
    "Volume": 9112524
  },
  {
    "Date": "19-Aug-14",
    "Open": 34.69,
    "High": 34.75,
    "Low": 34.33,
    "Close": 34.57,
    "Volume": 10422924
  },
  {
    "Date": "18-Aug-14",
    "Open": 34.09,
    "High": 34.44,
    "Low": 34.04,
    "Close": 34.4,
    "Volume": 10327204
  },
  {
    "Date": "15-Aug-14",
    "Open": 34.05,
    "High": 34.16,
    "Low": 33.51,
    "Close": 33.84,
    "Volume": 14153502
  },
  {
    "Date": "14-Aug-14",
    "Open": 33.81,
    "High": 33.96,
    "Low": 33.22,
    "Close": 33.95,
    "Volume": 9956803
  },
  {
    "Date": "13-Aug-14",
    "Open": 33.93,
    "High": 34.07,
    "Low": 33.78,
    "Close": 33.95,
    "Volume": 7156084
  },
  {
    "Date": "12-Aug-14",
    "Open": 33.75,
    "High": 34.14,
    "Low": 33.55,
    "Close": 33.7,
    "Volume": 10304995
  },
  {
    "Date": "11-Aug-14",
    "Open": 33.64,
    "High": 33.85,
    "Low": 33.41,
    "Close": 33.8,
    "Volume": 10873706
  },
  {
    "Date": "8-Aug-14",
    "Open": 33.09,
    "High": 33.56,
    "Low": 33.09,
    "Close": 33.53,
    "Volume": 9935602
  },
  {
    "Date": "7-Aug-14",
    "Open": 33.56,
    "High": 33.63,
    "Low": 32.8,
    "Close": 33.11,
    "Volume": 13526688
  },
  {
    "Date": "6-Aug-14",
    "Open": 33.23,
    "High": 33.67,
    "Low": 33.23,
    "Close": 33.4,
    "Volume": 8715359
  },
  {
    "Date": "5-Aug-14",
    "Open": 33.57,
    "High": 33.8,
    "Low": 33.15,
    "Close": 33.36,
    "Volume": 11012536
  },
  {
    "Date": "4-Aug-14",
    "Open": 33.76,
    "High": 34.02,
    "Low": 33.5,
    "Close": 33.61,
    "Volume": 11486331
  },
  {
    "Date": "1-Aug-14",
    "Open": 33.79,
    "High": 34,
    "Low": 33.3,
    "Close": 33.44,
    "Volume": 15343820
  },
  {
    "Date": "31-Jul-14",
    "Open": 34.15,
    "High": 34.24,
    "Low": 33.78,
    "Close": 33.82,
    "Volume": 13410713
  },
  {
    "Date": "30-Jul-14",
    "Open": 34.5,
    "High": 34.66,
    "Low": 34.01,
    "Close": 34.31,
    "Volume": 18941748
  },
  {
    "Date": "29-Jul-14",
    "Open": 35.01,
    "High": 35.2,
    "Low": 34.43,
    "Close": 34.45,
    "Volume": 16560140
  },
  {
    "Date": "28-Jul-14",
    "Open": 35.03,
    "High": 35.09,
    "Low": 34.78,
    "Close": 34.9,
    "Volume": 15053589
  },
  {
    "Date": "25-Jul-14",
    "Open": 35.1,
    "High": 35.29,
    "Low": 34.56,
    "Close": 35.07,
    "Volume": 28537314
  },
  {
    "Date": "24-Jul-14",
    "Open": 36.67,
    "High": 36.85,
    "Low": 35.32,
    "Close": 35.74,
    "Volume": 35694105
  },
  {
    "Date": "23-Jul-14",
    "Open": 37.79,
    "High": 37.92,
    "Low": 37.41,
    "Close": 37.41,
    "Volume": 13865052
  },
  {
    "Date": "22-Jul-14",
    "Open": 37.56,
    "High": 37.9,
    "Low": 37.53,
    "Close": 37.76,
    "Volume": 9655788
  },
  {
    "Date": "21-Jul-14",
    "Open": 37.38,
    "High": 37.53,
    "Low": 37.05,
    "Close": 37.43,
    "Volume": 6633186
  },
  {
    "Date": "18-Jul-14",
    "Open": 37.34,
    "High": 37.42,
    "Low": 37.06,
    "Close": 37.41,
    "Volume": 8741972
  },
  {
    "Date": "17-Jul-14",
    "Open": 37.31,
    "High": 37.67,
    "Low": 37.01,
    "Close": 37.1,
    "Volume": 11014655
  },
  {
    "Date": "16-Jul-14",
    "Open": 37.77,
    "High": 37.91,
    "Low": 37.46,
    "Close": 37.48,
    "Volume": 10954203
  },
  {
    "Date": "15-Jul-14",
    "Open": 37.61,
    "High": 37.95,
    "Low": 37.44,
    "Close": 37.58,
    "Volume": 8619649
  },
  {
    "Date": "14-Jul-14",
    "Open": 38.1,
    "High": 38.13,
    "Low": 37.56,
    "Close": 37.7,
    "Volume": 9315528
  },
  {
    "Date": "11-Jul-14",
    "Open": 37.72,
    "High": 38.01,
    "Low": 37.59,
    "Close": 37.95,
    "Volume": 6203437
  },
  {
    "Date": "10-Jul-14",
    "Open": 37.48,
    "High": 37.9,
    "Low": 37.35,
    "Close": 37.75,
    "Volume": 9898910
  },
  {
    "Date": "9-Jul-14",
    "Open": 37.66,
    "High": 38.13,
    "Low": 37.63,
    "Close": 37.97,
    "Volume": 11676257
  },
  {
    "Date": "8-Jul-14",
    "Open": 37.41,
    "High": 37.77,
    "Low": 37.2,
    "Close": 37.58,
    "Volume": 11786950
  },
  {
    "Date": "7-Jul-14",
    "Open": 37.91,
    "High": 37.91,
    "Low": 37.17,
    "Close": 37.44,
    "Volume": 11129925
  },
  {
    "Date": "3-Jul-14",
    "Open": 37.96,
    "High": 38.11,
    "Low": 37.72,
    "Close": 37.74,
    "Volume": 6743734
  },
  {
    "Date": "2-Jul-14",
    "Open": 37.5,
    "High": 38.15,
    "Low": 37.37,
    "Close": 37.74,
    "Volume": 17672217
  },
  {
    "Date": "1-Jul-14",
    "Open": 36.25,
    "High": 37.64,
    "Low": 36.25,
    "Close": 37.59,
    "Volume": 23414138
  },
  {
    "Date": "30-Jun-14",
    "Open": 36.59,
    "High": 36.9,
    "Low": 35.98,
    "Close": 36.3,
    "Volume": 20880231
  },
  {
    "Date": "27-Jun-14",
    "Open": 36.73,
    "High": 37.03,
    "Low": 36.62,
    "Close": 36.62,
    "Volume": 25428859
  },
  {
    "Date": "26-Jun-14",
    "Open": 36.89,
    "High": 36.97,
    "Low": 36.41,
    "Close": 36.9,
    "Volume": 11471585
  },
  {
    "Date": "25-Jun-14",
    "Open": 36.46,
    "High": 37.18,
    "Low": 36.45,
    "Close": 37.09,
    "Volume": 12201264
  },
  {
    "Date": "24-Jun-14",
    "Open": 36.62,
    "High": 37.07,
    "Low": 36.47,
    "Close": 36.58,
    "Volume": 15032861
  },
  {
    "Date": "23-Jun-14",
    "Open": 36.21,
    "High": 36.8,
    "Low": 36.19,
    "Close": 36.67,
    "Volume": 11590338
  },
  {
    "Date": "20-Jun-14",
    "Open": 36.55,
    "High": 36.58,
    "Low": 36.1,
    "Close": 36.22,
    "Volume": 14018678
  },
  {
    "Date": "19-Jun-14",
    "Open": 36.35,
    "High": 36.64,
    "Low": 36.2,
    "Close": 36.37,
    "Volume": 11277822
  },
  {
    "Date": "18-Jun-14",
    "Open": 36.36,
    "High": 36.47,
    "Low": 35.93,
    "Close": 36.3,
    "Volume": 16352008
  },
  {
    "Date": "17-Jun-14",
    "Open": 35.87,
    "High": 36.38,
    "Low": 35.62,
    "Close": 36.36,
    "Volume": 13211606
  },
  {
    "Date": "16-Jun-14",
    "Open": 35.49,
    "High": 36.18,
    "Low": 35.49,
    "Close": 36.06,
    "Volume": 12603728
  },
  {
    "Date": "13-Jun-14",
    "Open": 35.38,
    "High": 35.78,
    "Low": 35.38,
    "Close": 35.63,
    "Volume": 12047101
  },
  {
    "Date": "12-Jun-14",
    "Open": 36,
    "High": 36.28,
    "Low": 35.49,
    "Close": 35.52,
    "Volume": 16818453
  },
  {
    "Date": "11-Jun-14",
    "Open": 36.23,
    "High": 36.29,
    "Low": 35.92,
    "Close": 36.12,
    "Volume": 8868088
  },
  {
    "Date": "10-Jun-14",
    "Open": 36.28,
    "High": 36.7,
    "Low": 36.18,
    "Close": 36.4,
    "Volume": 8460743
  },
  {
    "Date": "9-Jun-14",
    "Open": 36.47,
    "High": 36.83,
    "Low": 36.34,
    "Close": 36.5,
    "Volume": 10279710
  },
  {
    "Date": "6-Jun-14",
    "Open": 36.07,
    "High": 36.75,
    "Low": 35.75,
    "Close": 36.55,
    "Volume": 17642794
  },
  {
    "Date": "5-Jun-14",
    "Open": 36.96,
    "High": 37.04,
    "Low": 36.16,
    "Close": 36.27,
    "Volume": 25094529
  },
  {
    "Date": "4-Jun-14",
    "Open": 35.5,
    "High": 36.88,
    "Low": 35.35,
    "Close": 36.52,
    "Volume": 33252199
  },
  {
    "Date": "3-Jun-14",
    "Open": 35.12,
    "High": 35.69,
    "Low": 34.75,
    "Close": 35.26,
    "Volume": 17795876
  },
  {
    "Date": "2-Jun-14",
    "Open": 34.54,
    "High": 34.9,
    "Low": 34.29,
    "Close": 34.86,
    "Volume": 11556876
  },
  {
    "Date": "30-May-14",
    "Open": 34.3,
    "High": 34.64,
    "Low": 34.2,
    "Close": 34.58,
    "Volume": 14171639
  },
  {
    "Date": "29-May-14",
    "Open": 34.6,
    "High": 34.65,
    "Low": 34.25,
    "Close": 34.45,
    "Volume": 10881537
  },
  {
    "Date": "28-May-14",
    "Open": 34.09,
    "High": 34.62,
    "Low": 33.96,
    "Close": 34.59,
    "Volume": 12575767
  },
  {
    "Date": "27-May-14",
    "Open": 33.92,
    "High": 33.98,
    "Low": 33.77,
    "Close": 33.94,
    "Volume": 8995120
  },
  {
    "Date": "23-May-14",
    "Open": 33.49,
    "High": 33.68,
    "Low": 33.41,
    "Close": 33.63,
    "Volume": 8268324
  }
]