[
  {
    "Date": "21-May-15",
    "Open": 537.95,
    "High": 543.84,
    "Low": 535.98,
    "Close": 542.51,
    "Volume": 1461247
  },
  {
    "Date": "20-May-15",
    "Open": 538.49,
    "High": 542.92,
    "Low": 532.97,
    "Close": 539.27,
    "Volume": 1430826
  },
  {
    "Date": "19-May-15",
    "Open": 533.98,
    "High": 540.66,
    "Low": 533.04,
    "Close": 537.36,
    "Volume": 1966947
  },
  {
    "Date": "18-May-15",
    "Open": 532.01,
    "High": 534.82,
    "Low": 528.85,
    "Close": 532.3,
    "Volume": 2003421
  },
  {
    "Date": "15-May-15",
    "Open": 539.18,
    "High": 539.27,
    "Low": 530.38,
    "Close": 533.85,
    "Volume": 1971343
  },
  {
    "Date": "14-May-15",
    "Open": 533.77,
    "High": 539,
    "Low": 532.41,
    "Close": 538.4,
    "Volume": 1403935
  },
  {
    "Date": "13-May-15",
    "Open": 530.56,
    "High": 534.32,
    "Low": 528.66,
    "Close": 529.62,
    "Volume": 1253063
  },
  {
    "Date": "12-May-15",
    "Open": 531.6,
    "High": 533.21,
    "Low": 525.26,
    "Close": 529.04,
    "Volume": 1634174
  },
  {
    "Date": "11-May-15",
    "Open": 538.37,
    "High": 541.98,
    "Low": 535.4,
    "Close": 535.7,
    "Volume": 905285
  },
  {
    "Date": "8-May-15",
    "Open": 536.65,
    "High": 541.15,
    "Low": 536,
    "Close": 538.22,
    "Volume": 1527615
  },
  {
    "Date": "7-May-15",
    "Open": 523.99,
    "High": 533.46,
    "Low": 521.75,
    "Close": 530.7,
    "Volume": 1546278
  },
  {
    "Date": "6-May-15",
    "Open": 531.24,
    "High": 532.38,
    "Low": 521.08,
    "Close": 524.22,
    "Volume": 1566987
  },
  {
    "Date": "5-May-15",
    "Open": 538.21,
    "High": 539.74,
    "Low": 530.39,
    "Close": 530.8,
    "Volume": 1383068
  },
  {
    "Date": "4-May-15",
    "Open": 538.53,
    "High": 544.07,
    "Low": 535.06,
    "Close": 540.78,
    "Volume": 1307960
  },
  {
    "Date": "1-May-15",
    "Open": 538.43,
    "High": 539.54,
    "Low": 532.1,
    "Close": 537.9,
    "Volume": 1768181
  },
  {
    "Date": "30-Apr-15",
    "Open": 547.87,
    "High": 548.59,
    "Low": 535.05,
    "Close": 537.34,
    "Volume": 2082214
  },
  {
    "Date": "29-Apr-15",
    "Open": 550.47,
    "High": 553.68,
    "Low": 546.9,
    "Close": 549.08,
    "Volume": 1698761
  },
  {
    "Date": "28-Apr-15",
    "Open": 554.64,
    "High": 556.02,
    "Low": 550.37,
    "Close": 553.68,
    "Volume": 1490983
  },
  {
    "Date": "27-Apr-15",
    "Open": 563.39,
    "High": 565.95,
    "Low": 553.2,
    "Close": 555.37,
    "Volume": 2398039
  },
  {
    "Date": "24-Apr-15",
    "Open": 566.1,
    "High": 571.14,
    "Low": 557.25,
    "Close": 565.06,
    "Volume": 4919031
  },
  {
    "Date": "23-Apr-15",
    "Open": 541,
    "High": 550.96,
    "Low": 540.23,
    "Close": 547,
    "Volume": 4173376
  },
  {
    "Date": "22-Apr-15",
    "Open": 534.4,
    "High": 541.08,
    "Low": 531.75,
    "Close": 539.36,
    "Volume": 1589248
  },
  {
    "Date": "21-Apr-15",
    "Open": 537.51,
    "High": 539.39,
    "Low": 533.68,
    "Close": 533.97,
    "Volume": 1839668
  },
  {
    "Date": "20-Apr-15",
    "Open": 525.6,
    "High": 536.09,
    "Low": 524.5,
    "Close": 535.38,
    "Volume": 1675487
  },
  {
    "Date": "17-Apr-15",
    "Open": 528.66,
    "High": 529.84,
    "Low": 521.01,
    "Close": 524.05,
    "Volume": 2145955
  },
  {
    "Date": "16-Apr-15",
    "Open": 529.9,
    "High": 535.59,
    "Low": 529.61,
    "Close": 533.8,
    "Volume": 1296304
  },
  {
    "Date": "15-Apr-15",
    "Open": 528.7,
    "High": 534.73,
    "Low": 523.22,
    "Close": 532.53,
    "Volume": 2312512
  },
  {
    "Date": "14-Apr-15",
    "Open": 536.25,
    "High": 537.57,
    "Low": 528.09,
    "Close": 530.39,
    "Volume": 2597043
  },
  {
    "Date": "13-Apr-15",
    "Open": 538.41,
    "High": 544.06,
    "Low": 537.31,
    "Close": 539.17,
    "Volume": 1640809
  },
  {
    "Date": "10-Apr-15",
    "Open": 542.29,
    "High": 542.29,
    "Low": 537.31,
    "Close": 540.01,
    "Volume": 1405574
  },
  {
    "Date": "9-Apr-15",
    "Open": 541.03,
    "High": 541.95,
    "Low": 535.49,
    "Close": 540.78,
    "Volume": 1553586
  },
  {
    "Date": "8-Apr-15",
    "Open": 538.38,
    "High": 543.85,
    "Low": 538.38,
    "Close": 541.61,
    "Volume": 1175332
  },
  {
    "Date": "7-Apr-15",
    "Open": 538.08,
    "High": 542.69,
    "Low": 536,
    "Close": 537.02,
    "Volume": 1299298
  },
  {
    "Date": "6-Apr-15",
    "Open": 532.22,
    "High": 538.41,
    "Low": 529.57,
    "Close": 536.76,
    "Volume": 1320767
  },
  {
    "Date": "2-Apr-15",
    "Open": 540.85,
    "High": 540.85,
    "Low": 533.85,
    "Close": 535.53,
    "Volume": 1711737
  },
  {
    "Date": "1-Apr-15",
    "Open": 548.6,
    "High": 551.14,
    "Low": 539.5,
    "Close": 542.56,
    "Volume": 1957718
  },
  {
    "Date": "31-Mar-15",
    "Open": 550,
    "High": 554.71,
    "Low": 546.72,
    "Close": 548,
    "Volume": 1583677
  },
  {
    "Date": "30-Mar-15",
    "Open": 551.62,
    "High": 553.47,
    "Low": 548.17,
    "Close": 552.03,
    "Volume": 1283958
  },
  {
    "Date": "27-Mar-15",
    "Open": 553,
    "High": 555.28,
    "Low": 548.13,
    "Close": 548.34,
    "Volume": 1892323
  },
  {
    "Date": "26-Mar-15",
    "Open": 557.59,
    "High": 558.9,
    "Low": 550.65,
    "Close": 555.17,
    "Volume": 1568331
  },
  {
    "Date": "25-Mar-15",
    "Open": 570.5,
    "High": 572.26,
    "Low": 558.74,
    "Close": 558.78,
    "Volume": 2146384
  },
  {
    "Date": "24-Mar-15",
    "Open": 562.56,
    "High": 574.59,
    "Low": 561.21,
    "Close": 570.19,
    "Volume": 2576234
  },
  {
    "Date": "23-Mar-15",
    "Open": 560.43,
    "High": 562.36,
    "Low": 555.83,
    "Close": 558.81,
    "Volume": 1639306
  },
  {
    "Date": "20-Mar-15",
    "Open": 561.65,
    "High": 561.72,
    "Low": 559.05,
    "Close": 560.36,
    "Volume": 2609690
  },
  {
    "Date": "19-Mar-15",
    "Open": 559.39,
    "High": 560.8,
    "Low": 556.14,
    "Close": 557.99,
    "Volume": 1194049
  },
  {
    "Date": "18-Mar-15",
    "Open": 552.5,
    "High": 559.78,
    "Low": 547,
    "Close": 559.5,
    "Volume": 2128714
  },
  {
    "Date": "17-Mar-15",
    "Open": 551.71,
    "High": 553.8,
    "Low": 548,
    "Close": 550.84,
    "Volume": 1800570
  },
  {
    "Date": "16-Mar-15",
    "Open": 550.95,
    "High": 556.85,
    "Low": 546,
    "Close": 554.51,
    "Volume": 1636493
  },
  {
    "Date": "13-Mar-15",
    "Open": 553.5,
    "High": 558.4,
    "Low": 544.22,
    "Close": 547.32,
    "Volume": 1698872
  },
  {
    "Date": "12-Mar-15",
    "Open": 553.51,
    "High": 556.37,
    "Low": 550.46,
    "Close": 555.51,
    "Volume": 1385772
  },
  {
    "Date": "11-Mar-15",
    "Open": 555.14,
    "High": 558.14,
    "Low": 550.68,
    "Close": 551.18,
    "Volume": 1815763
  },
  {
    "Date": "10-Mar-15",
    "Open": 564.25,
    "High": 564.85,
    "Low": 554.73,
    "Close": 555.01,
    "Volume": 1787357
  },
  {
    "Date": "9-Mar-15",
    "Open": 566.86,
    "High": 570.27,
    "Low": 563.54,
    "Close": 568.85,
    "Volume": 1059336
  },
  {
    "Date": "6-Mar-15",
    "Open": 574.88,
    "High": 576.68,
    "Low": 566.76,
    "Close": 567.68,
    "Volume": 1654561
  },
  {
    "Date": "5-Mar-15",
    "Open": 575.02,
    "High": 577.91,
    "Low": 573.41,
    "Close": 575.33,
    "Volume": 1385818
  },
  {
    "Date": "4-Mar-15",
    "Open": 571.87,
    "High": 577.11,
    "Low": 568.01,
    "Close": 573.37,
    "Volume": 1871694
  },
  {
    "Date": "3-Mar-15",
    "Open": 570.45,
    "High": 575.39,
    "Low": 566.52,
    "Close": 573.64,
    "Volume": 1700084
  },
  {
    "Date": "2-Mar-15",
    "Open": 560.53,
    "High": 572.15,
    "Low": 558.75,
    "Close": 571.34,
    "Volume": 2123796
  },
  {
    "Date": "27-Feb-15",
    "Open": 554.24,
    "High": 564.71,
    "Low": 552.9,
    "Close": 558.4,
    "Volume": 2403553
  },
  {
    "Date": "26-Feb-15",
    "Open": 543.21,
    "High": 556.14,
    "Low": 541.5,
    "Close": 555.48,
    "Volume": 2305219
  },
  {
    "Date": "25-Feb-15",
    "Open": 535.9,
    "High": 546.22,
    "Low": 535.44,
    "Close": 543.87,
    "Volume": 1821041
  },
  {
    "Date": "24-Feb-15",
    "Open": 530,
    "High": 536.79,
    "Low": 528.25,
    "Close": 536.09,
    "Volume": 1002393
  },
  {
    "Date": "23-Feb-15",
    "Open": 536.05,
    "High": 536.44,
    "Low": 529.41,
    "Close": 531.91,
    "Volume": 1453907
  },
  {
    "Date": "20-Feb-15",
    "Open": 543.13,
    "High": 543.75,
    "Low": 535.8,
    "Close": 538.95,
    "Volume": 1441212
  },
  {
    "Date": "19-Feb-15",
    "Open": 538.04,
    "High": 543.11,
    "Low": 538.01,
    "Close": 542.87,
    "Volume": 987478
  },
  {
    "Date": "18-Feb-15",
    "Open": 541.4,
    "High": 545.49,
    "Low": 537.51,
    "Close": 539.7,
    "Volume": 1449089
  },
  {
    "Date": "17-Feb-15",
    "Open": 546.83,
    "High": 550,
    "Low": 541.09,
    "Close": 542.84,
    "Volume": 1612439
  },
  {
    "Date": "13-Feb-15",
    "Open": 543.35,
    "High": 549.91,
    "Low": 543.13,
    "Close": 549.01,
    "Volume": 1895126
  },
  {
    "Date": "12-Feb-15",
    "Open": 537.25,
    "High": 544.82,
    "Low": 534.67,
    "Close": 542.93,
    "Volume": 1615824
  },
  {
    "Date": "11-Feb-15",
    "Open": 535.3,
    "High": 538.45,
    "Low": 533.38,
    "Close": 535.97,
    "Volume": 1373970
  },
  {
    "Date": "10-Feb-15",
    "Open": 529.3,
    "High": 537.7,
    "Low": 526.92,
    "Close": 536.94,
    "Volume": 1745076
  },
  {
    "Date": "9-Feb-15",
    "Open": 528,
    "High": 532,
    "Low": 526.02,
    "Close": 527.83,
    "Volume": 1264276
  },
  {
    "Date": "6-Feb-15",
    "Open": 527.64,
    "High": 537.2,
    "Low": 526.41,
    "Close": 531,
    "Volume": 1758650
  },
  {
    "Date": "5-Feb-15",
    "Open": 523.79,
    "High": 528.5,
    "Low": 522.09,
    "Close": 527.58,
    "Volume": 1844687
  },
  {
    "Date": "4-Feb-15",
    "Open": 529.24,
    "High": 532.67,
    "Low": 521.27,
    "Close": 522.76,
    "Volume": 1659125
  },
  {
    "Date": "3-Feb-15",
    "Open": 528,
    "High": 533.4,
    "Low": 523.26,
    "Close": 529.24,
    "Volume": 2033085
  },
  {
    "Date": "2-Feb-15",
    "Open": 531.73,
    "High": 533,
    "Low": 518.55,
    "Close": 528.48,
    "Volume": 2841976
  },
  {
    "Date": "30-Jan-15",
    "Open": 515.86,
    "High": 539.87,
    "Low": 515.52,
    "Close": 534.52,
    "Volume": 5590977
  },
  {
    "Date": "29-Jan-15",
    "Open": 511,
    "High": 511.09,
    "Low": 501.2,
    "Close": 510.66,
    "Volume": 4174924
  },
  {
    "Date": "28-Jan-15",
    "Open": 522.78,
    "High": 522.99,
    "Low": 510,
    "Close": 510,
    "Volume": 1679230
  },
  {
    "Date": "27-Jan-15",
    "Open": 529.97,
    "High": 530.7,
    "Low": 518.19,
    "Close": 518.63,
    "Volume": 1898844
  },
  {
    "Date": "26-Jan-15",
    "Open": 538.53,
    "High": 539,
    "Low": 529.67,
    "Close": 535.21,
    "Volume": 1539524
  },
  {
    "Date": "23-Jan-15",
    "Open": 535.59,
    "High": 542.17,
    "Low": 533,
    "Close": 539.95,
    "Volume": 2275485
  },
  {
    "Date": "22-Jan-15",
    "Open": 521.48,
    "High": 536.33,
    "Low": 519.7,
    "Close": 534.39,
    "Volume": 2669558
  },
  {
    "Date": "21-Jan-15",
    "Open": 507.25,
    "High": 519.28,
    "Low": 506.2,
    "Close": 518.04,
    "Volume": 2262455
  },
  {
    "Date": "20-Jan-15",
    "Open": 511,
    "High": 512.5,
    "Low": 506.02,
    "Close": 506.9,
    "Volume": 2225922
  },
  {
    "Date": "16-Jan-15",
    "Open": 500.01,
    "High": 508.19,
    "Low": 500,
    "Close": 508.08,
    "Volume": 2292043
  },
  {
    "Date": "15-Jan-15",
    "Open": 505.57,
    "High": 505.68,
    "Low": 497.76,
    "Close": 501.79,
    "Volume": 2711355
  },
  {
    "Date": "14-Jan-15",
    "Open": 494.65,
    "High": 503.23,
    "Low": 493,
    "Close": 500.87,
    "Volume": 2229638
  },
  {
    "Date": "13-Jan-15",
    "Open": 498.84,
    "High": 502.98,
    "Low": 492.39,
    "Close": 496.18,
    "Volume": 2365687
  },
  {
    "Date": "12-Jan-15",
    "Open": 494.94,
    "High": 495.98,
    "Low": 487.56,
    "Close": 492.55,
    "Volume": 2320446
  },
  {
    "Date": "9-Jan-15",
    "Open": 504.76,
    "High": 504.92,
    "Low": 494.79,
    "Close": 496.17,
    "Volume": 2065715
  },
  {
    "Date": "8-Jan-15",
    "Open": 497.99,
    "High": 503.48,
    "Low": 491,
    "Close": 502.68,
    "Volume": 3344395
  },
  {
    "Date": "7-Jan-15",
    "Open": 507,
    "High": 507.24,
    "Low": 499.65,
    "Close": 501.1,
    "Volume": 2059366
  },
  {
    "Date": "6-Jan-15",
    "Open": 515,
    "High": 516.18,
    "Low": 501.05,
    "Close": 501.96,
    "Volume": 2891950
  },
  {
    "Date": "5-Jan-15",
    "Open": 523.26,
    "High": 524.33,
    "Low": 513.06,
    "Close": 513.87,
    "Volume": 2054238
  },
  {
    "Date": "2-Jan-15",
    "Open": 529.01,
    "High": 531.27,
    "Low": 524.1,
    "Close": 524.81,
    "Volume": 1446662
  },
  {
    "Date": "31-Dec-14",
    "Open": 531.25,
    "High": 532.6,
    "Low": 525.8,
    "Close": 526.4,
    "Volume": 1371819
  },
  {
    "Date": "30-Dec-14",
    "Open": 528.09,
    "High": 531.15,
    "Low": 527.13,
    "Close": 530.42,
    "Volume": 873923
  },
  {
    "Date": "29-Dec-14",
    "Open": 532.19,
    "High": 535.48,
    "Low": 530.01,
    "Close": 530.33,
    "Volume": 2276104
  },
  {
    "Date": "26-Dec-14",
    "Open": 528.77,
    "High": 534.25,
    "Low": 527.31,
    "Close": 534.03,
    "Volume": 1037727
  },
  {
    "Date": "24-Dec-14",
    "Open": 530.51,
    "High": 531.76,
    "Low": 527.02,
    "Close": 528.77,
    "Volume": 704035
  },
  {
    "Date": "23-Dec-14",
    "Open": 527,
    "High": 534.56,
    "Low": 526.29,
    "Close": 530.59,
    "Volume": 2191567
  },
  {
    "Date": "22-Dec-14",
    "Open": 516.08,
    "High": 526.46,
    "Low": 516.08,
    "Close": 524.87,
    "Volume": 2723599
  },
  {
    "Date": "19-Dec-14",
    "Open": 511.51,
    "High": 517.72,
    "Low": 506.91,
    "Close": 516.35,
    "Volume": 3680148
  },
  {
    "Date": "18-Dec-14",
    "Open": 512.95,
    "High": 513.87,
    "Low": 504.7,
    "Close": 511.1,
    "Volume": 2918730
  },
  {
    "Date": "17-Dec-14",
    "Open": 497,
    "High": 507,
    "Low": 496.81,
    "Close": 504.89,
    "Volume": 2875281
  },
  {
    "Date": "16-Dec-14",
    "Open": 511.56,
    "High": 513.05,
    "Low": 489,
    "Close": 495.39,
    "Volume": 3953371
  },
  {
    "Date": "15-Dec-14",
    "Open": 522.74,
    "High": 523.1,
    "Low": 513.27,
    "Close": 513.8,
    "Volume": 2812786
  },
  {
    "Date": "12-Dec-14",
    "Open": 523.51,
    "High": 528.5,
    "Low": 518.66,
    "Close": 518.66,
    "Volume": 1989117
  },
  {
    "Date": "11-Dec-14",
    "Open": 527.8,
    "High": 533.92,
    "Low": 527.1,
    "Close": 528.34,
    "Volume": 1610964
  },
  {
    "Date": "10-Dec-14",
    "Open": 533.08,
    "High": 536.33,
    "Low": 525.56,
    "Close": 526.06,
    "Volume": 1716835
  },
  {
    "Date": "9-Dec-14",
    "Open": 522.14,
    "High": 534.19,
    "Low": 520.5,
    "Close": 533.37,
    "Volume": 1871268
  },
  {
    "Date": "8-Dec-14",
    "Open": 527.13,
    "High": 531,
    "Low": 523.79,
    "Close": 526.98,
    "Volume": 2327127
  },
  {
    "Date": "5-Dec-14",
    "Open": 531,
    "High": 532.89,
    "Low": 524.28,
    "Close": 525.26,
    "Volume": 2558649
  },
  {
    "Date": "4-Dec-14",
    "Open": 531.16,
    "High": 537.34,
    "Low": 528.59,
    "Close": 537.31,
    "Volume": 1392208
  },
  {
    "Date": "3-Dec-14",
    "Open": 531.44,
    "High": 536,
    "Low": 529.26,
    "Close": 531.32,
    "Volume": 1279288
  },
  {
    "Date": "2-Dec-14",
    "Open": 533.51,
    "High": 535.5,
    "Low": 529.8,
    "Close": 533.75,
    "Volume": 1522481
  },
  {
    "Date": "1-Dec-14",
    "Open": 538.9,
    "High": 541.41,
    "Low": 531.86,
    "Close": 533.8,
    "Volume": 2109599
  },
  {
    "Date": "28-Nov-14",
    "Open": 540.62,
    "High": 542,
    "Low": 536.6,
    "Close": 541.83,
    "Volume": 1145231
  },
  {
    "Date": "26-Nov-14",
    "Open": 540.88,
    "High": 541.55,
    "Low": 537.04,
    "Close": 540.37,
    "Volume": 1519503
  },
  {
    "Date": "25-Nov-14",
    "Open": 539,
    "High": 543.98,
    "Low": 538.6,
    "Close": 541.08,
    "Volume": 1784967
  },
  {
    "Date": "24-Nov-14",
    "Open": 537.65,
    "High": 542.7,
    "Low": 535.62,
    "Close": 539.27,
    "Volume": 1701682
  },
  {
    "Date": "21-Nov-14",
    "Open": 541.61,
    "High": 542.14,
    "Low": 536.56,
    "Close": 537.5,
    "Volume": 2218249
  },
  {
    "Date": "20-Nov-14",
    "Open": 531.25,
    "High": 535.11,
    "Low": 531.08,
    "Close": 534.83,
    "Volume": 1559131
  },
  {
    "Date": "19-Nov-14",
    "Open": 535,
    "High": 538.24,
    "Low": 530.08,
    "Close": 536.99,
    "Volume": 1388440
  },
  {
    "Date": "18-Nov-14",
    "Open": 537.5,
    "High": 541.94,
    "Low": 534.17,
    "Close": 535.03,
    "Volume": 1957664
  },
  {
    "Date": "17-Nov-14",
    "Open": 543.58,
    "High": 543.79,
    "Low": 534.06,
    "Close": 536.51,
    "Volume": 1721282
  },
  {
    "Date": "14-Nov-14",
    "Open": 546.68,
    "High": 546.68,
    "Low": 542.15,
    "Close": 544.4,
    "Volume": 1285991
  },
  {
    "Date": "13-Nov-14",
    "Open": 549.8,
    "High": 549.8,
    "Low": 543.48,
    "Close": 545.38,
    "Volume": 1335719
  },
  {
    "Date": "12-Nov-14",
    "Open": 550.39,
    "High": 550.46,
    "Low": 545.17,
    "Close": 547.31,
    "Volume": 1126594
  },
  {
    "Date": "11-Nov-14",
    "Open": 548.49,
    "High": 551.94,
    "Low": 546.3,
    "Close": 550.29,
    "Volume": 964866
  },
  {
    "Date": "10-Nov-14",
    "Open": 541.46,
    "High": 549.59,
    "Low": 541.02,
    "Close": 547.49,
    "Volume": 1131546
  },
  {
    "Date": "7-Nov-14",
    "Open": 546.21,
    "High": 546.21,
    "Low": 538.67,
    "Close": 541.01,
    "Volume": 1629259
  },
  {
    "Date": "6-Nov-14",
    "Open": 545.5,
    "High": 546.88,
    "Low": 540.97,
    "Close": 542.04,
    "Volume": 1329604
  },
  {
    "Date": "5-Nov-14",
    "Open": 556.8,
    "High": 556.8,
    "Low": 544.05,
    "Close": 545.92,
    "Volume": 2026740
  },
  {
    "Date": "4-Nov-14",
    "Open": 553,
    "High": 555.5,
    "Low": 549.3,
    "Close": 554.11,
    "Volume": 1240761
  },
  {
    "Date": "3-Nov-14",
    "Open": 555.5,
    "High": 557.9,
    "Low": 553.23,
    "Close": 555.22,
    "Volume": 1378511
  },
  {
    "Date": "31-Oct-14",
    "Open": 559.35,
    "High": 559.57,
    "Low": 554.75,
    "Close": 559.08,
    "Volume": 2032887
  },
  {
    "Date": "30-Oct-14",
    "Open": 548.95,
    "High": 552.8,
    "Low": 543.51,
    "Close": 550.31,
    "Volume": 1451667
  },
  {
    "Date": "29-Oct-14",
    "Open": 550,
    "High": 554.19,
    "Low": 546.98,
    "Close": 549.33,
    "Volume": 1767107
  },
  {
    "Date": "28-Oct-14",
    "Open": 543,
    "High": 548.98,
    "Low": 541.62,
    "Close": 548.9,
    "Volume": 1273372
  },
  {
    "Date": "27-Oct-14",
    "Open": 537.03,
    "High": 544.41,
    "Low": 537.03,
    "Close": 540.77,
    "Volume": 1184973
  },
  {
    "Date": "24-Oct-14",
    "Open": 544.36,
    "High": 544.88,
    "Low": 535.79,
    "Close": 539.78,
    "Volume": 1972047
  },
  {
    "Date": "23-Oct-14",
    "Open": 539.32,
    "High": 547.22,
    "Low": 535.85,
    "Close": 543.98,
    "Volume": 2345296
  },
  {
    "Date": "22-Oct-14",
    "Open": 529.89,
    "High": 539.8,
    "Low": 528.8,
    "Close": 532.71,
    "Volume": 2917183
  },
  {
    "Date": "21-Oct-14",
    "Open": 525.19,
    "High": 526.79,
    "Low": 519.11,
    "Close": 526.54,
    "Volume": 2332531
  },
  {
    "Date": "20-Oct-14",
    "Open": 509.45,
    "High": 521.76,
    "Low": 508.1,
    "Close": 520.84,
    "Volume": 2605505
  },
  {
    "Date": "17-Oct-14",
    "Open": 527.25,
    "High": 530.98,
    "Low": 508.53,
    "Close": 511.17,
    "Volume": 5530674
  },
  {
    "Date": "16-Oct-14",
    "Open": 519,
    "High": 529.43,
    "Low": 515,
    "Close": 524.51,
    "Volume": 3698423
  },
  {
    "Date": "15-Oct-14",
    "Open": 531.01,
    "High": 532.8,
    "Low": 518.3,
    "Close": 530.03,
    "Volume": 3712536
  },
  {
    "Date": "14-Oct-14",
    "Open": 538.9,
    "High": 547.19,
    "Low": 533.17,
    "Close": 537.94,
    "Volume": 2217230
  },
  {
    "Date": "13-Oct-14",
    "Open": 544.99,
    "High": 549.5,
    "Low": 533.1,
    "Close": 533.21,
    "Volume": 2578676
  },
  {
    "Date": "10-Oct-14",
    "Open": 557.72,
    "High": 565.13,
    "Low": 544.05,
    "Close": 544.49,
    "Volume": 3078634
  },
  {
    "Date": "9-Oct-14",
    "Open": 571.18,
    "High": 571.49,
    "Low": 559.06,
    "Close": 560.88,
    "Volume": 2519693
  },
  {
    "Date": "8-Oct-14",
    "Open": 565.57,
    "High": 573.88,
    "Low": 557.49,
    "Close": 572.5,
    "Volume": 1987888
  },
  {
    "Date": "7-Oct-14",
    "Open": 574.4,
    "High": 575.27,
    "Low": 563.74,
    "Close": 563.74,
    "Volume": 1906427
  },
  {
    "Date": "6-Oct-14",
    "Open": 578.8,
    "High": 581,
    "Low": 574.44,
    "Close": 577.35,
    "Volume": 1211320
  },
  {
    "Date": "3-Oct-14",
    "Open": 573.05,
    "High": 577.22,
    "Low": 572.5,
    "Close": 575.28,
    "Volume": 1138636
  },
  {
    "Date": "2-Oct-14",
    "Open": 567.31,
    "High": 571.91,
    "Low": 563.32,
    "Close": 570.08,
    "Volume": 1175307
  },
  {
    "Date": "1-Oct-14",
    "Open": 576.01,
    "High": 577.58,
    "Low": 567.01,
    "Close": 568.27,
    "Volume": 1445027
  },
  {
    "Date": "30-Sep-14",
    "Open": 576.93,
    "High": 579.85,
    "Low": 572.85,
    "Close": 577.36,
    "Volume": 1618437
  },
  {
    "Date": "29-Sep-14",
    "Open": 571.75,
    "High": 578.19,
    "Low": 571.17,
    "Close": 576.36,
    "Volume": 1281204
  },
  {
    "Date": "26-Sep-14",
    "Open": 576.06,
    "High": 579.25,
    "Low": 574.66,
    "Close": 577.1,
    "Volume": 1439807
  },
  {
    "Date": "25-Sep-14",
    "Open": 587.55,
    "High": 587.98,
    "Low": 574.18,
    "Close": 575.06,
    "Volume": 1925350
  },
  {
    "Date": "24-Sep-14",
    "Open": 581.46,
    "High": 589.63,
    "Low": 580.52,
    "Close": 587.99,
    "Volume": 1724537
  },
  {
    "Date": "23-Sep-14",
    "Open": 586.85,
    "High": 586.85,
    "Low": 581,
    "Close": 581.13,
    "Volume": 1467703
  },
  {
    "Date": "22-Sep-14",
    "Open": 593.82,
    "High": 593.95,
    "Low": 583.46,
    "Close": 587.37,
    "Volume": 1687710
  },
  {
    "Date": "19-Sep-14",
    "Open": 591.5,
    "High": 596.48,
    "Low": 589.5,
    "Close": 596.08,
    "Volume": 3727045
  },
  {
    "Date": "18-Sep-14",
    "Open": 587,
    "High": 589.54,
    "Low": 585,
    "Close": 589.27,
    "Volume": 1442012
  },
  {
    "Date": "17-Sep-14",
    "Open": 580.01,
    "High": 587.52,
    "Low": 578.78,
    "Close": 584.77,
    "Volume": 1690994
  },
  {
    "Date": "16-Sep-14",
    "Open": 572.76,
    "High": 581.5,
    "Low": 572.66,
    "Close": 579.95,
    "Volume": 1478306
  },
  {
    "Date": "15-Sep-14",
    "Open": 572.94,
    "High": 574.95,
    "Low": 568.21,
    "Close": 573.1,
    "Volume": 1596224
  },
  {
    "Date": "12-Sep-14",
    "Open": 581,
    "High": 581.64,
    "Low": 574.46,
    "Close": 575.62,
    "Volume": 1597677
  },
  {
    "Date": "11-Sep-14",
    "Open": 580.36,
    "High": 581.81,
    "Low": 576.26,
    "Close": 581.35,
    "Volume": 1217721
  },
  {
    "Date": "10-Sep-14",
    "Open": 581.5,
    "High": 583.5,
    "Low": 576.94,
    "Close": 583.1,
    "Volume": 975145
  },
  {
    "Date": "9-Sep-14",
    "Open": 588.9,
    "High": 589,
    "Low": 580,
    "Close": 581.01,
    "Volume": 1286722
  },
  {
    "Date": "8-Sep-14",
    "Open": 586.6,
    "High": 591.77,
    "Low": 586.3,
    "Close": 589.72,
    "Volume": 1429101
  },
  {
    "Date": "5-Sep-14",
    "Open": 583.98,
    "High": 586.55,
    "Low": 581.95,
    "Close": 586.08,
    "Volume": 1629477
  },
  {
    "Date": "4-Sep-14",
    "Open": 580,
    "High": 586,
    "Low": 579.22,
    "Close": 581.98,
    "Volume": 1459956
  },
  {
    "Date": "3-Sep-14",
    "Open": 580,
    "High": 582.99,
    "Low": 575,
    "Close": 577.94,
    "Volume": 1214586
  },
  {
    "Date": "2-Sep-14",
    "Open": 571.85,
    "High": 577.83,
    "Low": 571.19,
    "Close": 577.33,
    "Volume": 1576830
  },
  {
    "Date": "29-Aug-14",
    "Open": 571.33,
    "High": 572.04,
    "Low": 567.07,
    "Close": 571.6,
    "Volume": 1081231
  },
  {
    "Date": "28-Aug-14",
    "Open": 569.56,
    "High": 573.25,
    "Low": 567.1,
    "Close": 569.2,
    "Volume": 1295963
  },
  {
    "Date": "27-Aug-14",
    "Open": 577.27,
    "High": 578.49,
    "Low": 570.1,
    "Close": 571,
    "Volume": 1700161
  },
  {
    "Date": "26-Aug-14",
    "Open": 581.26,
    "High": 581.8,
    "Low": 576.58,
    "Close": 577.86,
    "Volume": 1635465
  },
  {
    "Date": "25-Aug-14",
    "Open": 584.72,
    "High": 585,
    "Low": 579,
    "Close": 580.2,
    "Volume": 1358810
  },
  {
    "Date": "22-Aug-14",
    "Open": 583.59,
    "High": 585.24,
    "Low": 580.64,
    "Close": 582.56,
    "Volume": 789484
  },
  {
    "Date": "21-Aug-14",
    "Open": 583.82,
    "High": 584.5,
    "Low": 581.14,
    "Close": 583.37,
    "Volume": 912854
  },
  {
    "Date": "20-Aug-14",
    "Open": 585.88,
    "High": 586.7,
    "Low": 582.57,
    "Close": 584.49,
    "Volume": 1034779
  },
  {
    "Date": "19-Aug-14",
    "Open": 585,
    "High": 587.34,
    "Low": 584,
    "Close": 586.86,
    "Volume": 979298
  },
  {
    "Date": "18-Aug-14",
    "Open": 576.11,
    "High": 584.51,
    "Low": 576,
    "Close": 582.16,
    "Volume": 1282531
  },
  {
    "Date": "15-Aug-14",
    "Open": 577.86,
    "High": 579.38,
    "Low": 570.52,
    "Close": 573.48,
    "Volume": 1517056
  },
  {
    "Date": "14-Aug-14",
    "Open": 576.18,
    "High": 577.9,
    "Low": 570.88,
    "Close": 574.65,
    "Volume": 982926
  },
  {
    "Date": "13-Aug-14",
    "Open": 567.31,
    "High": 575,
    "Low": 565.75,
    "Close": 574.78,
    "Volume": 1437922
  },
  {
    "Date": "12-Aug-14",
    "Open": 564.52,
    "High": 565.9,
    "Low": 560.88,
    "Close": 562.73,
    "Volume": 1537758
  },
  {
    "Date": "11-Aug-14",
    "Open": 569.99,
    "High": 570.49,
    "Low": 566,
    "Close": 567.88,
    "Volume": 1215968
  },
  {
    "Date": "8-Aug-14",
    "Open": 563.56,
    "High": 570.25,
    "Low": 560.35,
    "Close": 568.77,
    "Volume": 1492491
  },
  {
    "Date": "7-Aug-14",
    "Open": 568,
    "High": 569.89,
    "Low": 561.1,
    "Close": 563.36,
    "Volume": 1108900
  },
  {
    "Date": "6-Aug-14",
    "Open": 561.78,
    "High": 570.7,
    "Low": 560,
    "Close": 566.37,
    "Volume": 1330877
  },
  {
    "Date": "5-Aug-14",
    "Open": 570.05,
    "High": 571.98,
    "Low": 562.61,
    "Close": 565.07,
    "Volume": 1556685
  },
  {
    "Date": "4-Aug-14",
    "Open": 569.04,
    "High": 575.35,
    "Low": 564.1,
    "Close": 573.15,
    "Volume": 1427169
  },
  {
    "Date": "1-Aug-14",
    "Open": 570.4,
    "High": 575.96,
    "Low": 562.85,
    "Close": 566.07,
    "Volume": 1950171
  },
  {
    "Date": "31-Jul-14",
    "Open": 580.6,
    "High": 583.65,
    "Low": 570,
    "Close": 571.6,
    "Volume": 2099516
  },
  {
    "Date": "30-Jul-14",
    "Open": 586.55,
    "High": 589.5,
    "Low": 584,
    "Close": 587.42,
    "Volume": 1013932
  },
  {
    "Date": "29-Jul-14",
    "Open": 588.75,
    "High": 589.7,
    "Low": 583.52,
    "Close": 585.61,
    "Volume": 1346647
  },
  {
    "Date": "28-Jul-14",
    "Open": 588.07,
    "High": 592.5,
    "Low": 584.75,
    "Close": 590.6,
    "Volume": 984161
  },
  {
    "Date": "25-Jul-14",
    "Open": 590.4,
    "High": 591.86,
    "Low": 587.03,
    "Close": 589.02,
    "Volume": 932724
  },
  {
    "Date": "24-Jul-14",
    "Open": 596.45,
    "High": 599.5,
    "Low": 591.77,
    "Close": 593.35,
    "Volume": 1033341
  },
  {
    "Date": "23-Jul-14",
    "Open": 593.23,
    "High": 597.85,
    "Low": 592.5,
    "Close": 595.98,
    "Volume": 1229846
  },
  {
    "Date": "22-Jul-14",
    "Open": 590.72,
    "High": 599.65,
    "Low": 590.6,
    "Close": 594.74,
    "Volume": 1694787
  },
  {
    "Date": "21-Jul-14",
    "Open": 591.75,
    "High": 594.4,
    "Low": 585.23,
    "Close": 589.47,
    "Volume": 2060334
  },
  {
    "Date": "18-Jul-14",
    "Open": 593,
    "High": 596.8,
    "Low": 582,
    "Close": 595.08,
    "Volume": 4006389
  },
  {
    "Date": "17-Jul-14",
    "Open": 579.53,
    "High": 580.99,
    "Low": 568.61,
    "Close": 573.73,
    "Volume": 3015475
  },
  {
    "Date": "16-Jul-14",
    "Open": 588,
    "High": 588.4,
    "Low": 582.2,
    "Close": 582.66,
    "Volume": 1394560
  },
  {
    "Date": "15-Jul-14",
    "Open": 585.74,
    "High": 585.8,
    "Low": 576.56,
    "Close": 584.78,
    "Volume": 1618815
  },
  {
    "Date": "14-Jul-14",
    "Open": 582.6,
    "High": 585.21,
    "Low": 578.03,
    "Close": 584.87,
    "Volume": 1852290
  },
  {
    "Date": "11-Jul-14",
    "Open": 571.91,
    "High": 580.85,
    "Low": 571.42,
    "Close": 579.18,
    "Volume": 1617569
  },
  {
    "Date": "10-Jul-14",
    "Open": 565.91,
    "High": 576.59,
    "Low": 565.01,
    "Close": 571.1,
    "Volume": 1353317
  },
  {
    "Date": "9-Jul-14",
    "Open": 571.58,
    "High": 576.72,
    "Low": 569.38,
    "Close": 576.08,
    "Volume": 1113907
  },
  {
    "Date": "8-Jul-14",
    "Open": 577.66,
    "High": 579.53,
    "Low": 566.14,
    "Close": 571.09,
    "Volume": 1908647
  },
  {
    "Date": "7-Jul-14",
    "Open": 583.76,
    "High": 586.43,
    "Low": 579.59,
    "Close": 582.25,
    "Volume": 1061833
  },
  {
    "Date": "3-Jul-14",
    "Open": 583.35,
    "High": 585.01,
    "Low": 580.92,
    "Close": 584.73,
    "Volume": 712210
  },
  {
    "Date": "2-Jul-14",
    "Open": 583.35,
    "High": 585.44,
    "Low": 580.39,
    "Close": 582.34,
    "Volume": 1054936
  },
  {
    "Date": "1-Jul-14",
    "Open": 578.32,
    "High": 584.4,
    "Low": 576.65,
    "Close": 582.67,
    "Volume": 1446309
  },
  {
    "Date": "30-Jun-14",
    "Open": 578.66,
    "High": 579.57,
    "Low": 574.75,
    "Close": 575.28,
    "Volume": 1310909
  },
  {
    "Date": "27-Jun-14",
    "Open": 577.18,
    "High": 579.87,
    "Low": 573.8,
    "Close": 577.24,
    "Volume": 2231174
  },
  {
    "Date": "26-Jun-14",
    "Open": 581,
    "High": 582.45,
    "Low": 571.85,
    "Close": 576,
    "Volume": 1737210
  },
  {
    "Date": "25-Jun-14",
    "Open": 565.26,
    "High": 579.96,
    "Low": 565.22,
    "Close": 578.65,
    "Volume": 1964447
  },
  {
    "Date": "24-Jun-14",
    "Open": 565.19,
    "High": 572.65,
    "Low": 561.01,
    "Close": 564.62,
    "Volume": 2201789
  },
  {
    "Date": "23-Jun-14",
    "Open": 555.15,
    "High": 565,
    "Low": 554.25,
    "Close": 564.95,
    "Volume": 1534659
  },
  {
    "Date": "20-Jun-14",
    "Open": 556.85,
    "High": 557.58,
    "Low": 550.39,
    "Close": 556.36,
    "Volume": 4496962
  },
  {
    "Date": "19-Jun-14",
    "Open": 554.24,
    "High": 555,
    "Low": 548.51,
    "Close": 554.9,
    "Volume": 2451341
  },
  {
    "Date": "18-Jun-14",
    "Open": 544.86,
    "High": 553.56,
    "Low": 544,
    "Close": 553.37,
    "Volume": 1737343
  },
  {
    "Date": "17-Jun-14",
    "Open": 544.2,
    "High": 545.32,
    "Low": 539.33,
    "Close": 543.01,
    "Volume": 1445878
  },
  {
    "Date": "16-Jun-14",
    "Open": 549.26,
    "High": 549.62,
    "Low": 541.52,
    "Close": 544.28,
    "Volume": 1704027
  },
  {
    "Date": "13-Jun-14",
    "Open": 552.26,
    "High": 552.3,
    "Low": 545.56,
    "Close": 551.76,
    "Volume": 1217176
  },
  {
    "Date": "12-Jun-14",
    "Open": 557.3,
    "High": 557.99,
    "Low": 548.46,
    "Close": 551.35,
    "Volume": 1457104
  },
  {
    "Date": "11-Jun-14",
    "Open": 558,
    "High": 559.88,
    "Low": 555.02,
    "Close": 558.84,
    "Volume": 1097380
  },
  {
    "Date": "10-Jun-14",
    "Open": 560.51,
    "High": 563.6,
    "Low": 557.9,
    "Close": 560.55,
    "Volume": 1349444
  },
  {
    "Date": "9-Jun-14",
    "Open": 557.15,
    "High": 562.9,
    "Low": 556.04,
    "Close": 562.12,
    "Volume": 1463676
  },
  {
    "Date": "6-Jun-14",
    "Open": 558.06,
    "High": 558.06,
    "Low": 548.93,
    "Close": 556.33,
    "Volume": 1732592
  },
  {
    "Date": "5-Jun-14",
    "Open": 546.4,
    "High": 554.95,
    "Low": 544.45,
    "Close": 553.9,
    "Volume": 1684886
  },
  {
    "Date": "4-Jun-14",
    "Open": 541.5,
    "High": 548.61,
    "Low": 538.75,
    "Close": 544.66,
    "Volume": 1812084
  },
  {
    "Date": "3-Jun-14",
    "Open": 550.99,
    "High": 552.34,
    "Low": 542.55,
    "Close": 544.94,
    "Volume": 1861921
  },
  {
    "Date": "2-Jun-14",
    "Open": 560.7,
    "High": 560.9,
    "Low": 545.73,
    "Close": 553.93,
    "Volume": 1434989
  },
  {
    "Date": "30-May-14",
    "Open": 560.8,
    "High": 561.35,
    "Low": 555.91,
    "Close": 559.89,
    "Volume": 1766794
  },
  {
    "Date": "29-May-14",
    "Open": 563.35,
    "High": 564,
    "Low": 558.71,
    "Close": 560.08,
    "Volume": 1350657
  },
  {
    "Date": "28-May-14",
    "Open": 564.57,
    "High": 567.84,
    "Low": 561,
    "Close": 561.68,
    "Volume": 1647717
  },
  {
    "Date": "27-May-14",
    "Open": 556,
    "High": 566,
    "Low": 554.35,
    "Close": 565.95,
    "Volume": 2100298
  },
  {
    "Date": "23-May-14",
    "Open": 547.26,
    "High": 553.64,
    "Low": 543.7,
    "Close": 552.7,
    "Volume": 1929632
  }
]