[
  {
    "Date": "21-May-15",
    "Open": 47.28,
    "High": 47.6,
    "Low": 47,
    "Close": 47.42,
    "Volume": 22394622
  },
  {
    "Date": "20-May-15",
    "Open": 47.39,
    "High": 47.93,
    "Low": 47.27,
    "Close": 47.58,
    "Volume": 25047919
  },
  {
    "Date": "19-May-15",
    "Open": 47.56,
    "High": 47.81,
    "Low": 47.18,
    "Close": 47.58,
    "Volume": 28574813
  },
  {
    "Date": "18-May-15",
    "Open": 47.98,
    "High": 48.22,
    "Low": 47.61,
    "Close": 48.01,
    "Volume": 24136502
  },
  {
    "Date": "15-May-15",
    "Open": 48.87,
    "High": 48.9,
    "Low": 48.05,
    "Close": 48.3,
    "Volume": 28642694
  },
  {
    "Date": "14-May-15",
    "Open": 48.03,
    "High": 48.82,
    "Low": 48.03,
    "Close": 48.72,
    "Volume": 32980892
  },
  {
    "Date": "13-May-15",
    "Open": 48.19,
    "High": 48.32,
    "Low": 47.57,
    "Close": 47.62,
    "Volume": 34184613
  },
  {
    "Date": "12-May-15",
    "Open": 46.85,
    "High": 47.68,
    "Low": 46.42,
    "Close": 47.35,
    "Volume": 29928264
  },
  {
    "Date": "11-May-15",
    "Open": 47.55,
    "High": 47.91,
    "Low": 47.37,
    "Close": 47.37,
    "Volume": 24609416
  },
  {
    "Date": "8-May-15",
    "Open": 47.55,
    "High": 47.98,
    "Low": 47.52,
    "Close": 47.75,
    "Volume": 35364911
  },
  {
    "Date": "7-May-15",
    "Open": 46.27,
    "High": 47.08,
    "Low": 46.16,
    "Close": 46.7,
    "Volume": 32971654
  },
  {
    "Date": "6-May-15",
    "Open": 47.57,
    "High": 47.77,
    "Low": 46.02,
    "Close": 46.28,
    "Volume": 52433020
  },
  {
    "Date": "5-May-15",
    "Open": 47.82,
    "High": 48.16,
    "Low": 47.31,
    "Close": 47.6,
    "Volume": 50369191
  },
  {
    "Date": "4-May-15",
    "Open": 48.37,
    "High": 48.87,
    "Low": 48.18,
    "Close": 48.24,
    "Volume": 34039485
  },
  {
    "Date": "1-May-15",
    "Open": 48.58,
    "High": 48.88,
    "Low": 48.4,
    "Close": 48.66,
    "Volume": 38937336
  },
  {
    "Date": "30-Apr-15",
    "Open": 48.7,
    "High": 49.54,
    "Low": 48.6,
    "Close": 48.64,
    "Volume": 64725457
  },
  {
    "Date": "29-Apr-15",
    "Open": 48.72,
    "High": 49.31,
    "Low": 48.5,
    "Close": 49.06,
    "Volume": 47804562
  },
  {
    "Date": "28-Apr-15",
    "Open": 47.78,
    "High": 49.21,
    "Low": 47.7,
    "Close": 49.16,
    "Volume": 60730778
  },
  {
    "Date": "27-Apr-15",
    "Open": 47.23,
    "High": 48.13,
    "Low": 47.22,
    "Close": 48.03,
    "Volume": 59248172
  },
  {
    "Date": "24-Apr-15",
    "Open": 45.66,
    "High": 48.14,
    "Low": 45.65,
    "Close": 47.87,
    "Volume": 130933665
  },
  {
    "Date": "23-Apr-15",
    "Open": 42.89,
    "High": 43.61,
    "Low": 42.8,
    "Close": 43.34,
    "Volume": 46309530
  },
  {
    "Date": "22-Apr-15",
    "Open": 42.67,
    "High": 43.13,
    "Low": 42.55,
    "Close": 42.98,
    "Volume": 25064273
  },
  {
    "Date": "21-Apr-15",
    "Open": 43,
    "High": 43.15,
    "Low": 42.53,
    "Close": 42.64,
    "Volume": 26013844
  },
  {
    "Date": "20-Apr-15",
    "Open": 41.73,
    "High": 43.17,
    "Low": 41.68,
    "Close": 42.9,
    "Volume": 46057733
  },
  {
    "Date": "17-Apr-15",
    "Open": 41.67,
    "High": 41.74,
    "Low": 41.16,
    "Close": 41.62,
    "Volume": 42387608
  },
  {
    "Date": "16-Apr-15",
    "Open": 41.95,
    "High": 42.34,
    "Low": 41.82,
    "Close": 42.16,
    "Volume": 22509652
  },
  {
    "Date": "15-Apr-15",
    "Open": 41.76,
    "High": 42.46,
    "Low": 41.68,
    "Close": 42.26,
    "Volume": 27343581
  },
  {
    "Date": "14-Apr-15",
    "Open": 41.8,
    "High": 42.03,
    "Low": 41.39,
    "Close": 41.65,
    "Volume": 24244382
  },
  {
    "Date": "13-Apr-15",
    "Open": 41.4,
    "High": 42.06,
    "Low": 41.39,
    "Close": 41.76,
    "Volume": 30276692
  },
  {
    "Date": "10-Apr-15",
    "Open": 41.63,
    "High": 41.95,
    "Low": 41.41,
    "Close": 41.72,
    "Volume": 28022002
  },
  {
    "Date": "9-Apr-15",
    "Open": 41.25,
    "High": 41.62,
    "Low": 41.25,
    "Close": 41.48,
    "Volume": 25723861
  },
  {
    "Date": "8-Apr-15",
    "Open": 41.46,
    "High": 41.69,
    "Low": 41.04,
    "Close": 41.42,
    "Volume": 24753438
  },
  {
    "Date": "7-Apr-15",
    "Open": 41.61,
    "High": 41.91,
    "Low": 41.31,
    "Close": 41.53,
    "Volume": 28809375
  },
  {
    "Date": "6-Apr-15",
    "Open": 40.34,
    "High": 41.78,
    "Low": 40.18,
    "Close": 41.54,
    "Volume": 39223692
  },
  {
    "Date": "2-Apr-15",
    "Open": 40.66,
    "High": 40.74,
    "Low": 40.12,
    "Close": 40.29,
    "Volume": 37487476
  },
  {
    "Date": "1-Apr-15",
    "Open": 40.6,
    "High": 40.76,
    "Low": 40.31,
    "Close": 40.72,
    "Volume": 36865322
  },
  {
    "Date": "31-Mar-15",
    "Open": 40.78,
    "High": 41.03,
    "Low": 40.54,
    "Close": 40.66,
    "Volume": 34887219
  },
  {
    "Date": "30-Mar-15",
    "Open": 41.1,
    "High": 41.54,
    "Low": 40.91,
    "Close": 40.96,
    "Volume": 35049662
  },
  {
    "Date": "27-Mar-15",
    "Open": 41.12,
    "High": 41.43,
    "Low": 40.83,
    "Close": 40.97,
    "Volume": 34401398
  },
  {
    "Date": "26-Mar-15",
    "Open": 41.22,
    "High": 41.61,
    "Low": 40.92,
    "Close": 41.21,
    "Volume": 37495627
  },
  {
    "Date": "25-Mar-15",
    "Open": 42.92,
    "High": 42.92,
    "Low": 41.44,
    "Close": 41.46,
    "Volume": 43469907
  },
  {
    "Date": "24-Mar-15",
    "Open": 42.78,
    "High": 43.17,
    "Low": 42.75,
    "Close": 42.9,
    "Volume": 25513252
  },
  {
    "Date": "23-Mar-15",
    "Open": 42.88,
    "High": 43.13,
    "Low": 42.78,
    "Close": 42.86,
    "Volume": 26246086
  },
  {
    "Date": "20-Mar-15",
    "Open": 42.56,
    "High": 42.98,
    "Low": 42.49,
    "Close": 42.88,
    "Volume": 71904529
  },
  {
    "Date": "19-Mar-15",
    "Open": 42.26,
    "High": 42.59,
    "Low": 42.22,
    "Close": 42.28,
    "Volume": 33879066
  },
  {
    "Date": "18-Mar-15",
    "Open": 41.43,
    "High": 42.83,
    "Low": 41.33,
    "Close": 42.5,
    "Volume": 44194771
  },
  {
    "Date": "17-Mar-15",
    "Open": 41.37,
    "High": 41.83,
    "Low": 41.15,
    "Close": 41.7,
    "Volume": 31673448
  },
  {
    "Date": "16-Mar-15",
    "Open": 41.47,
    "High": 41.64,
    "Low": 41.28,
    "Close": 41.56,
    "Volume": 35273452
  },
  {
    "Date": "13-Mar-15",
    "Open": 40.7,
    "High": 41.47,
    "Low": 40.61,
    "Close": 41.38,
    "Volume": 58007705
  },
  {
    "Date": "12-Mar-15",
    "Open": 41.33,
    "High": 41.65,
    "Low": 40.86,
    "Close": 41.02,
    "Volume": 59992502
  },
  {
    "Date": "11-Mar-15",
    "Open": 42.31,
    "High": 42.37,
    "Low": 41.84,
    "Close": 41.98,
    "Volume": 32215314
  },
  {
    "Date": "10-Mar-15",
    "Open": 42.35,
    "High": 42.71,
    "Low": 42.03,
    "Close": 42.03,
    "Volume": 39159730
  },
  {
    "Date": "9-Mar-15",
    "Open": 42.19,
    "High": 43.12,
    "Low": 42.19,
    "Close": 42.85,
    "Volume": 32107957
  },
  {
    "Date": "6-Mar-15",
    "Open": 43,
    "High": 43.11,
    "Low": 42.15,
    "Close": 42.36,
    "Volume": 36248785
  },
  {
    "Date": "5-Mar-15",
    "Open": 43.07,
    "High": 43.24,
    "Low": 42.82,
    "Close": 43.11,
    "Volume": 23193541
  },
  {
    "Date": "4-Mar-15",
    "Open": 43.01,
    "High": 43.21,
    "Low": 42.88,
    "Close": 43.06,
    "Volume": 25748692
  },
  {
    "Date": "3-Mar-15",
    "Open": 43.56,
    "High": 43.82,
    "Low": 43.09,
    "Close": 43.28,
    "Volume": 31748648
  },
  {
    "Date": "2-Mar-15",
    "Open": 43.67,
    "High": 44.19,
    "Low": 43.55,
    "Close": 43.88,
    "Volume": 31924049
  },
  {
    "Date": "27-Feb-15",
    "Open": 44.13,
    "High": 44.2,
    "Low": 43.66,
    "Close": 43.85,
    "Volume": 33807740
  },
  {
    "Date": "26-Feb-15",
    "Open": 43.99,
    "High": 44.23,
    "Low": 43.89,
    "Close": 44.06,
    "Volume": 28957329
  },
  {
    "Date": "25-Feb-15",
    "Open": 43.95,
    "High": 44.09,
    "Low": 43.8,
    "Close": 43.99,
    "Volume": 29759820
  },
  {
    "Date": "24-Feb-15",
    "Open": 44.15,
    "High": 44.3,
    "Low": 43.92,
    "Close": 44.09,
    "Volume": 25271747
  },
  {
    "Date": "23-Feb-15",
    "Open": 43.7,
    "High": 44.19,
    "Low": 43.65,
    "Close": 44.15,
    "Volume": 32518754
  },
  {
    "Date": "20-Feb-15",
    "Open": 43.51,
    "High": 43.88,
    "Low": 43.29,
    "Close": 43.86,
    "Volume": 29721133
  },
  {
    "Date": "19-Feb-15",
    "Open": 43.18,
    "High": 43.53,
    "Low": 43.05,
    "Close": 43.5,
    "Volume": 27603420
  },
  {
    "Date": "18-Feb-15",
    "Open": 43.63,
    "High": 43.7,
    "Low": 43.39,
    "Close": 43.53,
    "Volume": 27111657
  },
  {
    "Date": "17-Feb-15",
    "Open": 43.97,
    "High": 44,
    "Low": 43.19,
    "Close": 43.58,
    "Volume": 33695749
  },
  {
    "Date": "13-Feb-15",
    "Open": 43.38,
    "High": 43.87,
    "Low": 43.15,
    "Close": 43.87,
    "Volume": 40264887
  },
  {
    "Date": "12-Feb-15",
    "Open": 42.66,
    "High": 43.09,
    "Low": 42.51,
    "Close": 43.09,
    "Volume": 33268831
  },
  {
    "Date": "11-Feb-15",
    "Open": 42.65,
    "High": 42.65,
    "Low": 42.21,
    "Close": 42.38,
    "Volume": 38262509
  },
  {
    "Date": "10-Feb-15",
    "Open": 42.74,
    "High": 42.77,
    "Low": 42.18,
    "Close": 42.6,
    "Volume": 29670676
  },
  {
    "Date": "9-Feb-15",
    "Open": 42.24,
    "High": 42.74,
    "Low": 42.21,
    "Close": 42.36,
    "Volume": 31381061
  },
  {
    "Date": "6-Feb-15",
    "Open": 42.68,
    "High": 42.79,
    "Low": 42.15,
    "Close": 42.41,
    "Volume": 34616554
  },
  {
    "Date": "5-Feb-15",
    "Open": 42.22,
    "High": 42.64,
    "Low": 41.86,
    "Close": 42.45,
    "Volume": 36548168
  },
  {
    "Date": "4-Feb-15",
    "Open": 41.94,
    "High": 42.21,
    "Low": 41.36,
    "Close": 41.84,
    "Volume": 41614812
  },
  {
    "Date": "3-Feb-15",
    "Open": 41.63,
    "High": 41.93,
    "Low": 41.04,
    "Close": 41.6,
    "Volume": 52082448
  },
  {
    "Date": "2-Feb-15",
    "Open": 40.59,
    "High": 41.37,
    "Low": 40.23,
    "Close": 41.28,
    "Volume": 50352532
  },
  {
    "Date": "30-Jan-15",
    "Open": 41.55,
    "High": 41.58,
    "Low": 40.35,
    "Close": 40.4,
    "Volume": 78004944
  },
  {
    "Date": "29-Jan-15",
    "Open": 40.93,
    "High": 42.12,
    "Low": 40.79,
    "Close": 42.01,
    "Volume": 63585273
  },
  {
    "Date": "28-Jan-15",
    "Open": 42.74,
    "High": 42.79,
    "Low": 41.16,
    "Close": 41.19,
    "Volume": 84507078
  },
  {
    "Date": "27-Jan-15",
    "Open": 42.95,
    "High": 43.2,
    "Low": 42.1,
    "Close": 42.66,
    "Volume": 169163953
  },
  {
    "Date": "26-Jan-15",
    "Open": 47,
    "High": 47.13,
    "Low": 46.24,
    "Close": 47.01,
    "Volume": 42525530
  },
  {
    "Date": "23-Jan-15",
    "Open": 47.36,
    "High": 47.39,
    "Low": 46.8,
    "Close": 47.18,
    "Volume": 26211594
  },
  {
    "Date": "22-Jan-15",
    "Open": 46.38,
    "High": 47.14,
    "Low": 46.08,
    "Close": 47.13,
    "Volume": 35898035
  },
  {
    "Date": "21-Jan-15",
    "Open": 45.94,
    "High": 46.14,
    "Low": 45.48,
    "Close": 45.92,
    "Volume": 39081143
  },
  {
    "Date": "20-Jan-15",
    "Open": 46.3,
    "High": 46.65,
    "Low": 45.57,
    "Close": 46.39,
    "Volume": 36161860
  },
  {
    "Date": "16-Jan-15",
    "Open": 45.31,
    "High": 46.28,
    "Low": 45.17,
    "Close": 46.24,
    "Volume": 35695289
  },
  {
    "Date": "15-Jan-15",
    "Open": 46.22,
    "High": 46.38,
    "Low": 45.41,
    "Close": 45.48,
    "Volume": 32750779
  },
  {
    "Date": "14-Jan-15",
    "Open": 45.96,
    "High": 46.24,
    "Low": 45.62,
    "Close": 45.96,
    "Volume": 29719580
  },
  {
    "Date": "13-Jan-15",
    "Open": 46.97,
    "High": 47.91,
    "Low": 46.06,
    "Close": 46.36,
    "Volume": 35270601
  },
  {
    "Date": "12-Jan-15",
    "Open": 47.42,
    "High": 47.54,
    "Low": 46.36,
    "Close": 46.6,
    "Volume": 23651887
  },
  {
    "Date": "9-Jan-15",
    "Open": 47.61,
    "High": 47.82,
    "Low": 46.9,
    "Close": 47.19,
    "Volume": 23944181
  },
  {
    "Date": "8-Jan-15",
    "Open": 46.75,
    "High": 47.75,
    "Low": 46.72,
    "Close": 47.59,
    "Volume": 29645202
  },
  {
    "Date": "7-Jan-15",
    "Open": 45.98,
    "High": 46.46,
    "Low": 45.49,
    "Close": 46.23,
    "Volume": 29114061
  },
  {
    "Date": "6-Jan-15",
    "Open": 46.38,
    "High": 46.75,
    "Low": 45.54,
    "Close": 45.65,
    "Volume": 36447854
  },
  {
    "Date": "5-Jan-15",
    "Open": 46.37,
    "High": 46.73,
    "Low": 46.25,
    "Close": 46.32,
    "Volume": 39673865
  },
  {
    "Date": "2-Jan-15",
    "Open": 46.66,
    "High": 47.42,
    "Low": 46.54,
    "Close": 46.76,
    "Volume": 27913852
  },
  {
    "Date": "31-Dec-14",
    "Open": 46.73,
    "High": 47.44,
    "Low": 46.45,
    "Close": 46.45,
    "Volume": 21552450
  },
  {
    "Date": "30-Dec-14",
    "Open": 47.44,
    "High": 47.62,
    "Low": 46.84,
    "Close": 47.02,
    "Volume": 16384692
  },
  {
    "Date": "29-Dec-14",
    "Open": 47.7,
    "High": 47.78,
    "Low": 47.26,
    "Close": 47.45,
    "Volume": 14439518
  },
  {
    "Date": "26-Dec-14",
    "Open": 48.41,
    "High": 48.41,
    "Low": 47.82,
    "Close": 47.88,
    "Volume": 13197817
  },
  {
    "Date": "24-Dec-14",
    "Open": 48.64,
    "High": 48.64,
    "Low": 48.08,
    "Close": 48.14,
    "Volume": 11442790
  },
  {
    "Date": "23-Dec-14",
    "Open": 48.37,
    "High": 48.8,
    "Low": 48.13,
    "Close": 48.45,
    "Volume": 23656529
  },
  {
    "Date": "22-Dec-14",
    "Open": 47.78,
    "High": 48.12,
    "Low": 47.71,
    "Close": 47.98,
    "Volume": 26565984
  },
  {
    "Date": "19-Dec-14",
    "Open": 47.63,
    "High": 48.1,
    "Low": 47.17,
    "Close": 47.66,
    "Volume": 64551182
  },
  {
    "Date": "18-Dec-14",
    "Open": 46.58,
    "High": 47.52,
    "Low": 46.34,
    "Close": 47.52,
    "Volume": 40105550
  },
  {
    "Date": "17-Dec-14",
    "Open": 45.05,
    "High": 45.94,
    "Low": 44.9,
    "Close": 45.74,
    "Volume": 34970865
  },
  {
    "Date": "16-Dec-14",
    "Open": 45.9,
    "High": 46.34,
    "Low": 45.13,
    "Close": 45.16,
    "Volume": 47801392
  },
  {
    "Date": "15-Dec-14",
    "Open": 47.2,
    "High": 47.67,
    "Low": 46.55,
    "Close": 46.67,
    "Volume": 29247761
  },
  {
    "Date": "12-Dec-14",
    "Open": 46.78,
    "High": 47.73,
    "Low": 46.67,
    "Close": 46.95,
    "Volume": 34248371
  },
  {
    "Date": "11-Dec-14",
    "Open": 47.08,
    "High": 47.74,
    "Low": 46.68,
    "Close": 47.17,
    "Volume": 29061918
  },
  {
    "Date": "10-Dec-14",
    "Open": 47.58,
    "High": 47.66,
    "Low": 46.7,
    "Close": 46.9,
    "Volume": 30431788
  },
  {
    "Date": "9-Dec-14",
    "Open": 47.11,
    "High": 47.92,
    "Low": 47.05,
    "Close": 47.59,
    "Volume": 24330506
  },
  {
    "Date": "8-Dec-14",
    "Open": 48.26,
    "High": 48.35,
    "Low": 47.44,
    "Close": 47.7,
    "Volume": 26663107
  },
  {
    "Date": "5-Dec-14",
    "Open": 48.82,
    "High": 48.97,
    "Low": 48.38,
    "Close": 48.42,
    "Volume": 27313449
  },
  {
    "Date": "4-Dec-14",
    "Open": 48.39,
    "High": 49.06,
    "Low": 48.2,
    "Close": 48.84,
    "Volume": 30345132
  },
  {
    "Date": "3-Dec-14",
    "Open": 48.44,
    "High": 48.5,
    "Low": 47.8,
    "Close": 48.08,
    "Volume": 23534752
  },
  {
    "Date": "2-Dec-14",
    "Open": 48.84,
    "High": 49.05,
    "Low": 48.2,
    "Close": 48.46,
    "Volume": 25773478
  },
  {
    "Date": "1-Dec-14",
    "Open": 47.88,
    "High": 48.78,
    "Low": 47.71,
    "Close": 48.62,
    "Volume": 31191575
  },
  {
    "Date": "28-Nov-14",
    "Open": 47.95,
    "High": 48.2,
    "Low": 47.61,
    "Close": 47.81,
    "Volume": 21534426
  },
  {
    "Date": "26-Nov-14",
    "Open": 47.49,
    "High": 47.99,
    "Low": 47.28,
    "Close": 47.75,
    "Volume": 27164877
  },
  {
    "Date": "25-Nov-14",
    "Open": 47.66,
    "High": 47.97,
    "Low": 47.45,
    "Close": 47.47,
    "Volume": 28007993
  },
  {
    "Date": "24-Nov-14",
    "Open": 47.99,
    "High": 48,
    "Low": 47.39,
    "Close": 47.59,
    "Volume": 35434245
  },
  {
    "Date": "21-Nov-14",
    "Open": 49.02,
    "High": 49.05,
    "Low": 47.57,
    "Close": 47.98,
    "Volume": 42884795
  },
  {
    "Date": "20-Nov-14",
    "Open": 48,
    "High": 48.7,
    "Low": 47.87,
    "Close": 48.7,
    "Volume": 21510587
  },
  {
    "Date": "19-Nov-14",
    "Open": 48.66,
    "High": 48.75,
    "Low": 47.93,
    "Close": 48.22,
    "Volume": 26177450
  },
  {
    "Date": "18-Nov-14",
    "Open": 49.13,
    "High": 49.32,
    "Low": 48.7,
    "Close": 48.74,
    "Volume": 23996457
  },
  {
    "Date": "17-Nov-14",
    "Open": 49.41,
    "High": 49.7,
    "Low": 49.14,
    "Close": 49.46,
    "Volume": 30318648
  },
  {
    "Date": "14-Nov-14",
    "Open": 49.74,
    "High": 50.04,
    "Low": 49.39,
    "Close": 49.58,
    "Volume": 29081657
  },
  {
    "Date": "13-Nov-14",
    "Open": 48.81,
    "High": 49.64,
    "Low": 48.7,
    "Close": 49.61,
    "Volume": 26210433
  },
  {
    "Date": "12-Nov-14",
    "Open": 48.56,
    "High": 48.92,
    "Low": 48.52,
    "Close": 48.78,
    "Volume": 22722123
  },
  {
    "Date": "11-Nov-14",
    "Open": 48.85,
    "High": 48.93,
    "Low": 48.64,
    "Close": 48.87,
    "Volume": 23445239
  },
  {
    "Date": "10-Nov-14",
    "Open": 48.65,
    "High": 49.15,
    "Low": 48.55,
    "Close": 48.89,
    "Volume": 36370067
  },
  {
    "Date": "7-Nov-14",
    "Open": 48.92,
    "High": 48.92,
    "Low": 48.29,
    "Close": 48.68,
    "Volume": 28000598
  },
  {
    "Date": "6-Nov-14",
    "Open": 47.86,
    "High": 48.86,
    "Low": 47.79,
    "Close": 48.7,
    "Volume": 33037841
  },
  {
    "Date": "5-Nov-14",
    "Open": 47.8,
    "High": 47.9,
    "Low": 47.26,
    "Close": 47.86,
    "Volume": 22449594
  },
  {
    "Date": "4-Nov-14",
    "Open": 47.3,
    "High": 47.73,
    "Low": 47.25,
    "Close": 47.57,
    "Volume": 21530813
  },
  {
    "Date": "3-Nov-14",
    "Open": 46.89,
    "High": 47.46,
    "Low": 46.73,
    "Close": 47.44,
    "Volume": 23130397
  },
  {
    "Date": "31-Oct-14",
    "Open": 46.94,
    "High": 46.97,
    "Low": 46.48,
    "Close": 46.95,
    "Volume": 35849656
  },
  {
    "Date": "30-Oct-14",
    "Open": 46.32,
    "High": 46.32,
    "Low": 45.77,
    "Close": 46.05,
    "Volume": 30073873
  },
  {
    "Date": "29-Oct-14",
    "Open": 46.44,
    "High": 46.7,
    "Low": 46.34,
    "Close": 46.62,
    "Volume": 30283622
  },
  {
    "Date": "28-Oct-14",
    "Open": 45.86,
    "High": 46.5,
    "Low": 45.77,
    "Close": 46.49,
    "Volume": 29049750
  },
  {
    "Date": "27-Oct-14",
    "Open": 45.71,
    "High": 46.1,
    "Low": 45.71,
    "Close": 45.91,
    "Volume": 30371308
  },
  {
    "Date": "24-Oct-14",
    "Open": 46.83,
    "High": 46.9,
    "Low": 45.18,
    "Close": 46.13,
    "Volume": 61081039
  },
  {
    "Date": "23-Oct-14",
    "Open": 44.62,
    "High": 45.44,
    "Low": 44.53,
    "Close": 45.02,
    "Volume": 45451869
  },
  {
    "Date": "22-Oct-14",
    "Open": 45,
    "High": 45.07,
    "Low": 44.22,
    "Close": 44.38,
    "Volume": 33579817
  },
  {
    "Date": "21-Oct-14",
    "Open": 44.36,
    "High": 44.98,
    "Low": 44.19,
    "Close": 44.88,
    "Volume": 36433824
  },
  {
    "Date": "20-Oct-14",
    "Open": 43.06,
    "High": 44.14,
    "Low": 42.81,
    "Close": 44.08,
    "Volume": 34530887
  },
  {
    "Date": "17-Oct-14",
    "Open": 43.2,
    "High": 43.94,
    "Low": 42.79,
    "Close": 43.63,
    "Volume": 40683346
  },
  {
    "Date": "16-Oct-14",
    "Open": 42.53,
    "High": 43.08,
    "Low": 42.22,
    "Close": 42.74,
    "Volume": 49040989
  },
  {
    "Date": "15-Oct-14",
    "Open": 43,
    "High": 43.39,
    "Low": 42.1,
    "Close": 43.22,
    "Volume": 60220961
  },
  {
    "Date": "14-Oct-14",
    "Open": 43.87,
    "High": 44.38,
    "Low": 43.56,
    "Close": 43.73,
    "Volume": 38120558
  },
  {
    "Date": "13-Oct-14",
    "Open": 43.82,
    "High": 44.56,
    "Low": 43.49,
    "Close": 43.65,
    "Volume": 37100207
  },
  {
    "Date": "10-Oct-14",
    "Open": 45.6,
    "High": 46.12,
    "Low": 43.95,
    "Close": 44.03,
    "Volume": 51978146
  },
  {
    "Date": "9-Oct-14",
    "Open": 46.5,
    "High": 46.8,
    "Low": 45.74,
    "Close": 45.85,
    "Volume": 34426595
  },
  {
    "Date": "8-Oct-14",
    "Open": 45.48,
    "High": 46.89,
    "Low": 45.34,
    "Close": 46.78,
    "Volume": 33030972
  },
  {
    "Date": "7-Oct-14",
    "Open": 45.86,
    "High": 45.93,
    "Low": 45.42,
    "Close": 45.53,
    "Volume": 25724544
  },
  {
    "Date": "6-Oct-14",
    "Open": 46.12,
    "High": 46.3,
    "Low": 45.92,
    "Close": 46.09,
    "Volume": 20603960
  },
  {
    "Date": "3-Oct-14",
    "Open": 45.98,
    "High": 46.3,
    "Low": 45.61,
    "Close": 46.09,
    "Volume": 32453273
  },
  {
    "Date": "2-Oct-14",
    "Open": 45.83,
    "High": 46.1,
    "Low": 45.64,
    "Close": 45.76,
    "Volume": 25119508
  },
  {
    "Date": "1-Oct-14",
    "Open": 46.27,
    "High": 46.53,
    "Low": 45.84,
    "Close": 45.9,
    "Volume": 38088355
  },
  {
    "Date": "30-Sep-14",
    "Open": 46.37,
    "High": 46.48,
    "Low": 46.01,
    "Close": 46.36,
    "Volume": 33033086
  },
  {
    "Date": "29-Sep-14",
    "Open": 45.98,
    "High": 46.56,
    "Low": 45.76,
    "Close": 46.44,
    "Volume": 26090980
  },
  {
    "Date": "26-Sep-14",
    "Open": 45.93,
    "High": 46.62,
    "Low": 45.76,
    "Close": 46.41,
    "Volume": 27078764
  },
  {
    "Date": "25-Sep-14",
    "Open": 46.88,
    "High": 47.09,
    "Low": 46.03,
    "Close": 46.04,
    "Volume": 33077385
  },
  {
    "Date": "24-Sep-14",
    "Open": 46.63,
    "High": 47.11,
    "Low": 46.34,
    "Close": 47.08,
    "Volume": 26582713
  },
  {
    "Date": "23-Sep-14",
    "Open": 46.85,
    "High": 46.98,
    "Low": 46.47,
    "Close": 46.56,
    "Volume": 33431078
  },
  {
    "Date": "22-Sep-14",
    "Open": 47.3,
    "High": 47.38,
    "Low": 46.98,
    "Close": 47.06,
    "Volume": 38686091
  },
  {
    "Date": "19-Sep-14",
    "Open": 46.81,
    "High": 47.57,
    "Low": 46.6,
    "Close": 47.52,
    "Volume": 202526536
  },
  {
    "Date": "18-Sep-14",
    "Open": 46.59,
    "High": 46.83,
    "Low": 46.46,
    "Close": 46.68,
    "Volume": 35556632
  },
  {
    "Date": "17-Sep-14",
    "Open": 46.26,
    "High": 46.69,
    "Low": 46.23,
    "Close": 46.52,
    "Volume": 38311924
  },
  {
    "Date": "16-Sep-14",
    "Open": 46.39,
    "High": 46.85,
    "Low": 46.29,
    "Close": 46.76,
    "Volume": 27910571
  },
  {
    "Date": "15-Sep-14",
    "Open": 46.54,
    "High": 46.71,
    "Low": 46.1,
    "Close": 46.24,
    "Volume": 37667644
  },
  {
    "Date": "12-Sep-14",
    "Open": 46.91,
    "High": 47.02,
    "Low": 46.6,
    "Close": 46.7,
    "Volume": 38247122
  },
  {
    "Date": "11-Sep-14",
    "Open": 46.74,
    "High": 47,
    "Low": 46.47,
    "Close": 47,
    "Volume": 29216560
  },
  {
    "Date": "10-Sep-14",
    "Open": 46.82,
    "High": 46.94,
    "Low": 46.28,
    "Close": 46.84,
    "Volume": 27304409
  },
  {
    "Date": "9-Sep-14",
    "Open": 46.47,
    "High": 46.97,
    "Low": 46.42,
    "Close": 46.76,
    "Volume": 40302386
  },
  {
    "Date": "8-Sep-14",
    "Open": 46.02,
    "High": 46.8,
    "Low": 45.99,
    "Close": 46.47,
    "Volume": 45736730
  },
  {
    "Date": "5-Sep-14",
    "Open": 45.11,
    "High": 45.93,
    "Low": 45.11,
    "Close": 45.91,
    "Volume": 36939360
  },
  {
    "Date": "4-Sep-14",
    "Open": 44.74,
    "High": 45.27,
    "Low": 44.72,
    "Close": 45.26,
    "Volume": 26478082
  },
  {
    "Date": "3-Sep-14",
    "Open": 44.53,
    "High": 45.11,
    "Low": 44.53,
    "Close": 44.96,
    "Volume": 33689341
  },
  {
    "Date": "2-Sep-14",
    "Open": 45.43,
    "High": 45.46,
    "Low": 44.85,
    "Close": 45.09,
    "Volume": 22976775
  },
  {
    "Date": "29-Aug-14",
    "Open": 45.09,
    "High": 45.44,
    "Low": 44.86,
    "Close": 45.43,
    "Volume": 21608625
  },
  {
    "Date": "28-Aug-14",
    "Open": 44.75,
    "High": 44.98,
    "Low": 44.61,
    "Close": 44.88,
    "Volume": 17657643
  },
  {
    "Date": "27-Aug-14",
    "Open": 44.9,
    "High": 45,
    "Low": 44.76,
    "Close": 44.87,
    "Volume": 21287931
  },
  {
    "Date": "26-Aug-14",
    "Open": 45.31,
    "High": 45.4,
    "Low": 44.94,
    "Close": 45,
    "Volume": 14877669
  },
  {
    "Date": "25-Aug-14",
    "Open": 45.4,
    "High": 45.44,
    "Low": 45.04,
    "Close": 45.17,
    "Volume": 16909999
  },
  {
    "Date": "22-Aug-14",
    "Open": 45.35,
    "High": 45.47,
    "Low": 45.07,
    "Close": 45.15,
    "Volume": 18294741
  },
  {
    "Date": "21-Aug-14",
    "Open": 44.84,
    "High": 45.25,
    "Low": 44.83,
    "Close": 45.22,
    "Volume": 22285502
  },
  {
    "Date": "20-Aug-14",
    "Open": 45.34,
    "High": 45.4,
    "Low": 44.9,
    "Close": 44.95,
    "Volume": 24770487
  },
  {
    "Date": "19-Aug-14",
    "Open": 44.97,
    "High": 45.34,
    "Low": 44.83,
    "Close": 45.33,
    "Volume": 28139494
  },
  {
    "Date": "18-Aug-14",
    "Open": 44.94,
    "High": 45.11,
    "Low": 44.68,
    "Close": 45.11,
    "Volume": 26895359
  },
  {
    "Date": "15-Aug-14",
    "Open": 44.58,
    "High": 44.9,
    "Low": 44.4,
    "Close": 44.79,
    "Volume": 41611308
  },
  {
    "Date": "14-Aug-14",
    "Open": 44.08,
    "High": 44.42,
    "Low": 44.01,
    "Close": 44.27,
    "Volume": 19313194
  },
  {
    "Date": "13-Aug-14",
    "Open": 43.68,
    "High": 44.18,
    "Low": 43.52,
    "Close": 44.08,
    "Volume": 22889484
  },
  {
    "Date": "12-Aug-14",
    "Open": 43.04,
    "High": 43.59,
    "Low": 43,
    "Close": 43.52,
    "Volume": 21433589
  },
  {
    "Date": "11-Aug-14",
    "Open": 43.26,
    "High": 43.45,
    "Low": 43.02,
    "Close": 43.2,
    "Volume": 20351600
  },
  {
    "Date": "8-Aug-14",
    "Open": 43.23,
    "High": 43.32,
    "Low": 42.91,
    "Close": 43.2,
    "Volume": 28943024
  },
  {
    "Date": "7-Aug-14",
    "Open": 42.84,
    "High": 43.45,
    "Low": 42.65,
    "Close": 43.23,
    "Volume": 30315183
  },
  {
    "Date": "6-Aug-14",
    "Open": 42.74,
    "High": 43.17,
    "Low": 42.21,
    "Close": 42.74,
    "Volume": 24633966
  },
  {
    "Date": "5-Aug-14",
    "Open": 43.37,
    "High": 43.46,
    "Low": 42.83,
    "Close": 43.08,
    "Volume": 26267500
  },
  {
    "Date": "4-Aug-14",
    "Open": 42.97,
    "High": 43.47,
    "Low": 42.81,
    "Close": 43.37,
    "Volume": 34277387
  },
  {
    "Date": "1-Aug-14",
    "Open": 43.21,
    "High": 43.25,
    "Low": 42.6,
    "Close": 42.86,
    "Volume": 31171094
  },
  {
    "Date": "31-Jul-14",
    "Open": 43.38,
    "High": 43.69,
    "Low": 43.08,
    "Close": 43.16,
    "Volume": 31540882
  },
  {
    "Date": "30-Jul-14",
    "Open": 44.07,
    "High": 44.1,
    "Low": 43.29,
    "Close": 43.58,
    "Volume": 31925735
  },
  {
    "Date": "29-Jul-14",
    "Open": 43.91,
    "High": 44.09,
    "Low": 43.64,
    "Close": 43.88,
    "Volume": 27764099
  },
  {
    "Date": "28-Jul-14",
    "Open": 44.36,
    "High": 44.51,
    "Low": 43.93,
    "Close": 43.97,
    "Volume": 29687677
  },
  {
    "Date": "25-Jul-14",
    "Open": 44.3,
    "High": 44.66,
    "Low": 44.3,
    "Close": 44.5,
    "Volume": 26737724
  },
  {
    "Date": "24-Jul-14",
    "Open": 44.93,
    "High": 45,
    "Low": 44.32,
    "Close": 44.4,
    "Volume": 30725348
  },
  {
    "Date": "23-Jul-14",
    "Open": 45.45,
    "High": 45.45,
    "Low": 44.62,
    "Close": 44.87,
    "Volume": 52363948
  },
  {
    "Date": "22-Jul-14",
    "Open": 45,
    "High": 45.15,
    "Low": 44.59,
    "Close": 44.83,
    "Volume": 43095820
  },
  {
    "Date": "21-Jul-14",
    "Open": 44.56,
    "High": 45.16,
    "Low": 44.22,
    "Close": 44.84,
    "Volume": 37604378
  },
  {
    "Date": "18-Jul-14",
    "Open": 44.65,
    "High": 44.84,
    "Low": 44.25,
    "Close": 44.69,
    "Volume": 43407490
  },
  {
    "Date": "17-Jul-14",
    "Open": 45.45,
    "High": 45.71,
    "Low": 44.25,
    "Close": 44.53,
    "Volume": 82180263
  },
  {
    "Date": "16-Jul-14",
    "Open": 42.51,
    "High": 44.31,
    "Low": 42.48,
    "Close": 44.08,
    "Volume": 63322372
  },
  {
    "Date": "15-Jul-14",
    "Open": 42.33,
    "High": 42.47,
    "Low": 42.03,
    "Close": 42.45,
    "Volume": 28758961
  },
  {
    "Date": "14-Jul-14",
    "Open": 42.22,
    "High": 42.45,
    "Low": 42.04,
    "Close": 42.14,
    "Volume": 21882943
  },
  {
    "Date": "11-Jul-14",
    "Open": 41.7,
    "High": 42.09,
    "Low": 41.48,
    "Close": 42.09,
    "Volume": 24087374
  },
  {
    "Date": "10-Jul-14",
    "Open": 41.37,
    "High": 42,
    "Low": 41.05,
    "Close": 41.68,
    "Volume": 21856832
  },
  {
    "Date": "9-Jul-14",
    "Open": 41.98,
    "High": 41.99,
    "Low": 41.53,
    "Close": 41.67,
    "Volume": 18445910
  },
  {
    "Date": "8-Jul-14",
    "Open": 41.87,
    "High": 42,
    "Low": 41.61,
    "Close": 41.78,
    "Volume": 31218208
  },
  {
    "Date": "7-Jul-14",
    "Open": 41.75,
    "High": 42.12,
    "Low": 41.71,
    "Close": 41.99,
    "Volume": 21953619
  },
  {
    "Date": "3-Jul-14",
    "Open": 41.91,
    "High": 41.99,
    "Low": 41.56,
    "Close": 41.8,
    "Volume": 15969310
  },
  {
    "Date": "2-Jul-14",
    "Open": 41.73,
    "High": 41.9,
    "Low": 41.53,
    "Close": 41.9,
    "Volume": 20208526
  },
  {
    "Date": "1-Jul-14",
    "Open": 41.86,
    "High": 42.15,
    "Low": 41.69,
    "Close": 41.87,
    "Volume": 26922597
  },
  {
    "Date": "30-Jun-14",
    "Open": 42.17,
    "High": 42.21,
    "Low": 41.7,
    "Close": 41.7,
    "Volume": 30805472
  },
  {
    "Date": "27-Jun-14",
    "Open": 41.61,
    "High": 42.29,
    "Low": 41.51,
    "Close": 42.25,
    "Volume": 74641945
  },
  {
    "Date": "26-Jun-14",
    "Open": 41.93,
    "High": 41.94,
    "Low": 41.43,
    "Close": 41.72,
    "Volume": 23604409
  },
  {
    "Date": "25-Jun-14",
    "Open": 41.7,
    "High": 42.05,
    "Low": 41.46,
    "Close": 42.03,
    "Volume": 20051576
  },
  {
    "Date": "24-Jun-14",
    "Open": 41.83,
    "High": 41.94,
    "Low": 41.56,
    "Close": 41.74,
    "Volume": 26518274
  },
  {
    "Date": "23-Jun-14",
    "Open": 41.73,
    "High": 42,
    "Low": 41.69,
    "Close": 41.99,
    "Volume": 18743905
  },
  {
    "Date": "20-Jun-14",
    "Open": 41.44,
    "High": 41.83,
    "Low": 41.38,
    "Close": 41.68,
    "Volume": 47765407
  },
  {
    "Date": "19-Jun-14",
    "Open": 41.57,
    "High": 41.77,
    "Low": 41.33,
    "Close": 41.51,
    "Volume": 19837767
  },
  {
    "Date": "18-Jun-14",
    "Open": 41.6,
    "High": 41.74,
    "Low": 41.18,
    "Close": 41.65,
    "Volume": 27097228
  },
  {
    "Date": "17-Jun-14",
    "Open": 41.29,
    "High": 41.91,
    "Low": 40.34,
    "Close": 41.68,
    "Volume": 22518630
  },
  {
    "Date": "16-Jun-14",
    "Open": 41.04,
    "High": 41.61,
    "Low": 41.04,
    "Close": 41.5,
    "Volume": 24205297
  },
  {
    "Date": "13-Jun-14",
    "Open": 41.1,
    "High": 41.56,
    "Low": 40.86,
    "Close": 41.23,
    "Volume": 26310697
  },
  {
    "Date": "12-Jun-14",
    "Open": 40.81,
    "High": 40.88,
    "Low": 40.29,
    "Close": 40.58,
    "Volume": 29823030
  },
  {
    "Date": "11-Jun-14",
    "Open": 40.93,
    "High": 41.07,
    "Low": 40.76,
    "Close": 40.86,
    "Volume": 18039990
  },
  {
    "Date": "10-Jun-14",
    "Open": 41.03,
    "High": 41.16,
    "Low": 40.86,
    "Close": 41.11,
    "Volume": 15117689
  },
  {
    "Date": "9-Jun-14",
    "Open": 41.39,
    "High": 41.48,
    "Low": 41.02,
    "Close": 41.27,
    "Volume": 15019425
  },
  {
    "Date": "6-Jun-14",
    "Open": 41.48,
    "High": 41.66,
    "Low": 41.24,
    "Close": 41.48,
    "Volume": 24060542
  },
  {
    "Date": "5-Jun-14",
    "Open": 40.59,
    "High": 41.25,
    "Low": 40.4,
    "Close": 41.21,
    "Volume": 31865213
  },
  {
    "Date": "4-Jun-14",
    "Open": 40.21,
    "High": 40.37,
    "Low": 39.86,
    "Close": 40.32,
    "Volume": 23210341
  },
  {
    "Date": "3-Jun-14",
    "Open": 40.6,
    "High": 40.68,
    "Low": 40.25,
    "Close": 40.29,
    "Volume": 18071096
  },
  {
    "Date": "2-Jun-14",
    "Open": 40.95,
    "High": 41.09,
    "Low": 40.68,
    "Close": 40.79,
    "Volume": 18504300
  },
  {
    "Date": "30-May-14",
    "Open": 40.45,
    "High": 40.97,
    "Low": 40.25,
    "Close": 40.94,
    "Volume": 34575579
  },
  {
    "Date": "29-May-14",
    "Open": 40.15,
    "High": 40.35,
    "Low": 39.91,
    "Close": 40.34,
    "Volume": 19893872
  },
  {
    "Date": "28-May-14",
    "Open": 40.14,
    "High": 40.19,
    "Low": 39.82,
    "Close": 40.01,
    "Volume": 25711565
  },
  {
    "Date": "27-May-14",
    "Open": 40.26,
    "High": 40.26,
    "Low": 39.81,
    "Close": 40.19,
    "Volume": 26161164
  },
  {
    "Date": "23-May-14",
    "Open": 40.37,
    "High": 40.37,
    "Low": 40,
    "Close": 40.12,
    "Volume": 18020866
  }
]