[
  {
    "Date": "21-May-15",
    "Open": 104.87,
    "High": 105.2,
    "Low": 104.24,
    "Close": 104.4,
    "Volume": 2721709
  },
  {
    "Date": "20-May-15",
    "Open": 104.92,
    "High": 105.15,
    "Low": 104.21,
    "Close": 104.61,
    "Volume": 2700151
  },
  {
    "Date": "19-May-15",
    "Open": 104.62,
    "High": 105.18,
    "Low": 104.35,
    "Close": 104.64,
    "Volume": 2985644
  },
  {
    "Date": "18-May-15",
    "Open": 105.11,
    "High": 105.5,
    "Low": 104.42,
    "Close": 104.75,
    "Volume": 2522616
  },
  {
    "Date": "15-May-15",
    "Open": 103.65,
    "High": 105.03,
    "Low": 103.37,
    "Close": 104.98,
    "Volume": 3932648
  },
  {
    "Date": "14-May-15",
    "Open": 102.94,
    "High": 103.5,
    "Low": 102.31,
    "Close": 103.44,
    "Volume": 2716687
  },
  {
    "Date": "13-May-15",
    "Open": 102.69,
    "High": 102.73,
    "Low": 101.79,
    "Close": 102.16,
    "Volume": 2254143
  },
  {
    "Date": "12-May-15",
    "Open": 101.98,
    "High": 102.69,
    "Low": 101.6,
    "Close": 102.37,
    "Volume": 2338230
  },
  {
    "Date": "11-May-15",
    "Open": 102.42,
    "High": 103.22,
    "Low": 102.09,
    "Close": 102.79,
    "Volume": 2669910
  },
  {
    "Date": "8-May-15",
    "Open": 102.29,
    "High": 103.3,
    "Low": 102.29,
    "Close": 102.44,
    "Volume": 2767390
  },
  {
    "Date": "7-May-15",
    "Open": 100.45,
    "High": 101.59,
    "Low": 100.02,
    "Close": 101.45,
    "Volume": 2763164
  },
  {
    "Date": "6-May-15",
    "Open": 100.27,
    "High": 101,
    "Low": 99.68,
    "Close": 100.22,
    "Volume": 2698250
  },
  {
    "Date": "5-May-15",
    "Open": 100.43,
    "High": 100.87,
    "Low": 100.26,
    "Close": 100.42,
    "Volume": 2552252
  },
  {
    "Date": "4-May-15",
    "Open": 101,
    "High": 101.2,
    "Low": 100.48,
    "Close": 100.83,
    "Volume": 2278890
  },
  {
    "Date": "1-May-15",
    "Open": 99.88,
    "High": 100.82,
    "Low": 99.41,
    "Close": 100.78,
    "Volume": 3341749
  },
  {
    "Date": "30-Apr-15",
    "Open": 99.75,
    "High": 100.51,
    "Low": 98.46,
    "Close": 98.84,
    "Volume": 3248480
  },
  {
    "Date": "29-Apr-15",
    "Open": 99.53,
    "High": 100.49,
    "Low": 99.26,
    "Close": 100.17,
    "Volume": 2697562
  },
  {
    "Date": "28-Apr-15",
    "Open": 100.8,
    "High": 100.8,
    "Low": 99.19,
    "Close": 99.86,
    "Volume": 3015812
  },
  {
    "Date": "27-Apr-15",
    "Open": 101.27,
    "High": 102,
    "Low": 100.77,
    "Close": 100.94,
    "Volume": 2579174
  },
  {
    "Date": "24-Apr-15",
    "Open": 100.46,
    "High": 101.28,
    "Low": 100.21,
    "Close": 100.95,
    "Volume": 2166951
  },
  {
    "Date": "23-Apr-15",
    "Open": 99.78,
    "High": 101.6,
    "Low": 99.45,
    "Close": 101.11,
    "Volume": 2334063
  },
  {
    "Date": "22-Apr-15",
    "Open": 100.3,
    "High": 100.39,
    "Low": 99.29,
    "Close": 100.15,
    "Volume": 1952895
  },
  {
    "Date": "21-Apr-15",
    "Open": 100.76,
    "High": 100.85,
    "Low": 99.72,
    "Close": 100.29,
    "Volume": 2562651
  },
  {
    "Date": "20-Apr-15",
    "Open": 99.08,
    "High": 100.34,
    "Low": 99.02,
    "Close": 99.99,
    "Volume": 3104286
  },
  {
    "Date": "17-Apr-15",
    "Open": 99.17,
    "High": 99.37,
    "Low": 98.14,
    "Close": 98.55,
    "Volume": 3024766
  },
  {
    "Date": "16-Apr-15",
    "Open": 99.49,
    "High": 100.17,
    "Low": 99.4,
    "Close": 99.9,
    "Volume": 2051969
  },
  {
    "Date": "15-Apr-15",
    "Open": 100.63,
    "High": 100.73,
    "Low": 99.73,
    "Close": 99.83,
    "Volume": 2858142
  },
  {
    "Date": "14-Apr-15",
    "Open": 99.06,
    "High": 99.81,
    "Low": 98.7,
    "Close": 99.53,
    "Volume": 2385422
  },
  {
    "Date": "13-Apr-15",
    "Open": 99.97,
    "High": 100.06,
    "Low": 99.06,
    "Close": 99.27,
    "Volume": 3656866
  },
  {
    "Date": "10-Apr-15",
    "Open": 100.92,
    "High": 101.08,
    "Low": 99.93,
    "Close": 99.97,
    "Volume": 2959061
  },
  {
    "Date": "9-Apr-15",
    "Open": 101,
    "High": 101.69,
    "Low": 100.6,
    "Close": 100.72,
    "Volume": 2650494
  },
  {
    "Date": "8-Apr-15",
    "Open": 100,
    "High": 100.97,
    "Low": 99.72,
    "Close": 100.84,
    "Volume": 3261184
  },
  {
    "Date": "7-Apr-15",
    "Open": 99.73,
    "High": 100.26,
    "Low": 99.47,
    "Close": 99.61,
    "Volume": 1996819
  },
  {
    "Date": "6-Apr-15",
    "Open": 98.75,
    "High": 100.63,
    "Low": 98.55,
    "Close": 99.73,
    "Volume": 2513757
  },
  {
    "Date": "2-Apr-15",
    "Open": 100.04,
    "High": 100.32,
    "Low": 99.39,
    "Close": 99.66,
    "Volume": 1920221
  },
  {
    "Date": "1-Apr-15",
    "Open": 100,
    "High": 100.28,
    "Low": 98.34,
    "Close": 99.55,
    "Volume": 3302678
  },
  {
    "Date": "31-Mar-15",
    "Open": 100.88,
    "High": 101.84,
    "Low": 100.29,
    "Close": 100.33,
    "Volume": 3154617
  },
  {
    "Date": "30-Mar-15",
    "Open": 101.23,
    "High": 101.55,
    "Low": 100.54,
    "Close": 100.89,
    "Volume": 2717729
  },
  {
    "Date": "27-Mar-15",
    "Open": 99.12,
    "High": 100.18,
    "Low": 99.12,
    "Close": 99.88,
    "Volume": 2201750
  },
  {
    "Date": "26-Mar-15",
    "Open": 98.34,
    "High": 100.09,
    "Low": 97.67,
    "Close": 99.33,
    "Volume": 4739866
  },
  {
    "Date": "25-Mar-15",
    "Open": 101,
    "High": 101.18,
    "Low": 98.94,
    "Close": 98.99,
    "Volume": 4066747
  },
  {
    "Date": "24-Mar-15",
    "Open": 101.05,
    "High": 101.66,
    "Low": 100.6,
    "Close": 100.65,
    "Volume": 3799407
  },
  {
    "Date": "23-Mar-15",
    "Open": 101.55,
    "High": 102.6,
    "Low": 101.2,
    "Close": 101.46,
    "Volume": 5235944
  },
  {
    "Date": "20-Mar-15",
    "Open": 102.63,
    "High": 103.79,
    "Low": 101.25,
    "Close": 101.98,
    "Volume": 14889910
  },
  {
    "Date": "19-Mar-15",
    "Open": 97.81,
    "High": 98.62,
    "Low": 97.21,
    "Close": 98.32,
    "Volume": 6768043
  },
  {
    "Date": "18-Mar-15",
    "Open": 96.54,
    "High": 97.87,
    "Low": 95.61,
    "Close": 97.51,
    "Volume": 4427830
  },
  {
    "Date": "17-Mar-15",
    "Open": 96.14,
    "High": 96.78,
    "Low": 95.51,
    "Close": 96.54,
    "Volume": 3204118
  },
  {
    "Date": "16-Mar-15",
    "Open": 96.2,
    "High": 96.8,
    "Low": 95.93,
    "Close": 96.44,
    "Volume": 4248504
  },
  {
    "Date": "13-Mar-15",
    "Open": 97.04,
    "High": 97.48,
    "Low": 95.3,
    "Close": 95.81,
    "Volume": 3698053
  },
  {
    "Date": "12-Mar-15",
    "Open": 95.5,
    "High": 97.1,
    "Low": 95.38,
    "Close": 97.04,
    "Volume": 2904898
  },
  {
    "Date": "11-Mar-15",
    "Open": 96.38,
    "High": 97.08,
    "Low": 95.18,
    "Close": 95.34,
    "Volume": 3742065
  },
  {
    "Date": "10-Mar-15",
    "Open": 96.42,
    "High": 96.97,
    "Low": 96.25,
    "Close": 96.51,
    "Volume": 3547993
  },
  {
    "Date": "9-Mar-15",
    "Open": 97.09,
    "High": 97.82,
    "Low": 96.94,
    "Close": 97.43,
    "Volume": 2969434
  },
  {
    "Date": "6-Mar-15",
    "Open": 98.46,
    "High": 98.69,
    "Low": 96.6,
    "Close": 96.91,
    "Volume": 3587348
  },
  {
    "Date": "5-Mar-15",
    "Open": 97.96,
    "High": 98.68,
    "Low": 97.79,
    "Close": 98.46,
    "Volume": 3316847
  },
  {
    "Date": "4-Mar-15",
    "Open": 97.67,
    "High": 97.87,
    "Low": 96.96,
    "Close": 97.52,
    "Volume": 2426537
  },
  {
    "Date": "3-Mar-15",
    "Open": 98.44,
    "High": 98.47,
    "Low": 97.12,
    "Close": 97.97,
    "Volume": 3519233
  },
  {
    "Date": "2-Mar-15",
    "Open": 96.89,
    "High": 98.86,
    "Low": 96.75,
    "Close": 98.75,
    "Volume": 5512474
  },
  {
    "Date": "27-Feb-15",
    "Open": 96.95,
    "High": 97.4,
    "Low": 96.63,
    "Close": 97.12,
    "Volume": 3559338
  },
  {
    "Date": "26-Feb-15",
    "Open": 96.66,
    "High": 97.33,
    "Low": 96.65,
    "Close": 96.99,
    "Volume": 2967471
  },
  {
    "Date": "25-Feb-15",
    "Open": 95.42,
    "High": 97.2,
    "Low": 95.42,
    "Close": 96.82,
    "Volume": 3526777
  },
  {
    "Date": "24-Feb-15",
    "Open": 94.75,
    "High": 95.54,
    "Low": 94.75,
    "Close": 95.42,
    "Volume": 2619714
  },
  {
    "Date": "23-Feb-15",
    "Open": 94.92,
    "High": 95.23,
    "Low": 94.28,
    "Close": 95.01,
    "Volume": 2311113
  },
  {
    "Date": "20-Feb-15",
    "Open": 93.61,
    "High": 95.29,
    "Low": 93.35,
    "Close": 94.93,
    "Volume": 3698975
  },
  {
    "Date": "19-Feb-15",
    "Open": 93.48,
    "High": 94.26,
    "Low": 93.48,
    "Close": 93.7,
    "Volume": 3302616
  },
  {
    "Date": "18-Feb-15",
    "Open": 91.54,
    "High": 93.76,
    "Low": 91.43,
    "Close": 93.62,
    "Volume": 4071858
  },
  {
    "Date": "17-Feb-15",
    "Open": 91.74,
    "High": 92.9,
    "Low": 91.72,
    "Close": 91.86,
    "Volume": 3685478
  },
  {
    "Date": "13-Feb-15",
    "Open": 92.02,
    "High": 92.57,
    "Low": 91.9,
    "Close": 92.04,
    "Volume": 3847781
  },
  {
    "Date": "12-Feb-15",
    "Open": 91.46,
    "High": 92.66,
    "Low": 90.8,
    "Close": 92,
    "Volume": 5927893
  },
  {
    "Date": "11-Feb-15",
    "Open": 92.49,
    "High": 92.75,
    "Low": 90.95,
    "Close": 91.31,
    "Volume": 4270496
  },
  {
    "Date": "10-Feb-15",
    "Open": 91.74,
    "High": 93.1,
    "Low": 91.22,
    "Close": 92.75,
    "Volume": 3847303
  },
  {
    "Date": "9-Feb-15",
    "Open": 91.5,
    "High": 91.7,
    "Low": 90.69,
    "Close": 91.17,
    "Volume": 3669698
  },
  {
    "Date": "6-Feb-15",
    "Open": 93.4,
    "High": 93.47,
    "Low": 91.54,
    "Close": 91.79,
    "Volume": 3690899
  },
  {
    "Date": "5-Feb-15",
    "Open": 92.88,
    "High": 93.59,
    "Low": 92.56,
    "Close": 93.34,
    "Volume": 2877174
  },
  {
    "Date": "4-Feb-15",
    "Open": 92.77,
    "High": 93.27,
    "Low": 92.27,
    "Close": 92.54,
    "Volume": 3593657
  },
  {
    "Date": "3-Feb-15",
    "Open": 92.23,
    "High": 93.39,
    "Low": 92.03,
    "Close": 93.35,
    "Volume": 3970058
  },
  {
    "Date": "2-Feb-15",
    "Open": 92.68,
    "High": 92.69,
    "Low": 90.77,
    "Close": 91.92,
    "Volume": 4028278
  },
  {
    "Date": "30-Jan-15",
    "Open": 93.92,
    "High": 94.36,
    "Low": 92.1,
    "Close": 92.25,
    "Volume": 4053159
  },
  {
    "Date": "29-Jan-15",
    "Open": 93.67,
    "High": 94.87,
    "Low": 93.17,
    "Close": 94.87,
    "Volume": 3401193
  },
  {
    "Date": "28-Jan-15",
    "Open": 95,
    "High": 95.32,
    "Low": 93.25,
    "Close": 93.31,
    "Volume": 3201338
  },
  {
    "Date": "27-Jan-15",
    "Open": 95.3,
    "High": 95.45,
    "Low": 94.12,
    "Close": 94.5,
    "Volume": 3348432
  },
  {
    "Date": "26-Jan-15",
    "Open": 96,
    "High": 96.46,
    "Low": 95.55,
    "Close": 96.35,
    "Volume": 2482046
  },
  {
    "Date": "23-Jan-15",
    "Open": 96.14,
    "High": 96.75,
    "Low": 95.65,
    "Close": 96.16,
    "Volume": 3390503
  },
  {
    "Date": "22-Jan-15",
    "Open": 94.35,
    "High": 96.11,
    "Low": 93.56,
    "Close": 95.85,
    "Volume": 3476166
  },
  {
    "Date": "21-Jan-15",
    "Open": 93.11,
    "High": 94.13,
    "Low": 93.01,
    "Close": 93.51,
    "Volume": 2927030
  },
  {
    "Date": "20-Jan-15",
    "Open": 93.44,
    "High": 93.89,
    "Low": 92.62,
    "Close": 93.61,
    "Volume": 4701912
  },
  {
    "Date": "16-Jan-15",
    "Open": 92.77,
    "High": 93.13,
    "Low": 92.03,
    "Close": 92.99,
    "Volume": 4384999
  },
  {
    "Date": "15-Jan-15",
    "Open": 94.63,
    "High": 94.68,
    "Low": 92.57,
    "Close": 92.81,
    "Volume": 2117475
  },
  {
    "Date": "14-Jan-15",
    "Open": 93.38,
    "High": 94.37,
    "Low": 92.91,
    "Close": 93.71,
    "Volume": 3375184
  },
  {
    "Date": "13-Jan-15",
    "Open": 96.34,
    "High": 97.45,
    "Low": 94.63,
    "Close": 95.01,
    "Volume": 3091094
  },
  {
    "Date": "12-Jan-15",
    "Open": 95.91,
    "High": 96.52,
    "Low": 95.23,
    "Close": 95.86,
    "Volume": 2815433
  },
  {
    "Date": "9-Jan-15",
    "Open": 96.93,
    "High": 96.99,
    "Low": 95.6,
    "Close": 95.99,
    "Volume": 2344460
  },
  {
    "Date": "8-Jan-15",
    "Open": 95.66,
    "High": 97.1,
    "Low": 95.62,
    "Close": 97.06,
    "Volume": 2998622
  },
  {
    "Date": "7-Jan-15",
    "Open": 93.61,
    "High": 95.3,
    "Low": 93.1,
    "Close": 94.87,
    "Volume": 3628028
  },
  {
    "Date": "6-Jan-15",
    "Open": 93.89,
    "High": 94.15,
    "Low": 92.07,
    "Close": 92.95,
    "Volume": 3788029
  },
  {
    "Date": "5-Jan-15",
    "Open": 94.51,
    "High": 94.55,
    "Low": 93.13,
    "Close": 93.5,
    "Volume": 3444586
  },
  {
    "Date": "2-Jan-15",
    "Open": 96.55,
    "High": 96.95,
    "Low": 94.11,
    "Close": 95.03,
    "Volume": 2492878
  },
  {
    "Date": "31-Dec-14",
    "Open": 96.97,
    "High": 97.61,
    "Low": 96.04,
    "Close": 96.15,
    "Volume": 2348728
  },
  {
    "Date": "30-Dec-14",
    "Open": 96.88,
    "High": 97.3,
    "Low": 96.62,
    "Close": 96.88,
    "Volume": 2073429
  },
  {
    "Date": "29-Dec-14",
    "Open": 96.61,
    "High": 97.65,
    "Low": 96.61,
    "Close": 97.3,
    "Volume": 2008867
  },
  {
    "Date": "26-Dec-14",
    "Open": 96.51,
    "High": 97.21,
    "Low": 96.25,
    "Close": 96.83,
    "Volume": 1572359
  },
  {
    "Date": "24-Dec-14",
    "Open": 96.4,
    "High": 97.35,
    "Low": 96.08,
    "Close": 96.29,
    "Volume": 1220605
  },
  {
    "Date": "23-Dec-14",
    "Open": 96,
    "High": 96.51,
    "Low": 95.59,
    "Close": 95.97,
    "Volume": 2626223
  },
  {
    "Date": "22-Dec-14",
    "Open": 95.13,
    "High": 95.93,
    "Low": 95.02,
    "Close": 95.93,
    "Volume": 3831094
  },
  {
    "Date": "19-Dec-14",
    "Open": 95.5,
    "High": 96.28,
    "Low": 92.83,
    "Close": 94.84,
    "Volume": 13500984
  },
  {
    "Date": "18-Dec-14",
    "Open": 96.27,
    "High": 97.08,
    "Low": 95.06,
    "Close": 97.08,
    "Volume": 9480373
  },
  {
    "Date": "17-Dec-14",
    "Open": 93.73,
    "High": 94.76,
    "Low": 92.9,
    "Close": 94.5,
    "Volume": 5602560
  },
  {
    "Date": "16-Dec-14",
    "Open": 95.35,
    "High": 95.42,
    "Low": 92.97,
    "Close": 93.21,
    "Volume": 7307242
  },
  {
    "Date": "15-Dec-14",
    "Open": 96.43,
    "High": 96.93,
    "Low": 94.78,
    "Close": 95.43,
    "Volume": 5076347
  },
  {
    "Date": "12-Dec-14",
    "Open": 96.65,
    "High": 97.89,
    "Low": 96.17,
    "Close": 96.17,
    "Volume": 4131692
  },
  {
    "Date": "11-Dec-14",
    "Open": 97.48,
    "High": 98.6,
    "Low": 96.84,
    "Close": 96.93,
    "Volume": 4361822
  },
  {
    "Date": "10-Dec-14",
    "Open": 96.48,
    "High": 98.24,
    "Low": 96.46,
    "Close": 97.66,
    "Volume": 3228898
  },
  {
    "Date": "9-Dec-14",
    "Open": 97.06,
    "High": 97.4,
    "Low": 95.98,
    "Close": 97.03,
    "Volume": 3001884
  },
  {
    "Date": "8-Dec-14",
    "Open": 99.05,
    "High": 99.05,
    "Low": 97.3,
    "Close": 97.72,
    "Volume": 2579024
  },
  {
    "Date": "5-Dec-14",
    "Open": 99.26,
    "High": 99.5,
    "Low": 98.83,
    "Close": 99.33,
    "Volume": 1704122
  },
  {
    "Date": "4-Dec-14",
    "Open": 98.5,
    "High": 99.39,
    "Low": 98.06,
    "Close": 99.05,
    "Volume": 2064114
  },
  {
    "Date": "3-Dec-14",
    "Open": 98.16,
    "High": 98.6,
    "Low": 97.52,
    "Close": 98.5,
    "Volume": 1896350
  },
  {
    "Date": "2-Dec-14",
    "Open": 98.06,
    "High": 98.72,
    "Low": 97.69,
    "Close": 98.04,
    "Volume": 2191963
  },
  {
    "Date": "1-Dec-14",
    "Open": 98.66,
    "High": 99.39,
    "Low": 97.66,
    "Close": 97.69,
    "Volume": 2569551
  },
  {
    "Date": "28-Nov-14",
    "Open": 98.34,
    "High": 99.76,
    "Low": 98.23,
    "Close": 99.29,
    "Volume": 1804745
  },
  {
    "Date": "26-Nov-14",
    "Open": 97.3,
    "High": 97.88,
    "Low": 97.1,
    "Close": 97.8,
    "Volume": 1974379
  },
  {
    "Date": "25-Nov-14",
    "Open": 98.3,
    "High": 98.5,
    "Low": 97.27,
    "Close": 97.29,
    "Volume": 3088560
  },
  {
    "Date": "24-Nov-14",
    "Open": 97.79,
    "High": 98.5,
    "Low": 97.74,
    "Close": 97.95,
    "Volume": 2540761
  },
  {
    "Date": "21-Nov-14",
    "Open": 98.69,
    "High": 98.96,
    "Low": 96.66,
    "Close": 97.42,
    "Volume": 3508244
  },
  {
    "Date": "20-Nov-14",
    "Open": 96.62,
    "High": 97.7,
    "Low": 96.31,
    "Close": 97.3,
    "Volume": 2411195
  },
  {
    "Date": "19-Nov-14",
    "Open": 96.5,
    "High": 97.1,
    "Low": 96.35,
    "Close": 96.95,
    "Volume": 2293045
  },
  {
    "Date": "18-Nov-14",
    "Open": 95.99,
    "High": 96.85,
    "Low": 95.76,
    "Close": 96.47,
    "Volume": 2401742
  },
  {
    "Date": "17-Nov-14",
    "Open": 95.37,
    "High": 96.19,
    "Low": 95.04,
    "Close": 96.06,
    "Volume": 2965467
  },
  {
    "Date": "14-Nov-14",
    "Open": 95.79,
    "High": 95.88,
    "Low": 95.01,
    "Close": 95.5,
    "Volume": 3203377
  },
  {
    "Date": "13-Nov-14",
    "Open": 96.18,
    "High": 96.55,
    "Low": 95.56,
    "Close": 96.12,
    "Volume": 2708673
  },
  {
    "Date": "12-Nov-14",
    "Open": 94.45,
    "High": 95.92,
    "Low": 94.23,
    "Close": 95.81,
    "Volume": 2509202
  },
  {
    "Date": "11-Nov-14",
    "Open": 95.2,
    "High": 95.3,
    "Low": 94.58,
    "Close": 94.88,
    "Volume": 2281574
  },
  {
    "Date": "10-Nov-14",
    "Open": 94.04,
    "High": 95.07,
    "Low": 94.04,
    "Close": 94.96,
    "Volume": 2949062
  },
  {
    "Date": "7-Nov-14",
    "Open": 94.75,
    "High": 94.75,
    "Low": 93.54,
    "Close": 93.78,
    "Volume": 2454896
  },
  {
    "Date": "6-Nov-14",
    "Open": 94.85,
    "High": 95.09,
    "Low": 94.54,
    "Close": 94.6,
    "Volume": 2741017
  },
  {
    "Date": "5-Nov-14",
    "Open": 94.84,
    "High": 94.84,
    "Low": 93.71,
    "Close": 94.68,
    "Volume": 3256907
  },
  {
    "Date": "4-Nov-14",
    "Open": 93.06,
    "High": 94.02,
    "Low": 92.62,
    "Close": 93.95,
    "Volume": 2220716
  },
  {
    "Date": "3-Nov-14",
    "Open": 93.35,
    "High": 93.48,
    "Low": 92.87,
    "Close": 93.45,
    "Volume": 2431706
  },
  {
    "Date": "31-Oct-14",
    "Open": 94.13,
    "High": 94.14,
    "Low": 92.67,
    "Close": 92.97,
    "Volume": 3231800
  },
  {
    "Date": "30-Oct-14",
    "Open": 91.77,
    "High": 93,
    "Low": 91.55,
    "Close": 93,
    "Volume": 2292565
  },
  {
    "Date": "29-Oct-14",
    "Open": 92.16,
    "High": 92.54,
    "Low": 91.42,
    "Close": 91.95,
    "Volume": 2499865
  },
  {
    "Date": "28-Oct-14",
    "Open": 91.53,
    "High": 92.45,
    "Low": 91.31,
    "Close": 92.45,
    "Volume": 3179216
  },
  {
    "Date": "27-Oct-14",
    "Open": 90.91,
    "High": 91.78,
    "Low": 90.43,
    "Close": 91.64,
    "Volume": 2909671
  },
  {
    "Date": "24-Oct-14",
    "Open": 89.95,
    "High": 90.99,
    "Low": 89.91,
    "Close": 90.9,
    "Volume": 2466049
  },
  {
    "Date": "23-Oct-14",
    "Open": 90.13,
    "High": 91.32,
    "Low": 89.95,
    "Close": 90.37,
    "Volume": 3095941
  },
  {
    "Date": "22-Oct-14",
    "Open": 90.65,
    "High": 91.53,
    "Low": 89.81,
    "Close": 89.86,
    "Volume": 3544512
  },
  {
    "Date": "21-Oct-14",
    "Open": 89.3,
    "High": 90.7,
    "Low": 89.02,
    "Close": 90.64,
    "Volume": 3234669
  },
  {
    "Date": "20-Oct-14",
    "Open": 86.8,
    "High": 88.92,
    "Low": 86.77,
    "Close": 88.9,
    "Volume": 3373013
  },
  {
    "Date": "17-Oct-14",
    "Open": 87.79,
    "High": 88.35,
    "Low": 86.93,
    "Close": 87.18,
    "Volume": 5703582
  },
  {
    "Date": "16-Oct-14",
    "Open": 84.19,
    "High": 87.25,
    "Low": 83.85,
    "Close": 87.04,
    "Volume": 6821962
  },
  {
    "Date": "15-Oct-14",
    "Open": 85.12,
    "High": 87.1,
    "Low": 84.1,
    "Close": 85.18,
    "Volume": 8786022
  },
  {
    "Date": "14-Oct-14",
    "Open": 85.78,
    "High": 85.91,
    "Low": 84.84,
    "Close": 85.09,
    "Volume": 4927161
  },
  {
    "Date": "13-Oct-14",
    "Open": 86.96,
    "High": 87.12,
    "Low": 85.24,
    "Close": 85.39,
    "Volume": 4005213
  },
  {
    "Date": "10-Oct-14",
    "Open": 87.44,
    "High": 88.2,
    "Low": 87.01,
    "Close": 87.19,
    "Volume": 4524141
  },
  {
    "Date": "9-Oct-14",
    "Open": 88.45,
    "High": 88.99,
    "Low": 87.1,
    "Close": 87.23,
    "Volume": 3731536
  },
  {
    "Date": "8-Oct-14",
    "Open": 88.11,
    "High": 89.16,
    "Low": 87.53,
    "Close": 88.83,
    "Volume": 3740644
  },
  {
    "Date": "7-Oct-14",
    "Open": 88.6,
    "High": 89.19,
    "Low": 88.03,
    "Close": 88.07,
    "Volume": 2743377
  },
  {
    "Date": "6-Oct-14",
    "Open": 90.29,
    "High": 90.5,
    "Low": 88.56,
    "Close": 89.22,
    "Volume": 3515607
  },
  {
    "Date": "3-Oct-14",
    "Open": 89.76,
    "High": 90.45,
    "Low": 89.17,
    "Close": 90.29,
    "Volume": 4399389
  },
  {
    "Date": "2-Oct-14",
    "Open": 87.67,
    "High": 89.51,
    "Low": 86.88,
    "Close": 89.3,
    "Volume": 4372095
  },
  {
    "Date": "1-Oct-14",
    "Open": 88.91,
    "High": 89,
    "Low": 87.51,
    "Close": 87.7,
    "Volume": 4736277
  },
  {
    "Date": "30-Sep-14",
    "Open": 88.69,
    "High": 90.29,
    "Low": 88.4,
    "Close": 89.2,
    "Volume": 5792263
  },
  {
    "Date": "29-Sep-14",
    "Open": 88.27,
    "High": 90.1,
    "Low": 88.27,
    "Close": 89.12,
    "Volume": 7425478
  },
  {
    "Date": "26-Sep-14",
    "Open": 87.98,
    "High": 89.99,
    "Low": 87.3,
    "Close": 89.5,
    "Volume": 17554398
  },
  {
    "Date": "25-Sep-14",
    "Open": 80.68,
    "High": 80.68,
    "Low": 79.27,
    "Close": 79.75,
    "Volume": 7069164
  },
  {
    "Date": "24-Sep-14",
    "Open": 80.14,
    "High": 80.87,
    "Low": 79.92,
    "Close": 80.84,
    "Volume": 3384384
  },
  {
    "Date": "23-Sep-14",
    "Open": 80.52,
    "High": 80.58,
    "Low": 79.89,
    "Close": 80.12,
    "Volume": 3023435
  },
  {
    "Date": "22-Sep-14",
    "Open": 81.68,
    "High": 81.87,
    "Low": 80.2,
    "Close": 80.71,
    "Volume": 4072532
  },
  {
    "Date": "19-Sep-14",
    "Open": 82.64,
    "High": 82.74,
    "Low": 81.33,
    "Close": 81.81,
    "Volume": 9853210
  },
  {
    "Date": "18-Sep-14",
    "Open": 81.85,
    "High": 82,
    "Low": 81.25,
    "Close": 81.97,
    "Volume": 3196908
  },
  {
    "Date": "17-Sep-14",
    "Open": 81.55,
    "High": 81.83,
    "Low": 81,
    "Close": 81.51,
    "Volume": 3721636
  },
  {
    "Date": "16-Sep-14",
    "Open": 81.23,
    "High": 81.54,
    "Low": 80.83,
    "Close": 81.2,
    "Volume": 4696682
  },
  {
    "Date": "15-Sep-14",
    "Open": 82.1,
    "High": 82.18,
    "Low": 81.01,
    "Close": 81.61,
    "Volume": 3365767
  },
  {
    "Date": "12-Sep-14",
    "Open": 81.97,
    "High": 82,
    "Low": 81.41,
    "Close": 81.84,
    "Volume": 2963129
  },
  {
    "Date": "11-Sep-14",
    "Open": 82.16,
    "High": 82.59,
    "Low": 81.54,
    "Close": 81.82,
    "Volume": 3731222
  },
  {
    "Date": "10-Sep-14",
    "Open": 81.73,
    "High": 82.61,
    "Low": 81.5,
    "Close": 82.47,
    "Volume": 3371335
  },
  {
    "Date": "9-Sep-14",
    "Open": 82.27,
    "High": 82.54,
    "Low": 81.51,
    "Close": 81.84,
    "Volume": 4062595
  },
  {
    "Date": "8-Sep-14",
    "Open": 81.92,
    "High": 82.79,
    "Low": 81.09,
    "Close": 82.4,
    "Volume": 5864827
  },
  {
    "Date": "5-Sep-14",
    "Open": 79.54,
    "High": 82.11,
    "Low": 79.35,
    "Close": 82.04,
    "Volume": 6190325
  },
  {
    "Date": "4-Sep-14",
    "Open": 79.2,
    "High": 80.22,
    "Low": 79.18,
    "Close": 79.92,
    "Volume": 3015181
  },
  {
    "Date": "3-Sep-14",
    "Open": 79.79,
    "High": 79.88,
    "Low": 78.54,
    "Close": 78.82,
    "Volume": 2209877
  },
  {
    "Date": "2-Sep-14",
    "Open": 78.35,
    "High": 79.52,
    "Low": 78.35,
    "Close": 79.28,
    "Volume": 4082183
  },
  {
    "Date": "29-Aug-14",
    "Open": 78.85,
    "High": 78.94,
    "Low": 78.27,
    "Close": 78.55,
    "Volume": 3211480
  },
  {
    "Date": "28-Aug-14",
    "Open": 79.02,
    "High": 79.22,
    "Low": 78.66,
    "Close": 78.82,
    "Volume": 2584563
  },
  {
    "Date": "27-Aug-14",
    "Open": 79.99,
    "High": 79.99,
    "Low": 79.42,
    "Close": 79.72,
    "Volume": 1843783
  },
  {
    "Date": "26-Aug-14",
    "Open": 80.03,
    "High": 80.1,
    "Low": 79.42,
    "Close": 79.48,
    "Volume": 2609467
  },
  {
    "Date": "25-Aug-14",
    "Open": 79.6,
    "High": 80.3,
    "Low": 79.5,
    "Close": 80.01,
    "Volume": 2543314
  },
  {
    "Date": "22-Aug-14",
    "Open": 79.25,
    "High": 79.73,
    "Low": 78.92,
    "Close": 79.29,
    "Volume": 2903688
  },
  {
    "Date": "21-Aug-14",
    "Open": 79.04,
    "High": 79.4,
    "Low": 78.65,
    "Close": 78.94,
    "Volume": 2000914
  },
  {
    "Date": "20-Aug-14",
    "Open": 78.19,
    "High": 79.08,
    "Low": 78.19,
    "Close": 78.91,
    "Volume": 1982898
  },
  {
    "Date": "19-Aug-14",
    "Open": 78.71,
    "High": 79.09,
    "Low": 78.35,
    "Close": 78.51,
    "Volume": 2212033
  },
  {
    "Date": "18-Aug-14",
    "Open": 77.73,
    "High": 78.69,
    "Low": 77.57,
    "Close": 78.55,
    "Volume": 2848680
  },
  {
    "Date": "15-Aug-14",
    "Open": 77.72,
    "High": 78,
    "Low": 76.49,
    "Close": 77.13,
    "Volume": 2249262
  },
  {
    "Date": "14-Aug-14",
    "Open": 77.52,
    "High": 77.81,
    "Low": 76.96,
    "Close": 77.3,
    "Volume": 1967465
  },
  {
    "Date": "13-Aug-14",
    "Open": 77.08,
    "High": 77.79,
    "Low": 76.54,
    "Close": 77.25,
    "Volume": 3200230
  },
  {
    "Date": "12-Aug-14",
    "Open": 77,
    "High": 77.44,
    "Low": 76.49,
    "Close": 76.73,
    "Volume": 4571164
  },
  {
    "Date": "11-Aug-14",
    "Open": 77.48,
    "High": 77.5,
    "Low": 76.98,
    "Close": 77.06,
    "Volume": 3924308
  },
  {
    "Date": "8-Aug-14",
    "Open": 76.31,
    "High": 77.1,
    "Low": 75.9,
    "Close": 77.06,
    "Volume": 3363000
  },
  {
    "Date": "7-Aug-14",
    "Open": 77.7,
    "High": 77.73,
    "Low": 75.98,
    "Close": 76.35,
    "Volume": 3378347
  },
  {
    "Date": "6-Aug-14",
    "Open": 76.51,
    "High": 77.24,
    "Low": 76.45,
    "Close": 77.14,
    "Volume": 2537162
  },
  {
    "Date": "5-Aug-14",
    "Open": 76.76,
    "High": 77.64,
    "Low": 76.53,
    "Close": 76.92,
    "Volume": 2433101
  },
  {
    "Date": "4-Aug-14",
    "Open": 76.88,
    "High": 77.4,
    "Low": 76.29,
    "Close": 77.16,
    "Volume": 2419675
  },
  {
    "Date": "1-Aug-14",
    "Open": 76.54,
    "High": 77.24,
    "Low": 76.39,
    "Close": 76.78,
    "Volume": 2912886
  },
  {
    "Date": "31-Jul-14",
    "Open": 78.66,
    "High": 79.02,
    "Low": 76.98,
    "Close": 77.13,
    "Volume": 3898874
  },
  {
    "Date": "30-Jul-14",
    "Open": 78.39,
    "High": 79.94,
    "Low": 78.28,
    "Close": 79.61,
    "Volume": 4529166
  },
  {
    "Date": "29-Jul-14",
    "Open": 78.42,
    "High": 78.86,
    "Low": 78.1,
    "Close": 78.1,
    "Volume": 2334817
  },
  {
    "Date": "28-Jul-14",
    "Open": 77.93,
    "High": 78.6,
    "Low": 77.52,
    "Close": 78.4,
    "Volume": 2032608
  },
  {
    "Date": "25-Jul-14",
    "Open": 78.34,
    "High": 78.78,
    "Low": 77.61,
    "Close": 77.72,
    "Volume": 2270460
  },
  {
    "Date": "24-Jul-14",
    "Open": 77.94,
    "High": 78.77,
    "Low": 77.86,
    "Close": 78.6,
    "Volume": 4015131
  },
  {
    "Date": "23-Jul-14",
    "Open": 77.26,
    "High": 77.45,
    "Low": 76.83,
    "Close": 77.37,
    "Volume": 2051981
  },
  {
    "Date": "22-Jul-14",
    "Open": 77.11,
    "High": 77.64,
    "Low": 77,
    "Close": 77.04,
    "Volume": 2517993
  },
  {
    "Date": "21-Jul-14",
    "Open": 76.83,
    "High": 77.3,
    "Low": 76.7,
    "Close": 76.82,
    "Volume": 2111482
  },
  {
    "Date": "18-Jul-14",
    "Open": 76.85,
    "High": 77.71,
    "Low": 76.67,
    "Close": 77.52,
    "Volume": 3037207
  },
  {
    "Date": "17-Jul-14",
    "Open": 76.43,
    "High": 76.97,
    "Low": 76.3,
    "Close": 76.53,
    "Volume": 3731335
  },
  {
    "Date": "16-Jul-14",
    "Open": 77.85,
    "High": 78.23,
    "Low": 76.77,
    "Close": 76.92,
    "Volume": 3731939
  },
  {
    "Date": "15-Jul-14",
    "Open": 77.52,
    "High": 78.21,
    "Low": 77.48,
    "Close": 78.03,
    "Volume": 3273983
  },
  {
    "Date": "14-Jul-14",
    "Open": 77.95,
    "High": 78.19,
    "Low": 77.59,
    "Close": 77.95,
    "Volume": 2751653
  },
  {
    "Date": "11-Jul-14",
    "Open": 77.28,
    "High": 77.59,
    "Low": 76.76,
    "Close": 77.29,
    "Volume": 2883760
  },
  {
    "Date": "10-Jul-14",
    "Open": 77.27,
    "High": 77.81,
    "Low": 76.79,
    "Close": 77.5,
    "Volume": 3178478
  },
  {
    "Date": "9-Jul-14",
    "Open": 77.78,
    "High": 78.76,
    "Low": 77.69,
    "Close": 78.69,
    "Volume": 3524271
  },
  {
    "Date": "8-Jul-14",
    "Open": 78.31,
    "High": 78.41,
    "Low": 77.07,
    "Close": 77.67,
    "Volume": 4028438
  },
  {
    "Date": "7-Jul-14",
    "Open": 78,
    "High": 78.83,
    "Low": 77.94,
    "Close": 78.65,
    "Volume": 2732403
  },
  {
    "Date": "3-Jul-14",
    "Open": 77.53,
    "High": 78.62,
    "Low": 77,
    "Close": 78.45,
    "Volume": 2284250
  },
  {
    "Date": "2-Jul-14",
    "Open": 78.06,
    "High": 78.4,
    "Low": 77.69,
    "Close": 77.79,
    "Volume": 2788761
  },
  {
    "Date": "1-Jul-14",
    "Open": 77.73,
    "High": 78.54,
    "Low": 77.73,
    "Close": 78,
    "Volume": 3564907
  },
  {
    "Date": "30-Jun-14",
    "Open": 77.51,
    "High": 77.73,
    "Low": 77.09,
    "Close": 77.55,
    "Volume": 4269401
  },
  {
    "Date": "27-Jun-14",
    "Open": 78.53,
    "High": 79.15,
    "Low": 77.68,
    "Close": 77.68,
    "Volume": 9071120
  },
  {
    "Date": "26-Jun-14",
    "Open": 76.57,
    "High": 76.91,
    "Low": 75.67,
    "Close": 76.86,
    "Volume": 5261330
  },
  {
    "Date": "25-Jun-14",
    "Open": 75.03,
    "High": 76.54,
    "Low": 75.03,
    "Close": 76.47,
    "Volume": 3586068
  },
  {
    "Date": "24-Jun-14",
    "Open": 75.39,
    "High": 75.96,
    "Low": 74.93,
    "Close": 74.98,
    "Volume": 3808482
  },
  {
    "Date": "23-Jun-14",
    "Open": 75.1,
    "High": 75.61,
    "Low": 74.4,
    "Close": 75.45,
    "Volume": 4534639
  },
  {
    "Date": "20-Jun-14",
    "Open": 76.09,
    "High": 76.13,
    "Low": 75.05,
    "Close": 75.1,
    "Volume": 5692836
  },
  {
    "Date": "19-Jun-14",
    "Open": 76.43,
    "High": 76.45,
    "Low": 75.21,
    "Close": 75.64,
    "Volume": 2488832
  },
  {
    "Date": "18-Jun-14",
    "Open": 75.24,
    "High": 76.36,
    "Low": 74.72,
    "Close": 76.21,
    "Volume": 4926111
  },
  {
    "Date": "17-Jun-14",
    "Open": 74.77,
    "High": 75.16,
    "Low": 74.25,
    "Close": 75.09,
    "Volume": 3061137
  },
  {
    "Date": "16-Jun-14",
    "Open": 74.81,
    "High": 75.3,
    "Low": 74.4,
    "Close": 74.55,
    "Volume": 3265740
  },
  {
    "Date": "13-Jun-14",
    "Open": 74.74,
    "High": 74.93,
    "Low": 73.14,
    "Close": 74.62,
    "Volume": 3856079
  },
  {
    "Date": "12-Jun-14",
    "Open": 75.19,
    "High": 75.44,
    "Low": 74.58,
    "Close": 74.77,
    "Volume": 3165290
  },
  {
    "Date": "11-Jun-14",
    "Open": 75.67,
    "High": 75.8,
    "Low": 74.9,
    "Close": 75.14,
    "Volume": 4624972
  },
  {
    "Date": "10-Jun-14",
    "Open": 76.34,
    "High": 76.92,
    "Low": 76.24,
    "Close": 76.31,
    "Volume": 2576422
  },
  {
    "Date": "9-Jun-14",
    "Open": 76.1,
    "High": 76.91,
    "Low": 76.1,
    "Close": 76.67,
    "Volume": 2514340
  },
  {
    "Date": "6-Jun-14",
    "Open": 76.16,
    "High": 76.87,
    "Low": 76.15,
    "Close": 76.23,
    "Volume": 3318833
  },
  {
    "Date": "5-Jun-14",
    "Open": 76.31,
    "High": 76.54,
    "Low": 75.32,
    "Close": 75.87,
    "Volume": 3672752
  },
  {
    "Date": "4-Jun-14",
    "Open": 75.44,
    "High": 76.36,
    "Low": 75.42,
    "Close": 76.13,
    "Volume": 3678434
  },
  {
    "Date": "3-Jun-14",
    "Open": 76.42,
    "High": 76.61,
    "Low": 75.48,
    "Close": 75.55,
    "Volume": 3396746
  },
  {
    "Date": "2-Jun-14",
    "Open": 76.99,
    "High": 76.99,
    "Low": 76.3,
    "Close": 76.72,
    "Volume": 1913244
  },
  {
    "Date": "30-May-14",
    "Open": 76.4,
    "High": 76.93,
    "Low": 76.3,
    "Close": 76.91,
    "Volume": 2596189
  },
  {
    "Date": "29-May-14",
    "Open": 76.2,
    "High": 76.64,
    "Low": 75.98,
    "Close": 76.38,
    "Volume": 1993775
  },
  {
    "Date": "28-May-14",
    "Open": 76.53,
    "High": 76.61,
    "Low": 75.92,
    "Close": 76.27,
    "Volume": 2374617
  },
  {
    "Date": "27-May-14",
    "Open": 76.44,
    "High": 76.85,
    "Low": 76.22,
    "Close": 76.61,
    "Volume": 3349038
  },
  {
    "Date": "23-May-14",
    "Open": 75.13,
    "High": 76.32,
    "Low": 74.96,
    "Close": 75.85,
    "Volume": 3667615
  }
]