[
  {
    "Date": "21-May-15",
    "Open": 243.03,
    "High": 246.62,
    "Low": 242.36,
    "Close": 245.62,
    "Volume": 1965992
  },
  {
    "Date": "20-May-15",
    "Open": 247.13,
    "High": 247.74,
    "Low": 241.37,
    "Close": 244.35,
    "Volume": 3755569
  },
  {
    "Date": "19-May-15",
    "Open": 248.43,
    "High": 251,
    "Low": 246.15,
    "Close": 247.14,
    "Volume": 3674231
  },
  {
    "Date": "18-May-15",
    "Open": 247,
    "High": 249.9,
    "Low": 246,
    "Close": 248.75,
    "Volume": 3353212
  },
  {
    "Date": "15-May-15",
    "Open": 243.93,
    "High": 249.4,
    "Low": 242.5,
    "Close": 248.84,
    "Volume": 4527563
  },
  {
    "Date": "14-May-15",
    "Open": 244.82,
    "High": 244.89,
    "Low": 241.25,
    "Close": 244.1,
    "Volume": 2895936
  },
  {
    "Date": "13-May-15",
    "Open": 247.61,
    "High": 248.3,
    "Low": 242.25,
    "Close": 243.18,
    "Volume": 5440165
  },
  {
    "Date": "12-May-15",
    "Open": 240.11,
    "High": 246.35,
    "Low": 238.19,
    "Close": 244.74,
    "Volume": 6363429
  },
  {
    "Date": "11-May-15",
    "Open": 236.29,
    "High": 242.88,
    "Low": 235.31,
    "Close": 239.49,
    "Volume": 5672262
  },
  {
    "Date": "8-May-15",
    "Open": 235.99,
    "High": 238.41,
    "Low": 233.7,
    "Close": 236.61,
    "Volume": 4668236
  },
  {
    "Date": "7-May-15",
    "Open": 221,
    "High": 237.48,
    "Low": 220.25,
    "Close": 236.8,
    "Volume": 9455909
  },
  {
    "Date": "6-May-15",
    "Open": 234.1,
    "High": 234.47,
    "Low": 228.2,
    "Close": 230.43,
    "Volume": 5270933
  },
  {
    "Date": "5-May-15",
    "Open": 237.76,
    "High": 239.5,
    "Low": 229.13,
    "Close": 232.95,
    "Volume": 5796873
  },
  {
    "Date": "4-May-15",
    "Open": 228.18,
    "High": 234.73,
    "Low": 227.11,
    "Close": 230.51,
    "Volume": 4434596
  },
  {
    "Date": "1-May-15",
    "Open": 229.94,
    "High": 231.77,
    "Low": 220.4,
    "Close": 226.03,
    "Volume": 5281689
  },
  {
    "Date": "30-Apr-15",
    "Open": 230.39,
    "High": 232.89,
    "Low": 225.17,
    "Close": 226.05,
    "Volume": 3911857
  },
  {
    "Date": "29-Apr-15",
    "Open": 230.05,
    "High": 234.97,
    "Low": 227.63,
    "Close": 232.45,
    "Volume": 3936077
  },
  {
    "Date": "28-Apr-15",
    "Open": 234.75,
    "High": 235.5,
    "Low": 228.03,
    "Close": 230.48,
    "Volume": 6085379
  },
  {
    "Date": "27-Apr-15",
    "Open": 222.56,
    "High": 238.75,
    "Low": 222,
    "Close": 231.55,
    "Volume": 11672627
  },
  {
    "Date": "24-Apr-15",
    "Open": 220.5,
    "High": 220.8,
    "Low": 218.01,
    "Close": 218.42,
    "Volume": 2427843
  },
  {
    "Date": "23-Apr-15",
    "Open": 218.27,
    "High": 221.48,
    "Low": 217.15,
    "Close": 218.6,
    "Volume": 4411184
  },
  {
    "Date": "22-Apr-15",
    "Open": 212.5,
    "High": 221.88,
    "Low": 211.69,
    "Close": 219.44,
    "Volume": 7863037
  },
  {
    "Date": "21-Apr-15",
    "Open": 205.8,
    "High": 210.75,
    "Low": 204.31,
    "Close": 209.41,
    "Volume": 3432541
  },
  {
    "Date": "20-Apr-15",
    "Open": 206.78,
    "High": 207.85,
    "Low": 203.85,
    "Close": 205.27,
    "Volume": 2559251
  },
  {
    "Date": "17-Apr-15",
    "Open": 204.99,
    "High": 206.88,
    "Low": 203.5,
    "Close": 206.79,
    "Volume": 2469926
  },
  {
    "Date": "16-Apr-15",
    "Open": 207.7,
    "High": 209.17,
    "Low": 206.29,
    "Close": 206.7,
    "Volume": 1659059
  },
  {
    "Date": "15-Apr-15",
    "Open": 207.46,
    "High": 209.59,
    "Low": 206.6,
    "Close": 207.83,
    "Volume": 1952378
  },
  {
    "Date": "14-Apr-15",
    "Open": 208.57,
    "High": 209.49,
    "Low": 205.5,
    "Close": 207.46,
    "Volume": 3025963
  },
  {
    "Date": "13-Apr-15",
    "Open": 210.44,
    "High": 213,
    "Low": 209.05,
    "Close": 209.78,
    "Volume": 3758230
  },
  {
    "Date": "10-Apr-15",
    "Open": 209.85,
    "High": 211.65,
    "Low": 209,
    "Close": 210.9,
    "Volume": 4067676
  },
  {
    "Date": "9-Apr-15",
    "Open": 208.43,
    "High": 210.37,
    "Low": 206.12,
    "Close": 210.09,
    "Volume": 3800225
  },
  {
    "Date": "8-Apr-15",
    "Open": 208.2,
    "High": 210.9,
    "Low": 205.87,
    "Close": 207.67,
    "Volume": 6303117
  },
  {
    "Date": "7-Apr-15",
    "Open": 202.51,
    "High": 205.06,
    "Low": 201.14,
    "Close": 203.25,
    "Volume": 4347864
  },
  {
    "Date": "6-Apr-15",
    "Open": 198,
    "High": 207.75,
    "Low": 197.5,
    "Close": 203.1,
    "Volume": 12455811
  },
  {
    "Date": "2-Apr-15",
    "Open": 190.23,
    "High": 193.23,
    "Low": 190,
    "Close": 191,
    "Volume": 5010368
  },
  {
    "Date": "1-Apr-15",
    "Open": 188.7,
    "High": 192.3,
    "Low": 186.05,
    "Close": 187.59,
    "Volume": 3794621
  },
  {
    "Date": "31-Mar-15",
    "Open": 193.53,
    "High": 193.76,
    "Low": 188.41,
    "Close": 188.77,
    "Volume": 5026569
  },
  {
    "Date": "30-Mar-15",
    "Open": 185.85,
    "High": 192.25,
    "Low": 181.8,
    "Close": 190.57,
    "Volume": 10089516
  },
  {
    "Date": "27-Mar-15",
    "Open": 189.07,
    "High": 189.29,
    "Low": 181.4,
    "Close": 185,
    "Volume": 8604947
  },
  {
    "Date": "26-Mar-15",
    "Open": 193.92,
    "High": 194.79,
    "Low": 189.7,
    "Close": 190.4,
    "Volume": 4127956
  },
  {
    "Date": "25-Mar-15",
    "Open": 198.27,
    "High": 198.59,
    "Low": 192.7,
    "Close": 194.3,
    "Volume": 5730389
  },
  {
    "Date": "24-Mar-15",
    "Open": 201.58,
    "High": 203.79,
    "Low": 199.75,
    "Close": 201.72,
    "Volume": 3649860
  },
  {
    "Date": "23-Mar-15",
    "Open": 198.5,
    "High": 200.5,
    "Low": 197.47,
    "Close": 199.63,
    "Volume": 2631626
  },
  {
    "Date": "20-Mar-15",
    "Open": 197.45,
    "High": 198.99,
    "Low": 195.62,
    "Close": 198.08,
    "Volume": 4269467
  },
  {
    "Date": "19-Mar-15",
    "Open": 202,
    "High": 204.59,
    "Low": 194.53,
    "Close": 195.65,
    "Volume": 8475244
  },
  {
    "Date": "18-Mar-15",
    "Open": 194.96,
    "High": 200.88,
    "Low": 193.11,
    "Close": 200.71,
    "Volume": 4820936
  },
  {
    "Date": "17-Mar-15",
    "Open": 195.43,
    "High": 198.71,
    "Low": 193.94,
    "Close": 194.73,
    "Volume": 4894052
  },
  {
    "Date": "16-Mar-15",
    "Open": 192,
    "High": 195.91,
    "Low": 189.8,
    "Close": 195.7,
    "Volume": 5628783
  },
  {
    "Date": "13-Mar-15",
    "Open": 188.95,
    "High": 191.75,
    "Low": 187.32,
    "Close": 188.68,
    "Volume": 5434298
  },
  {
    "Date": "12-Mar-15",
    "Open": 193.75,
    "High": 194.45,
    "Low": 189.75,
    "Close": 191.07,
    "Volume": 4149294
  },
  {
    "Date": "11-Mar-15",
    "Open": 191.15,
    "High": 196.18,
    "Low": 191.01,
    "Close": 193.74,
    "Volume": 4974871
  },
  {
    "Date": "10-Mar-15",
    "Open": 188.46,
    "High": 193.5,
    "Low": 187.6,
    "Close": 190.32,
    "Volume": 5579691
  },
  {
    "Date": "9-Mar-15",
    "Open": 194.39,
    "High": 194.49,
    "Low": 188.25,
    "Close": 190.88,
    "Volume": 6736724
  },
  {
    "Date": "6-Mar-15",
    "Open": 199.21,
    "High": 200.75,
    "Low": 192.15,
    "Close": 193.88,
    "Volume": 6712438
  },
  {
    "Date": "5-Mar-15",
    "Open": 202.85,
    "High": 206.19,
    "Low": 200.15,
    "Close": 200.63,
    "Volume": 4877015
  },
  {
    "Date": "4-Mar-15",
    "Open": 199.25,
    "High": 202.52,
    "Low": 197.21,
    "Close": 202.44,
    "Volume": 4221962
  },
  {
    "Date": "3-Mar-15",
    "Open": 196.81,
    "High": 200.24,
    "Low": 195.32,
    "Close": 199.56,
    "Volume": 4432329
  },
  {
    "Date": "2-Mar-15",
    "Open": 202.7,
    "High": 203.34,
    "Low": 195.82,
    "Close": 197.32,
    "Volume": 7922065
  },
  {
    "Date": "27-Feb-15",
    "Open": 206.9,
    "High": 208.55,
    "Low": 202.8,
    "Close": 203.34,
    "Volume": 3882084
  },
  {
    "Date": "26-Feb-15",
    "Open": 204,
    "High": 211.09,
    "Low": 202.22,
    "Close": 207.19,
    "Volume": 6472855
  },
  {
    "Date": "25-Feb-15",
    "Open": 204.94,
    "High": 207.14,
    "Low": 202.58,
    "Close": 203.76,
    "Volume": 3909520
  },
  {
    "Date": "24-Feb-15",
    "Open": 207.29,
    "High": 207.29,
    "Low": 201.7,
    "Close": 204.11,
    "Volume": 6603560
  },
  {
    "Date": "23-Feb-15",
    "Open": 215.66,
    "High": 218.2,
    "Low": 206.33,
    "Close": 207.34,
    "Volume": 8499775
  },
  {
    "Date": "20-Feb-15",
    "Open": 210.78,
    "High": 217.6,
    "Low": 209.81,
    "Close": 217.11,
    "Volume": 5982089
  },
  {
    "Date": "19-Feb-15",
    "Open": 205,
    "High": 212.44,
    "Low": 203.75,
    "Close": 211.7,
    "Volume": 5154148
  },
  {
    "Date": "18-Feb-15",
    "Open": 204.17,
    "High": 206.17,
    "Low": 202.6,
    "Close": 204.46,
    "Volume": 2713598
  },
  {
    "Date": "17-Feb-15",
    "Open": 205.7,
    "High": 205.7,
    "Low": 201.5,
    "Close": 204.35,
    "Volume": 3979647
  },
  {
    "Date": "13-Feb-15",
    "Open": 202.9,
    "High": 205.99,
    "Low": 200.91,
    "Close": 203.77,
    "Volume": 6191003
  },
  {
    "Date": "12-Feb-15",
    "Open": 193.57,
    "High": 203.09,
    "Low": 193.28,
    "Close": 202.88,
    "Volume": 15649607
  },
  {
    "Date": "11-Feb-15",
    "Open": 212.21,
    "High": 214.74,
    "Low": 207.28,
    "Close": 212.8,
    "Volume": 9769102
  },
  {
    "Date": "10-Feb-15",
    "Open": 217.55,
    "High": 220.5,
    "Low": 215,
    "Close": 216.29,
    "Volume": 5390542
  },
  {
    "Date": "9-Feb-15",
    "Open": 215.38,
    "High": 217.93,
    "Low": 211.99,
    "Close": 217.48,
    "Volume": 3472423
  },
  {
    "Date": "6-Feb-15",
    "Open": 222,
    "High": 223.4,
    "Low": 216.5,
    "Close": 217.36,
    "Volume": 3243931
  },
  {
    "Date": "5-Feb-15",
    "Open": 219.88,
    "High": 225.48,
    "Low": 219.64,
    "Close": 220.99,
    "Volume": 3522947
  },
  {
    "Date": "4-Feb-15",
    "Open": 218.29,
    "High": 221.48,
    "Low": 216.8,
    "Close": 218.55,
    "Volume": 3305377
  },
  {
    "Date": "3-Feb-15",
    "Open": 213.22,
    "High": 220.37,
    "Low": 211.27,
    "Close": 218.36,
    "Volume": 4826244
  },
  {
    "Date": "2-Feb-15",
    "Open": 203.97,
    "High": 211.95,
    "Low": 203.3,
    "Close": 210.94,
    "Volume": 4149186
  },
  {
    "Date": "30-Jan-15",
    "Open": 203.96,
    "High": 207.47,
    "Low": 203,
    "Close": 203.6,
    "Volume": 3006959
  },
  {
    "Date": "29-Jan-15",
    "Open": 201.07,
    "High": 205.98,
    "Low": 196.5,
    "Close": 205.2,
    "Volume": 3548106
  },
  {
    "Date": "28-Jan-15",
    "Open": 206.11,
    "High": 206.37,
    "Low": 198.42,
    "Close": 199.37,
    "Volume": 3149606
  },
  {
    "Date": "27-Jan-15",
    "Open": 204.42,
    "High": 208.03,
    "Low": 203.3,
    "Close": 205.98,
    "Volume": 2781024
  },
  {
    "Date": "26-Jan-15",
    "Open": 201.83,
    "High": 208.62,
    "Low": 201.05,
    "Close": 206.55,
    "Volume": 3234522
  },
  {
    "Date": "23-Jan-15",
    "Open": 200.29,
    "High": 203.5,
    "Low": 198.33,
    "Close": 201.29,
    "Volume": 3442371
  },
  {
    "Date": "22-Jan-15",
    "Open": 197,
    "High": 203.24,
    "Low": 195.2,
    "Close": 201.62,
    "Volume": 4116905
  },
  {
    "Date": "21-Jan-15",
    "Open": 189.55,
    "High": 198.68,
    "Low": 189.51,
    "Close": 196.57,
    "Volume": 4153043
  },
  {
    "Date": "20-Jan-15",
    "Open": 193.87,
    "High": 194.12,
    "Low": 187.04,
    "Close": 191.93,
    "Volume": 4503182
  },
  {
    "Date": "16-Jan-15",
    "Open": 190.7,
    "High": 194.49,
    "Low": 189.65,
    "Close": 193.07,
    "Volume": 3603158
  },
  {
    "Date": "15-Jan-15",
    "Open": 194.49,
    "High": 195.75,
    "Low": 190,
    "Close": 191.87,
    "Volume": 5216524
  },
  {
    "Date": "14-Jan-15",
    "Open": 185.83,
    "High": 195.2,
    "Low": 185,
    "Close": 192.69,
    "Volume": 11551855
  },
  {
    "Date": "13-Jan-15",
    "Open": 203.32,
    "High": 207.61,
    "Low": 200.91,
    "Close": 204.25,
    "Volume": 4477320
  },
  {
    "Date": "12-Jan-15",
    "Open": 203.05,
    "High": 204.47,
    "Low": 199.25,
    "Close": 202.21,
    "Volume": 5950280
  },
  {
    "Date": "9-Jan-15",
    "Open": 208.92,
    "High": 209.98,
    "Low": 204.96,
    "Close": 206.66,
    "Volume": 4668295
  },
  {
    "Date": "8-Jan-15",
    "Open": 212.81,
    "High": 213.8,
    "Low": 210.01,
    "Close": 210.62,
    "Volume": 3442509
  },
  {
    "Date": "7-Jan-15",
    "Open": 213.35,
    "High": 214.78,
    "Low": 209.78,
    "Close": 210.95,
    "Volume": 2968390
  },
  {
    "Date": "6-Jan-15",
    "Open": 210.06,
    "High": 214.2,
    "Low": 204.21,
    "Close": 211.28,
    "Volume": 6261936
  },
  {
    "Date": "5-Jan-15",
    "Open": 214.55,
    "High": 216.5,
    "Low": 207.16,
    "Close": 210.09,
    "Volume": 5368477
  },
  {
    "Date": "2-Jan-15",
    "Open": 222.87,
    "High": 223.25,
    "Low": 213.26,
    "Close": 219.31,
    "Volume": 4764443
  },
  {
    "Date": "31-Dec-14",
    "Open": 223.09,
    "High": 225.68,
    "Low": 222.25,
    "Close": 222.41,
    "Volume": 2402097
  },
  {
    "Date": "30-Dec-14",
    "Open": 223.99,
    "High": 225.65,
    "Low": 221.4,
    "Close": 222.23,
    "Volume": 2903242
  },
  {
    "Date": "29-Dec-14",
    "Open": 226.9,
    "High": 227.91,
    "Low": 224.02,
    "Close": 225.71,
    "Volume": 2811828
  },
  {
    "Date": "26-Dec-14",
    "Open": 221.51,
    "High": 228.5,
    "Low": 221.5,
    "Close": 227.82,
    "Volume": 3327016
  },
  {
    "Date": "24-Dec-14",
    "Open": 219.77,
    "High": 222.5,
    "Low": 219.25,
    "Close": 222.26,
    "Volume": 1333518
  },
  {
    "Date": "23-Dec-14",
    "Open": 223.81,
    "High": 224.32,
    "Low": 219.52,
    "Close": 220.97,
    "Volume": 4513321
  },
  {
    "Date": "22-Dec-14",
    "Open": 220,
    "High": 224.06,
    "Low": 218.26,
    "Close": 222.6,
    "Volume": 4806917
  },
  {
    "Date": "19-Dec-14",
    "Open": 220.19,
    "High": 220.4,
    "Low": 214.5,
    "Close": 219.29,
    "Volume": 6910461
  },
  {
    "Date": "18-Dec-14",
    "Open": 212.38,
    "High": 218.44,
    "Low": 211.8,
    "Close": 218.26,
    "Volume": 7483349
  },
  {
    "Date": "17-Dec-14",
    "Open": 193.06,
    "High": 206.65,
    "Low": 192.65,
    "Close": 205.82,
    "Volume": 7367834
  },
  {
    "Date": "16-Dec-14",
    "Open": 200.89,
    "High": 203.68,
    "Low": 195.37,
    "Close": 197.81,
    "Volume": 8426105
  },
  {
    "Date": "15-Dec-14",
    "Open": 209.29,
    "High": 209.8,
    "Low": 202.67,
    "Close": 204.04,
    "Volume": 5218252
  },
  {
    "Date": "12-Dec-14",
    "Open": 204.82,
    "High": 211.68,
    "Low": 204.5,
    "Close": 207,
    "Volume": 7173782
  },
  {
    "Date": "11-Dec-14",
    "Open": 210.53,
    "High": 215.43,
    "Low": 208.23,
    "Close": 208.88,
    "Volume": 6694398
  },
  {
    "Date": "10-Dec-14",
    "Open": 214.13,
    "High": 216.77,
    "Low": 207.7,
    "Close": 209.84,
    "Volume": 7314139
  },
  {
    "Date": "9-Dec-14",
    "Open": 209.34,
    "High": 217.73,
    "Low": 204.27,
    "Close": 216.89,
    "Volume": 9431502
  },
  {
    "Date": "8-Dec-14",
    "Open": 221.54,
    "High": 224.86,
    "Low": 212.34,
    "Close": 214.36,
    "Volume": 9225619
  },
  {
    "Date": "5-Dec-14",
    "Open": 228.67,
    "High": 229.39,
    "Low": 222.26,
    "Close": 223.71,
    "Volume": 6063619
  },
  {
    "Date": "4-Dec-14",
    "Open": 228.6,
    "High": 230.9,
    "Low": 227.81,
    "Close": 228.28,
    "Volume": 3879208
  },
  {
    "Date": "3-Dec-14",
    "Open": 226.25,
    "High": 229.72,
    "Low": 225.5,
    "Close": 229.3,
    "Volume": 5307733
  },
  {
    "Date": "2-Dec-14",
    "Open": 234.57,
    "High": 234.88,
    "Low": 228,
    "Close": 231.43,
    "Volume": 5887046
  },
  {
    "Date": "1-Dec-14",
    "Open": 241.16,
    "High": 242.47,
    "Low": 229.01,
    "Close": 231.64,
    "Volume": 8619351
  },
  {
    "Date": "28-Nov-14",
    "Open": 245.35,
    "High": 246.69,
    "Low": 242.52,
    "Close": 244.52,
    "Volume": 2119688
  },
  {
    "Date": "26-Nov-14",
    "Open": 248.34,
    "High": 249,
    "Low": 246.6,
    "Close": 248.44,
    "Volume": 1981819
  },
  {
    "Date": "25-Nov-14",
    "Open": 247.35,
    "High": 249.72,
    "Low": 246.09,
    "Close": 248.09,
    "Volume": 3159804
  },
  {
    "Date": "24-Nov-14",
    "Open": 245.2,
    "High": 247.6,
    "Low": 240.64,
    "Close": 246.72,
    "Volume": 4789708
  },
  {
    "Date": "21-Nov-14",
    "Open": 252.21,
    "High": 252.78,
    "Low": 242.17,
    "Close": 242.78,
    "Volume": 7485059
  },
  {
    "Date": "20-Nov-14",
    "Open": 247.95,
    "High": 250.93,
    "Low": 246,
    "Close": 248.71,
    "Volume": 3587220
  },
  {
    "Date": "19-Nov-14",
    "Open": 250.61,
    "High": 251.88,
    "Low": 245.6,
    "Close": 247.74,
    "Volume": 7918486
  },
  {
    "Date": "18-Nov-14",
    "Open": 255.86,
    "High": 259.99,
    "Low": 255.51,
    "Close": 257.7,
    "Volume": 4474294
  },
  {
    "Date": "17-Nov-14",
    "Open": 257.49,
    "High": 259,
    "Low": 252.02,
    "Close": 253.98,
    "Volume": 4025695
  },
  {
    "Date": "14-Nov-14",
    "Open": 250,
    "High": 258.85,
    "Low": 248.5,
    "Close": 258.68,
    "Volume": 6101145
  },
  {
    "Date": "13-Nov-14",
    "Open": 250.62,
    "High": 255.75,
    "Low": 250.25,
    "Close": 251.7,
    "Volume": 6236036
  },
  {
    "Date": "12-Nov-14",
    "Open": 249.72,
    "High": 252.34,
    "Low": 245.58,
    "Close": 249.1,
    "Volume": 5870818
  },
  {
    "Date": "11-Nov-14",
    "Open": 242.55,
    "High": 251.82,
    "Low": 242,
    "Close": 251.08,
    "Volume": 7952565
  },
  {
    "Date": "10-Nov-14",
    "Open": 239.11,
    "High": 242.88,
    "Low": 236.8,
    "Close": 241.93,
    "Volume": 4577208
  },
  {
    "Date": "7-Nov-14",
    "Open": 242.19,
    "High": 242.84,
    "Low": 237.2,
    "Close": 240.2,
    "Volume": 5161023
  },
  {
    "Date": "6-Nov-14",
    "Open": 234.49,
    "High": 246.69,
    "Low": 228.5,
    "Close": 241.22,
    "Volume": 15354717
  },
  {
    "Date": "5-Nov-14",
    "Open": 241,
    "High": 241.36,
    "Low": 230.53,
    "Close": 230.97,
    "Volume": 9045925
  },
  {
    "Date": "4-Nov-14",
    "Open": 240.49,
    "High": 242.35,
    "Low": 236.53,
    "Close": 238.93,
    "Volume": 3682572
  },
  {
    "Date": "3-Nov-14",
    "Open": 243,
    "High": 247.56,
    "Low": 241.32,
    "Close": 242.59,
    "Volume": 4207268
  },
  {
    "Date": "31-Oct-14",
    "Open": 242.51,
    "High": 243.12,
    "Low": 238.75,
    "Close": 241.7,
    "Volume": 3775327
  },
  {
    "Date": "30-Oct-14",
    "Open": 238.14,
    "High": 240.5,
    "Low": 235.06,
    "Close": 238.66,
    "Volume": 3228371
  },
  {
    "Date": "29-Oct-14",
    "Open": 241.13,
    "High": 241.5,
    "Low": 235.64,
    "Close": 238.1,
    "Volume": 4967640
  },
  {
    "Date": "28-Oct-14",
    "Open": 229.6,
    "High": 244.6,
    "Low": 228.25,
    "Close": 242.77,
    "Volume": 10516297
  },
  {
    "Date": "27-Oct-14",
    "Open": 234.25,
    "High": 234.61,
    "Low": 220.31,
    "Close": 221.67,
    "Volume": 9553348
  },
  {
    "Date": "24-Oct-14",
    "Open": 236.27,
    "High": 237.8,
    "Low": 231.2,
    "Close": 235.24,
    "Volume": 3466927
  },
  {
    "Date": "23-Oct-14",
    "Open": 234.66,
    "High": 236.28,
    "Low": 232,
    "Close": 235.29,
    "Volume": 3499882
  },
  {
    "Date": "22-Oct-14",
    "Open": 233.19,
    "High": 237.39,
    "Low": 230.56,
    "Close": 231.1,
    "Volume": 4123397
  },
  {
    "Date": "21-Oct-14",
    "Open": 234.27,
    "High": 235.39,
    "Low": 230.8,
    "Close": 235.34,
    "Volume": 4130345
  },
  {
    "Date": "20-Oct-14",
    "Open": 226.72,
    "High": 232.4,
    "Low": 225.51,
    "Close": 230.47,
    "Volume": 3499686
  },
  {
    "Date": "17-Oct-14",
    "Open": 233.38,
    "High": 234.77,
    "Low": 226.55,
    "Close": 227.48,
    "Volume": 10551850
  },
  {
    "Date": "16-Oct-14",
    "Open": 219.72,
    "High": 229.92,
    "Low": 219.1,
    "Close": 226.35,
    "Volume": 5404565
  },
  {
    "Date": "15-Oct-14",
    "Open": 220,
    "High": 230.99,
    "Low": 217.32,
    "Close": 229.7,
    "Volume": 9151648
  },
  {
    "Date": "14-Oct-14",
    "Open": 228.25,
    "High": 232.47,
    "Low": 223,
    "Close": 227.06,
    "Volume": 7112339
  },
  {
    "Date": "13-Oct-14",
    "Open": 238.57,
    "High": 238.96,
    "Low": 221,
    "Close": 224.59,
    "Volume": 11276552
  },
  {
    "Date": "10-Oct-14",
    "Open": 244.64,
    "High": 245.89,
    "Low": 235.2,
    "Close": 236.91,
    "Volume": 12898275
  },
  {
    "Date": "9-Oct-14",
    "Open": 262.25,
    "High": 265.54,
    "Low": 254.4,
    "Close": 257.01,
    "Volume": 7361316
  },
  {
    "Date": "8-Oct-14",
    "Open": 260.1,
    "High": 262.88,
    "Low": 252.64,
    "Close": 259.28,
    "Volume": 5062615
  },
  {
    "Date": "7-Oct-14",
    "Open": 258.53,
    "High": 261.46,
    "Low": 255.73,
    "Close": 259.57,
    "Volume": 4491569
  },
  {
    "Date": "6-Oct-14",
    "Open": 259.13,
    "High": 262.49,
    "Low": 257.8,
    "Close": 260.62,
    "Volume": 7719055
  },
  {
    "Date": "3-Oct-14",
    "Open": 253.06,
    "High": 256.5,
    "Low": 251.03,
    "Close": 255.21,
    "Volume": 5408665
  },
  {
    "Date": "2-Oct-14",
    "Open": 250.2,
    "High": 252.79,
    "Low": 245.36,
    "Close": 251.42,
    "Volume": 9002001
  },
  {
    "Date": "1-Oct-14",
    "Open": 242.2,
    "High": 242.66,
    "Low": 235.65,
    "Close": 240.24,
    "Volume": 5946510
  },
  {
    "Date": "30-Sep-14",
    "Open": 246.92,
    "High": 247.65,
    "Low": 240.12,
    "Close": 242.68,
    "Volume": 4248127
  },
  {
    "Date": "29-Sep-14",
    "Open": 244,
    "High": 248.64,
    "Low": 241.38,
    "Close": 245.26,
    "Volume": 4854687
  },
  {
    "Date": "26-Sep-14",
    "Open": 248.25,
    "High": 249.73,
    "Low": 246.07,
    "Close": 246.6,
    "Volume": 3798841
  },
  {
    "Date": "25-Sep-14",
    "Open": 252.52,
    "High": 254.96,
    "Low": 246.1,
    "Close": 246.95,
    "Volume": 4843712
  },
  {
    "Date": "24-Sep-14",
    "Open": 251.12,
    "High": 252.84,
    "Low": 247.04,
    "Close": 252.14,
    "Volume": 3754376
  },
  {
    "Date": "23-Sep-14",
    "Open": 245.22,
    "High": 253.8,
    "Low": 245,
    "Close": 250.41,
    "Volume": 5660048
  },
  {
    "Date": "22-Sep-14",
    "Open": 255,
    "High": 256.02,
    "Low": 244.71,
    "Close": 250.03,
    "Volume": 8222963
  },
  {
    "Date": "19-Sep-14",
    "Open": 257.99,
    "High": 261.43,
    "Low": 255.27,
    "Close": 259.32,
    "Volume": 6811714
  },
  {
    "Date": "18-Sep-14",
    "Open": 263.36,
    "High": 265.6,
    "Low": 262.32,
    "Close": 263.82,
    "Volume": 3699314
  },
  {
    "Date": "17-Sep-14",
    "Open": 262.41,
    "High": 264.7,
    "Low": 259.5,
    "Close": 261.38,
    "Volume": 5179923
  },
  {
    "Date": "16-Sep-14",
    "Open": 255.15,
    "High": 262.46,
    "Low": 252.42,
    "Close": 260.74,
    "Volume": 8303972
  },
  {
    "Date": "15-Sep-14",
    "Open": 274.37,
    "High": 274.4,
    "Low": 249.13,
    "Close": 253.86,
    "Volume": 16464952
  },
  {
    "Date": "12-Sep-14",
    "Open": 280.5,
    "High": 282.39,
    "Low": 277,
    "Close": 279.2,
    "Volume": 3328302
  },
  {
    "Date": "11-Sep-14",
    "Open": 280.46,
    "High": 284.79,
    "Low": 278.63,
    "Close": 280.31,
    "Volume": 3768584
  },
  {
    "Date": "10-Sep-14",
    "Open": 279.5,
    "High": 281.41,
    "Low": 273.66,
    "Close": 281.1,
    "Volume": 3785988
  },
  {
    "Date": "9-Sep-14",
    "Open": 282.99,
    "High": 285.49,
    "Low": 277,
    "Close": 278.48,
    "Volume": 4567958
  },
  {
    "Date": "8-Sep-14",
    "Open": 277.62,
    "High": 284.88,
    "Low": 277.52,
    "Close": 282.11,
    "Volume": 5505040
  },
  {
    "Date": "5-Sep-14",
    "Open": 282.55,
    "High": 282.9,
    "Low": 272.51,
    "Close": 277.39,
    "Volume": 11176167
  },
  {
    "Date": "4-Sep-14",
    "Open": 284.01,
    "High": 291.42,
    "Low": 280.4,
    "Close": 286.04,
    "Volume": 8341749
  },
  {
    "Date": "3-Sep-14",
    "Open": 287.67,
    "High": 288,
    "Low": 280.1,
    "Close": 281.19,
    "Volume": 6779735
  },
  {
    "Date": "2-Sep-14",
    "Open": 275.5,
    "High": 284.89,
    "Low": 274.3,
    "Close": 284.12,
    "Volume": 9852351
  },
  {
    "Date": "29-Aug-14",
    "Open": 268.7,
    "High": 272,
    "Low": 267.51,
    "Close": 269.7,
    "Volume": 6453958
  },
  {
    "Date": "28-Aug-14",
    "Open": 261.89,
    "High": 264.48,
    "Low": 261.64,
    "Close": 263.86,
    "Volume": 2854737
  },
  {
    "Date": "27-Aug-14",
    "Open": 263.5,
    "High": 264.24,
    "Low": 260.29,
    "Close": 263.25,
    "Volume": 2990532
  },
  {
    "Date": "26-Aug-14",
    "Open": 264.98,
    "High": 265.5,
    "Low": 261.66,
    "Close": 261.74,
    "Volume": 3822572
  },
  {
    "Date": "25-Aug-14",
    "Open": 258.19,
    "High": 263.68,
    "Low": 258.19,
    "Close": 262.55,
    "Volume": 4318053
  },
  {
    "Date": "22-Aug-14",
    "Open": 254.54,
    "High": 256.95,
    "Low": 252.61,
    "Close": 256.78,
    "Volume": 2836959
  },
  {
    "Date": "21-Aug-14",
    "Open": 256.52,
    "High": 258.8,
    "Low": 253.26,
    "Close": 254.34,
    "Volume": 2919241
  },
  {
    "Date": "20-Aug-14",
    "Open": 254.67,
    "High": 258.74,
    "Low": 253,
    "Close": 255.71,
    "Volume": 3027863
  },
  {
    "Date": "19-Aug-14",
    "Open": 258.87,
    "High": 259.33,
    "Low": 251.62,
    "Close": 256.76,
    "Volume": 5340136
  },
  {
    "Date": "18-Aug-14",
    "Open": 263.25,
    "High": 267.26,
    "Low": 259.75,
    "Close": 259.94,
    "Volume": 5849231
  },
  {
    "Date": "15-Aug-14",
    "Open": 261.48,
    "High": 262.09,
    "Low": 258.5,
    "Close": 262.01,
    "Volume": 3867874
  },
  {
    "Date": "14-Aug-14",
    "Open": 262.49,
    "High": 263,
    "Low": 258.54,
    "Close": 261.38,
    "Volume": 4126634
  },
  {
    "Date": "13-Aug-14",
    "Open": 262.01,
    "High": 265.64,
    "Low": 259.61,
    "Close": 260.31,
    "Volume": 6932628
  },
  {
    "Date": "12-Aug-14",
    "Open": 258.08,
    "High": 260.3,
    "Low": 254.58,
    "Close": 259.96,
    "Volume": 6390412
  },
  {
    "Date": "11-Aug-14",
    "Open": 255.48,
    "High": 263.74,
    "Low": 255,
    "Close": 259.32,
    "Volume": 8101276
  },
  {
    "Date": "8-Aug-14",
    "Open": 251.16,
    "High": 251.76,
    "Low": 246.5,
    "Close": 248.13,
    "Volume": 5099061
  },
  {
    "Date": "7-Aug-14",
    "Open": 250.12,
    "High": 256.69,
    "Low": 249.12,
    "Close": 252.39,
    "Volume": 7478926
  },
  {
    "Date": "6-Aug-14",
    "Open": 238.9,
    "High": 251.42,
    "Low": 238.58,
    "Close": 248.93,
    "Volume": 9249265
  },
  {
    "Date": "5-Aug-14",
    "Open": 237.47,
    "High": 242.99,
    "Low": 235.69,
    "Close": 238.49,
    "Volume": 5388581
  },
  {
    "Date": "4-Aug-14",
    "Open": 234.38,
    "High": 240.5,
    "Low": 233.27,
    "Close": 238.52,
    "Volume": 5967406
  },
  {
    "Date": "1-Aug-14",
    "Open": 226.09,
    "High": 237.5,
    "Low": 226,
    "Close": 233.27,
    "Volume": 11898133
  },
  {
    "Date": "31-Jul-14",
    "Open": 229.26,
    "High": 231.4,
    "Low": 221.5,
    "Close": 223.3,
    "Volume": 7749058
  },
  {
    "Date": "30-Jul-14",
    "Open": 221.92,
    "High": 229.6,
    "Low": 221.04,
    "Close": 228.92,
    "Volume": 4927823
  },
  {
    "Date": "29-Jul-14",
    "Open": 226.61,
    "High": 228.3,
    "Low": 224.86,
    "Close": 225.01,
    "Volume": 3387187
  },
  {
    "Date": "28-Jul-14",
    "Open": 224.25,
    "High": 232,
    "Low": 221.4,
    "Close": 224.82,
    "Volume": 6517611
  },
  {
    "Date": "25-Jul-14",
    "Open": 222.72,
    "High": 226.97,
    "Low": 221.75,
    "Close": 223.57,
    "Volume": 3090383
  },
  {
    "Date": "24-Jul-14",
    "Open": 223.25,
    "High": 225.1,
    "Low": 220.8,
    "Close": 223.54,
    "Volume": 3248410
  },
  {
    "Date": "23-Jul-14",
    "Open": 220.01,
    "High": 224.75,
    "Low": 219.43,
    "Close": 222.49,
    "Volume": 3088731
  },
  {
    "Date": "22-Jul-14",
    "Open": 222.19,
    "High": 223.3,
    "Low": 219.11,
    "Close": 219.58,
    "Volume": 2732485
  },
  {
    "Date": "21-Jul-14",
    "Open": 217.25,
    "High": 223.21,
    "Low": 216.72,
    "Close": 220.54,
    "Volume": 3825251
  },
  {
    "Date": "18-Jul-14",
    "Open": 215.95,
    "High": 221.21,
    "Low": 215.93,
    "Close": 220.02,
    "Volume": 4260618
  },
  {
    "Date": "17-Jul-14",
    "Open": 216.16,
    "High": 220.55,
    "Low": 213.6,
    "Close": 215.4,
    "Volume": 4650956
  },
  {
    "Date": "16-Jul-14",
    "Open": 221.82,
    "High": 224.8,
    "Low": 216.82,
    "Close": 217.16,
    "Volume": 4051097
  },
  {
    "Date": "15-Jul-14",
    "Open": 226.73,
    "High": 227.65,
    "Low": 218.1,
    "Close": 219.58,
    "Volume": 5732031
  },
  {
    "Date": "14-Jul-14",
    "Open": 219.99,
    "High": 228.79,
    "Low": 215.45,
    "Close": 226.7,
    "Volume": 7208573
  },
  {
    "Date": "11-Jul-14",
    "Open": 220.61,
    "High": 221.6,
    "Low": 217.6,
    "Close": 218.13,
    "Volume": 3307113
  },
  {
    "Date": "10-Jul-14",
    "Open": 217.18,
    "High": 222.22,
    "Low": 216.04,
    "Close": 219.46,
    "Volume": 4865246
  },
  {
    "Date": "9-Jul-14",
    "Open": 221.27,
    "High": 224.22,
    "Low": 219.21,
    "Close": 223.06,
    "Volume": 4117729
  },
  {
    "Date": "8-Jul-14",
    "Open": 218.65,
    "High": 220.96,
    "Low": 214.27,
    "Close": 219.07,
    "Volume": 7846165
  },
  {
    "Date": "7-Jul-14",
    "Open": 227.5,
    "High": 229.78,
    "Low": 220.4,
    "Close": 222.66,
    "Volume": 5901080
  },
  {
    "Date": "3-Jul-14",
    "Open": 231.29,
    "High": 231.9,
    "Low": 224,
    "Close": 229.25,
    "Volume": 5166716
  },
  {
    "Date": "2-Jul-14",
    "Open": 240.66,
    "High": 242.33,
    "Low": 227.07,
    "Close": 229.42,
    "Volume": 8035072
  },
  {
    "Date": "1-Jul-14",
    "Open": 242.46,
    "High": 243.44,
    "Low": 238.7,
    "Close": 239.72,
    "Volume": 4341242
  },
  {
    "Date": "30-Jun-14",
    "Open": 239.55,
    "High": 244.49,
    "Low": 239,
    "Close": 240.06,
    "Volume": 4833602
  },
  {
    "Date": "27-Jun-14",
    "Open": 234.69,
    "High": 240,
    "Low": 234.5,
    "Close": 239.06,
    "Volume": 5638787
  },
  {
    "Date": "26-Jun-14",
    "Open": 237.17,
    "High": 240.4,
    "Low": 234.21,
    "Close": 235.6,
    "Volume": 5122972
  },
  {
    "Date": "25-Jun-14",
    "Open": 233.05,
    "High": 237.55,
    "Low": 230.24,
    "Close": 236.89,
    "Volume": 5803257
  },
  {
    "Date": "24-Jun-14",
    "Open": 238.97,
    "High": 241.88,
    "Low": 231.63,
    "Close": 232.5,
    "Volume": 8081109
  },
  {
    "Date": "23-Jun-14",
    "Open": 229.51,
    "High": 238.99,
    "Low": 228.22,
    "Close": 237.22,
    "Volume": 7800189
  },
  {
    "Date": "20-Jun-14",
    "Open": 228.52,
    "High": 231.29,
    "Low": 226.2,
    "Close": 229.59,
    "Volume": 4908077
  },
  {
    "Date": "19-Jun-14",
    "Open": 228.88,
    "High": 235.31,
    "Low": 227,
    "Close": 227.79,
    "Volume": 8801907
  },
  {
    "Date": "18-Jun-14",
    "Open": 231.5,
    "High": 231.71,
    "Low": 226.12,
    "Close": 227.12,
    "Volume": 6947053
  },
  {
    "Date": "17-Jun-14",
    "Open": 224.11,
    "High": 235.54,
    "Low": 222.85,
    "Close": 231.67,
    "Volume": 13304907
  },
  {
    "Date": "16-Jun-14",
    "Open": 206.76,
    "High": 225.49,
    "Low": 206.26,
    "Close": 224.61,
    "Volume": 13246352
  },
  {
    "Date": "13-Jun-14",
    "Open": 204.78,
    "High": 206.79,
    "Low": 201.58,
    "Close": 206.42,
    "Volume": 3546789
  },
  {
    "Date": "12-Jun-14",
    "Open": 205.1,
    "High": 209.88,
    "Low": 202.71,
    "Close": 203.52,
    "Volume": 5997144
  },
  {
    "Date": "11-Jun-14",
    "Open": 201.5,
    "High": 205,
    "Low": 199.25,
    "Close": 204.47,
    "Volume": 3980491
  },
  {
    "Date": "10-Jun-14",
    "Open": 204.43,
    "High": 206.97,
    "Low": 201.55,
    "Close": 202.3,
    "Volume": 3522336
  },
  {
    "Date": "9-Jun-14",
    "Open": 207.95,
    "High": 209.99,
    "Low": 204.2,
    "Close": 205.31,
    "Volume": 2813066
  },
  {
    "Date": "6-Jun-14",
    "Open": 209.75,
    "High": 210.81,
    "Low": 207.18,
    "Close": 208.17,
    "Volume": 3074900
  },
  {
    "Date": "5-Jun-14",
    "Open": 204.47,
    "High": 209.2,
    "Low": 204.05,
    "Close": 206.9,
    "Volume": 4059285
  },
  {
    "Date": "4-Jun-14",
    "Open": 204.35,
    "High": 206.26,
    "Low": 200.4,
    "Close": 203.99,
    "Volume": 3434502
  },
  {
    "Date": "3-Jun-14",
    "Open": 203.49,
    "High": 208,
    "Low": 202.59,
    "Close": 204.94,
    "Volume": 3866182
  },
  {
    "Date": "2-Jun-14",
    "Open": 207.33,
    "High": 209.35,
    "Low": 201.67,
    "Close": 204.7,
    "Volume": 4668115
  },
  {
    "Date": "30-May-14",
    "Open": 210.3,
    "High": 214.8,
    "Low": 207.02,
    "Close": 207.77,
    "Volume": 5586068
  },
  {
    "Date": "29-May-14",
    "Open": 210.57,
    "High": 212.49,
    "Low": 207.72,
    "Close": 210.24,
    "Volume": 3694596
  },
  {
    "Date": "28-May-14",
    "Open": 210.02,
    "High": 212.77,
    "Low": 205.26,
    "Close": 210.24,
    "Volume": 5496278
  },
  {
    "Date": "27-May-14",
    "Open": 208.52,
    "High": 213.87,
    "Low": 207.7,
    "Close": 211.56,
    "Volume": 5346788
  },
  {
    "Date": "23-May-14",
    "Open": 204.53,
    "High": 207.76,
    "Low": 202.5,
    "Close": 207.3,
    "Volume": 4010931
  }
]